{"type": "FeatureCollection", "properties": {"fuente": "Meta y WRI, High Resolution Canopy Height Maps v1 (Tolan et al. 2024, Remote Sensing of Environment 300:113888), 1 m, CC BY 4.0", "tesela": "032221132", "imagenes": "Maxar, 2018-10-04 (toda Ciudad del Saber)", "error_absoluto_medio_altura_m": 2.8, "nota_error": "MAE de la validaci\u00f3n del art\u00edculo (lidar a\u00e9reo en otros sitios, no en Panam\u00e1); error medio (sesgo) 0,6 m", "metodo": "m\u00e1ximos locales del CHM suavizado (sigma 1 px, altura >= 3 m, separaci\u00f3n >= 2 px) y cuencas; la copa no baja de 0.5 veces la altura del pico ni pasa de un radio de 0.75 veces la altura; se quitan copas < 4.0 m2 y lo que cae en huellas de edificios de OSM", "aviso": "APROXIMADO: copas sacadas por nuestro script del mapa de altura de copa (un modelo sobre im\u00e1genes de 2018). No es un censo. Sin especie. Contra 24 \u00e1rboles de OSM, distancia mediana 4,9 m.", "bbox_cds": [-79.59, 8.9916, -79.5735, 9.0077]}, "features": [{"type": "Feature", "geometry": {"type": "Point", "coordinates": [-79.5864885, 9.0064376]}, "properties": {"altura_m": 30, "diametro_copa_m": 38.1, "en_bosque_osm": false, "copa_separada": false}}, {"type": "Feature", "geometry": {"type": "Point", "coordinates": [-79.5746117, 9.0055263]}, "properties": {"altura_m": 30, "diametro_copa_m": 26.3, "en_bosque_osm": false, "copa_separada": false}}, {"type": "Feature", "geometry": {"type": "Point", "coordinates": [-79.57812, 8.9936898]}, "properties": {"altura_m": 30, "diametro_copa_m": 40.8, "en_bosque_osm": true, "copa_separada": false}}, {"type": "Feature", "geometry": {"type": "Point", "coordinates": [-79.5746653, 8.9917929]}, "properties": {"altura_m": 29, "diametro_copa_m": 31.4, "en_bosque_osm": true, "copa_separada": false}}, {"type": "Feature", "geometry": {"type": "Point", "coordinates": [-79.5837956, 9.0049329]}, "properties": {"altura_m": 29, "diametro_copa_m": 30.7, "en_bosque_osm": false, "copa_separada": false}}, {"type": "Feature", "geometry": {"type": "Point", "coordinates": [-79.5839994, 9.0071264]}, "properties": {"altura_m": 29, "diametro_copa_m": 32.6, "en_bosque_osm": false, "copa_separada": false}}, {"type": "Feature", "geometry": {"type": "Point", "coordinates": [-79.5868855, 9.0075291]}, "properties": {"altura_m": 29, "diametro_copa_m": 29.4, "en_bosque_osm": false, "copa_separada": false}}, {"type": "Feature", "geometry": {"type": "Point", "coordinates": [-79.5740967, 9.0014042]}, "properties": {"altura_m": 29, "diametro_copa_m": 33.7, "en_bosque_osm": true, "copa_separada": false}}, {"type": "Feature", "geometry": {"type": "Point", "coordinates": [-79.5842891, 9.0063847]}, "properties": {"altura_m": 29, "diametro_copa_m": 35.1, "en_bosque_osm": false, "copa_separada": false}}, {"type": "Feature", "geometry": {"type": "Point", "coordinates": [-79.57444, 8.9919836]}, "properties": {"altura_m": 29, "diametro_copa_m": 27.2, "en_bosque_osm": true, "copa_separada": false}}, {"type": "Feature", "geometry": {"type": "Point", "coordinates": [-79.5850723, 9.0070416]}, "properties": {"altura_m": 29, "diametro_copa_m": 37.1, "en_bosque_osm": false, "copa_separada": false}}, {"type": "Feature", "geometry": {"type": "Point", "coordinates": [-79.5743971, 9.0061621]}, "properties": {"altura_m": 28, "diametro_copa_m": 37.3, "en_bosque_osm": false, "copa_separada": false}}, {"type": "Feature", "geometry": {"type": "Point", "coordinates": [-79.5813172, 9.0066496]}, "properties": {"altura_m": 28, "diametro_copa_m": 40.5, "en_bosque_osm": false, "copa_separada": false}}, {"type": "Feature", "geometry": {"type": "Point", "coordinates": [-79.585244, 9.0074337]}, "properties": {"altura_m": 28, "diametro_copa_m": 36.4, "en_bosque_osm": false, "copa_separada": false}}, {"type": "Feature", "geometry": {"type": "Point", "coordinates": [-79.5747404, 9.004562]}, "properties": {"altura_m": 28, "diametro_copa_m": 32.2, "en_bosque_osm": false, "copa_separada": false}}, {"type": "Feature", "geometry": {"type": "Point", "coordinates": [-79.5860594, 9.0073383]}, "properties": {"altura_m": 28, "diametro_copa_m": 36.5, "en_bosque_osm": false, "copa_separada": false}}, {"type": "Feature", "geometry": {"type": "Point", "coordinates": [-79.583581, 9.0064376]}, "properties": {"altura_m": 28, "diametro_copa_m": 38.4, "en_bosque_osm": false, "copa_separada": false}}, {"type": "Feature", "geometry": {"type": "Point", "coordinates": [-79.5842569, 9.0072006]}, "properties": {"altura_m": 28, "diametro_copa_m": 31.0, "en_bosque_osm": false, "copa_separada": false}}, {"type": "Feature", "geometry": {"type": "Point", "coordinates": [-79.5765965, 9.0074867]}, "properties": {"altura_m": 27, "diametro_copa_m": 29.9, "en_bosque_osm": false, "copa_separada": false}}, {"type": "Feature", "geometry": {"type": "Point", "coordinates": [-79.5874219, 9.0073172]}, "properties": {"altura_m": 27, "diametro_copa_m": 34.9, "en_bosque_osm": false, "copa_separada": false}}, {"type": "Feature", "geometry": {"type": "Point", "coordinates": [-79.5766931, 9.0075291]}, "properties": {"altura_m": 27, "diametro_copa_m": 29.8, "en_bosque_osm": false, "copa_separada": false}}, {"type": "Feature", "geometry": {"type": "Point", "coordinates": [-79.5797401, 8.9951309]}, "properties": {"altura_m": 27, "diametro_copa_m": 35.9, "en_bosque_osm": true, "copa_separada": false}}, {"type": "Feature", "geometry": {"type": "Point", "coordinates": [-79.5845251, 9.004668]}, "properties": {"altura_m": 27, "diametro_copa_m": 29.9, "en_bosque_osm": false, "copa_separada": false}}, {"type": "Feature", "geometry": {"type": "Point", "coordinates": [-79.5841604, 9.0066178]}, "properties": {"altura_m": 27, "diametro_copa_m": 33.5, "en_bosque_osm": false, "copa_separada": false}}, {"type": "Feature", "geometry": {"type": "Point", "coordinates": [-79.5792466, 8.993552]}, "properties": {"altura_m": 27, "diametro_copa_m": 28.4, "en_bosque_osm": true, "copa_separada": false}}, {"type": "Feature", "geometry": {"type": "Point", "coordinates": [-79.5817035, 9.0066072]}, "properties": {"altura_m": 27, "diametro_copa_m": 36.7, "en_bosque_osm": false, "copa_separada": true}}, {"type": "Feature", "geometry": {"type": "Point", "coordinates": [-79.5763927, 9.0074549]}, "properties": {"altura_m": 27, "diametro_copa_m": 36.0, "en_bosque_osm": false, "copa_separada": false}}, {"type": "Feature", "geometry": {"type": "Point", "coordinates": [-79.5839243, 9.0049541]}, "properties": {"altura_m": 27, "diametro_copa_m": 22.6, "en_bosque_osm": false, "copa_separada": false}}, {"type": "Feature", "geometry": {"type": "Point", "coordinates": [-79.5842033, 9.0046468]}, "properties": {"altura_m": 27, "diametro_copa_m": 20.6, "en_bosque_osm": false, "copa_separada": false}}, {"type": "Feature", "geometry": {"type": "Point", "coordinates": [-79.5849758, 9.0072748]}, "properties": {"altura_m": 27, "diametro_copa_m": 34.2, "en_bosque_osm": false, "copa_separada": false}}, {"type": "Feature", "geometry": {"type": "Point", "coordinates": [-79.5843749, 9.0061091]}, "properties": {"altura_m": 27, "diametro_copa_m": 37.8, "en_bosque_osm": false, "copa_separada": false}}, {"type": "Feature", "geometry": {"type": "Point", "coordinates": [-79.5744508, 9.0055263]}, "properties": {"altura_m": 27, "diametro_copa_m": 20.9, "en_bosque_osm": false, "copa_separada": false}}, {"type": "Feature", "geometry": {"type": "Point", "coordinates": [-79.5742469, 8.9989034]}, "properties": {"altura_m": 27, "diametro_copa_m": 26.9, "en_bosque_osm": true, "copa_separada": false}}, {"type": "Feature", "geometry": {"type": "Point", "coordinates": [-79.583978, 9.0044349]}, "properties": {"altura_m": 27, "diametro_copa_m": 27.5, "en_bosque_osm": false, "copa_separada": false}}, {"type": "Feature", "geometry": {"type": "Point", "coordinates": [-79.5870035, 9.0074337]}, "properties": {"altura_m": 27, "diametro_copa_m": 22.3, "en_bosque_osm": false, "copa_separada": false}}, {"type": "Feature", "geometry": {"type": "Point", "coordinates": [-79.5744722, 9.0051661]}, "properties": {"altura_m": 27, "diametro_copa_m": 25.7, "en_bosque_osm": false, "copa_separada": false}}, {"type": "Feature", "geometry": {"type": "Point", "coordinates": [-79.5827334, 9.0074337]}, "properties": {"altura_m": 27, "diametro_copa_m": 30.9, "en_bosque_osm": false, "copa_separada": false}}, {"type": "Feature", "geometry": {"type": "Point", "coordinates": [-79.5899969, 9.0059714]}, "properties": {"altura_m": 27, "diametro_copa_m": 22.9, "en_bosque_osm": false, "copa_separada": false}}, {"type": "Feature", "geometry": {"type": "Point", "coordinates": [-79.5792895, 8.9925983]}, "properties": {"altura_m": 27, "diametro_copa_m": 32.7, "en_bosque_osm": true, "copa_separada": false}}, {"type": "Feature", "geometry": {"type": "Point", "coordinates": [-79.5739572, 8.9991789]}, "properties": {"altura_m": 27, "diametro_copa_m": 19.0, "en_bosque_osm": true, "copa_separada": false}}, {"type": "Feature", "geometry": {"type": "Point", "coordinates": [-79.5830875, 9.0070734]}, "properties": {"altura_m": 27, "diametro_copa_m": 32.3, "en_bosque_osm": false, "copa_separada": false}}, {"type": "Feature", "geometry": {"type": "Point", "coordinates": [-79.5744722, 8.9918141]}, "properties": {"altura_m": 27, "diametro_copa_m": 27.1, "en_bosque_osm": true, "copa_separada": false}}, {"type": "Feature", "geometry": {"type": "Point", "coordinates": [-79.584096, 9.0063105]}, "properties": {"altura_m": 27, "diametro_copa_m": 19.1, "en_bosque_osm": false, "copa_separada": false}}, {"type": "Feature", "geometry": {"type": "Point", "coordinates": [-79.5739572, 8.9992743]}, "properties": {"altura_m": 27, "diametro_copa_m": 23.8, "en_bosque_osm": true, "copa_separada": false}}, {"type": "Feature", "geometry": {"type": "Point", "coordinates": [-79.5751374, 8.9916869]}, "properties": {"altura_m": 26, "diametro_copa_m": 33.9, "en_bosque_osm": true, "copa_separada": false}}, {"type": "Feature", "geometry": {"type": "Point", "coordinates": [-79.5796757, 8.9939017]}, "properties": {"altura_m": 26, "diametro_copa_m": 38.2, "en_bosque_osm": true, "copa_separada": false}}, {"type": "Feature", "geometry": {"type": "Point", "coordinates": [-79.5840531, 9.0050813]}, "properties": {"altura_m": 26, "diametro_copa_m": 26.7, "en_bosque_osm": false, "copa_separada": false}}, {"type": "Feature", "geometry": {"type": "Point", "coordinates": [-79.5755129, 9.0059184]}, "properties": {"altura_m": 26, "diametro_copa_m": 31.9, "en_bosque_osm": false, "copa_separada": false}}, {"type": "Feature", "geometry": {"type": "Point", "coordinates": [-79.5754271, 9.0059608]}, "properties": {"altura_m": 26, "diametro_copa_m": 31.9, "en_bosque_osm": false, "copa_separada": false}}, {"type": "Feature", "geometry": {"type": "Point", "coordinates": [-79.5875078, 9.0076033]}, "properties": {"altura_m": 26, "diametro_copa_m": 36.8, "en_bosque_osm": false, "copa_separada": false}}, {"type": "Feature", "geometry": {"type": "Point", "coordinates": [-79.5791285, 8.9933507]}, "properties": {"altura_m": 26, "diametro_copa_m": 32.5, "en_bosque_osm": true, "copa_separada": false}}, {"type": "Feature", "geometry": {"type": "Point", "coordinates": [-79.5840423, 9.0064482]}, "properties": {"altura_m": 26, "diametro_copa_m": 26.9, "en_bosque_osm": false, "copa_separada": false}}, {"type": "Feature", "geometry": {"type": "Point", "coordinates": [-79.5833772, 9.0052402]}, "properties": {"altura_m": 26, "diametro_copa_m": 33.2, "en_bosque_osm": false, "copa_separada": false}}, {"type": "Feature", "geometry": {"type": "Point", "coordinates": [-79.585362, 9.0075927]}, "properties": {"altura_m": 26, "diametro_copa_m": 30.0, "en_bosque_osm": false, "copa_separada": false}}, {"type": "Feature", "geometry": {"type": "Point", "coordinates": [-79.584611, 9.0072536]}, "properties": {"altura_m": 26, "diametro_copa_m": 34.4, "en_bosque_osm": false, "copa_separada": false}}, {"type": "Feature", "geometry": {"type": "Point", "coordinates": [-79.5766609, 8.9990306]}, "properties": {"altura_m": 26, "diametro_copa_m": 33.7, "en_bosque_osm": true, "copa_separada": false}}, {"type": "Feature", "geometry": {"type": "Point", "coordinates": [-79.5841389, 9.0070734]}, "properties": {"altura_m": 26, "diametro_copa_m": 27.8, "en_bosque_osm": false, "copa_separada": false}}, {"type": "Feature", "geometry": {"type": "Point", "coordinates": [-79.5846002, 9.0053144]}, "properties": {"altura_m": 26, "diametro_copa_m": 23.3, "en_bosque_osm": false, "copa_separada": false}}, {"type": "Feature", "geometry": {"type": "Point", "coordinates": [-79.5864778, 9.0072112]}, "properties": {"altura_m": 26, "diametro_copa_m": 31.1, "en_bosque_osm": false, "copa_separada": false}}, {"type": "Feature", "geometry": {"type": "Point", "coordinates": [-79.5839565, 9.0050389]}, "properties": {"altura_m": 26, "diametro_copa_m": 16.9, "en_bosque_osm": false, "copa_separada": false}}, {"type": "Feature", "geometry": {"type": "Point", "coordinates": [-79.5871859, 9.0067555]}, "properties": {"altura_m": 26, "diametro_copa_m": 33.7, "en_bosque_osm": false, "copa_separada": false}}, {"type": "Feature", "geometry": {"type": "Point", "coordinates": [-79.5872503, 9.0071794]}, "properties": {"altura_m": 26, "diametro_copa_m": 32.6, "en_bosque_osm": false, "copa_separada": false}}, {"type": "Feature", "geometry": {"type": "Point", "coordinates": [-79.5853513, 9.007243]}, "properties": {"altura_m": 26, "diametro_copa_m": 26.2, "en_bosque_osm": false, "copa_separada": false}}, {"type": "Feature", "geometry": {"type": "Point", "coordinates": [-79.5749014, 8.9916551]}, "properties": {"altura_m": 26, "diametro_copa_m": 28.8, "en_bosque_osm": true, "copa_separada": false}}, {"type": "Feature", "geometry": {"type": "Point", "coordinates": [-79.5860486, 9.0069887]}, "properties": {"altura_m": 26, "diametro_copa_m": 30.6, "en_bosque_osm": false, "copa_separada": false}}, {"type": "Feature", "geometry": {"type": "Point", "coordinates": [-79.583817, 9.0065648]}, "properties": {"altura_m": 26, "diametro_copa_m": 29.3, "en_bosque_osm": false, "copa_separada": false}}, {"type": "Feature", "geometry": {"type": "Point", "coordinates": [-79.5826905, 9.0075079]}, "properties": {"altura_m": 26, "diametro_copa_m": 17.0, "en_bosque_osm": false, "copa_separada": false}}, {"type": "Feature", "geometry": {"type": "Point", "coordinates": [-79.5744937, 9.0053462]}, "properties": {"altura_m": 26, "diametro_copa_m": 22.5, "en_bosque_osm": false, "copa_separada": false}}, {"type": "Feature", "geometry": {"type": "Point", "coordinates": [-79.5788067, 8.9924499]}, "properties": {"altura_m": 26, "diametro_copa_m": 27.7, "en_bosque_osm": true, "copa_separada": true}}, {"type": "Feature", "geometry": {"type": "Point", "coordinates": [-79.5875292, 9.0070628]}, "properties": {"altura_m": 26, "diametro_copa_m": 31.5, "en_bosque_osm": false, "copa_separada": false}}, {"type": "Feature", "geometry": {"type": "Point", "coordinates": [-79.5739358, 8.9972821]}, "properties": {"altura_m": 26, "diametro_copa_m": 29.9, "en_bosque_osm": false, "copa_separada": false}}, {"type": "Feature", "geometry": {"type": "Point", "coordinates": [-79.582551, 9.0075291]}, "properties": {"altura_m": 26, "diametro_copa_m": 19.8, "en_bosque_osm": false, "copa_separada": false}}, {"type": "Feature", "geometry": {"type": "Point", "coordinates": [-79.5865207, 9.0071052]}, "properties": {"altura_m": 26, "diametro_copa_m": 27.6, "en_bosque_osm": false, "copa_separada": false}}, {"type": "Feature", "geometry": {"type": "Point", "coordinates": [-79.5832591, 9.0054734]}, "properties": {"altura_m": 25, "diametro_copa_m": 29.6, "en_bosque_osm": false, "copa_separada": false}}, {"type": "Feature", "geometry": {"type": "Point", "coordinates": [-79.5822292, 9.0064694]}, "properties": {"altura_m": 25, "diametro_copa_m": 36.5, "en_bosque_osm": false, "copa_separada": true}}, {"type": "Feature", "geometry": {"type": "Point", "coordinates": [-79.5824116, 9.0076139]}, "properties": {"altura_m": 25, "diametro_copa_m": 26.5, "en_bosque_osm": false, "copa_separada": false}}, {"type": "Feature", "geometry": {"type": "Point", "coordinates": [-79.5741396, 9.0016056]}, "properties": {"altura_m": 25, "diametro_copa_m": 30.8, "en_bosque_osm": true, "copa_separada": false}}, {"type": "Feature", "geometry": {"type": "Point", "coordinates": [-79.5849221, 9.0075927]}, "properties": {"altura_m": 25, "diametro_copa_m": 33.6, "en_bosque_osm": false, "copa_separada": false}}, {"type": "Feature", "geometry": {"type": "Point", "coordinates": [-79.5743113, 9.0010651]}, "properties": {"altura_m": 25, "diametro_copa_m": 32.8, "en_bosque_osm": true, "copa_separada": false}}, {"type": "Feature", "geometry": {"type": "Point", "coordinates": [-79.5770579, 9.0074019]}, "properties": {"altura_m": 25, "diametro_copa_m": 37.5, "en_bosque_osm": false, "copa_separada": true}}, {"type": "Feature", "geometry": {"type": "Point", "coordinates": [-79.574601, 9.0046044]}, "properties": {"altura_m": 25, "diametro_copa_m": 30.2, "en_bosque_osm": false, "copa_separada": false}}, {"type": "Feature", "geometry": {"type": "Point", "coordinates": [-79.5766609, 8.9988398]}, "properties": {"altura_m": 25, "diametro_copa_m": 30.0, "en_bosque_osm": true, "copa_separada": false}}, {"type": "Feature", "geometry": {"type": "Point", "coordinates": [-79.5836239, 9.0051449]}, "properties": {"altura_m": 25, "diametro_copa_m": 26.2, "en_bosque_osm": false, "copa_separada": false}}, {"type": "Feature", "geometry": {"type": "Point", "coordinates": [-79.5834308, 9.0049541]}, "properties": {"altura_m": 25, "diametro_copa_m": 31.9, "en_bosque_osm": false, "copa_separada": false}}, {"type": "Feature", "geometry": {"type": "Point", "coordinates": [-79.5783883, 8.9968158]}, "properties": {"altura_m": 25, "diametro_copa_m": 37.5, "en_bosque_osm": true, "copa_separada": false}}, {"type": "Feature", "geometry": {"type": "Point", "coordinates": [-79.5750516, 8.9920048]}, "properties": {"altura_m": 25, "diametro_copa_m": 29.3, "en_bosque_osm": true, "copa_separada": false}}, {"type": "Feature", "geometry": {"type": "Point", "coordinates": [-79.5861881, 9.0069569]}, "properties": {"altura_m": 25, "diametro_copa_m": 30.3, "en_bosque_osm": false, "copa_separada": false}}, {"type": "Feature", "geometry": {"type": "Point", "coordinates": [-79.5843106, 9.0045514]}, "properties": {"altura_m": 25, "diametro_copa_m": 22.3, "en_bosque_osm": false, "copa_separada": false}}, {"type": "Feature", "geometry": {"type": "Point", "coordinates": [-79.5745902, 8.9988928]}, "properties": {"altura_m": 25, "diametro_copa_m": 30.5, "en_bosque_osm": true, "copa_separada": false}}, {"type": "Feature", "geometry": {"type": "Point", "coordinates": [-79.5844179, 9.0051343]}, "properties": {"altura_m": 25, "diametro_copa_m": 29.9, "en_bosque_osm": false, "copa_separada": false}}, {"type": "Feature", "geometry": {"type": "Point", "coordinates": [-79.5899754, 9.0063423]}, "properties": {"altura_m": 25, "diametro_copa_m": 21.7, "en_bosque_osm": false, "copa_separada": false}}, {"type": "Feature", "geometry": {"type": "Point", "coordinates": [-79.5747083, 8.992132]}, "properties": {"altura_m": 25, "diametro_copa_m": 25.0, "en_bosque_osm": true, "copa_separada": false}}, {"type": "Feature", "geometry": {"type": "Point", "coordinates": [-79.5737105, 9.0016586]}, "properties": {"altura_m": 25, "diametro_copa_m": 27.1, "en_bosque_osm": true, "copa_separada": false}}, {"type": "Feature", "geometry": {"type": "Point", "coordinates": [-79.5899754, 9.0065224]}, "properties": {"altura_m": 25, "diametro_copa_m": 25.7, "en_bosque_osm": false, "copa_separada": false}}, {"type": "Feature", "geometry": {"type": "Point", "coordinates": [-79.5839351, 9.0074655]}, "properties": {"altura_m": 25, "diametro_copa_m": 34.7, "en_bosque_osm": false, "copa_separada": false}}, {"type": "Feature", "geometry": {"type": "Point", "coordinates": [-79.5827978, 9.0067767]}, "properties": {"altura_m": 25, "diametro_copa_m": 33.2, "en_bosque_osm": false, "copa_separada": false}}, {"type": "Feature", "geometry": {"type": "Point", "coordinates": [-79.5836776, 9.0050389]}, "properties": {"altura_m": 25, "diametro_copa_m": 19.2, "en_bosque_osm": false, "copa_separada": false}}, {"type": "Feature", "geometry": {"type": "Point", "coordinates": [-79.5844822, 9.0049541]}, "properties": {"altura_m": 25, "diametro_copa_m": 22.4, "en_bosque_osm": false, "copa_separada": false}}, {"type": "Feature", "geometry": {"type": "Point", "coordinates": [-79.5899218, 9.0062151]}, "properties": {"altura_m": 25, "diametro_copa_m": 22.4, "en_bosque_osm": false, "copa_separada": false}}, {"type": "Feature", "geometry": {"type": "Point", "coordinates": [-79.5845466, 9.004827]}, "properties": {"altura_m": 25, "diametro_copa_m": 24.9, "en_bosque_osm": false, "copa_separada": false}}, {"type": "Feature", "geometry": {"type": "Point", "coordinates": [-79.5842784, 9.0049753]}, "properties": {"altura_m": 25, "diametro_copa_m": 23.1, "en_bosque_osm": false, "copa_separada": false}}, {"type": "Feature", "geometry": {"type": "Point", "coordinates": [-79.5834845, 9.0054098]}, "properties": {"altura_m": 25, "diametro_copa_m": 23.0, "en_bosque_osm": false, "copa_separada": false}}, {"type": "Feature", "geometry": {"type": "Point", "coordinates": [-79.5746546, 8.9920154]}, "properties": {"altura_m": 24, "diametro_copa_m": 23.0, "en_bosque_osm": true, "copa_separada": false}}, {"type": "Feature", "geometry": {"type": "Point", "coordinates": [-79.5824438, 9.0074231]}, "properties": {"altura_m": 24, "diametro_copa_m": 29.7, "en_bosque_osm": false, "copa_separada": false}}, {"type": "Feature", "geometry": {"type": "Point", "coordinates": [-79.5872074, 9.0075291]}, "properties": {"altura_m": 24, "diametro_copa_m": 32.6, "en_bosque_osm": false, "copa_separada": false}}, {"type": "Feature", "geometry": {"type": "Point", "coordinates": [-79.5749658, 9.0014254]}, "properties": {"altura_m": 24, "diametro_copa_m": 33.6, "en_bosque_osm": true, "copa_separada": false}}, {"type": "Feature", "geometry": {"type": "Point", "coordinates": [-79.575588, 9.0074337]}, "properties": {"altura_m": 24, "diametro_copa_m": 30.4, "en_bosque_osm": false, "copa_separada": false}}, {"type": "Feature", "geometry": {"type": "Point", "coordinates": [-79.5737212, 9.0047316]}, "properties": {"altura_m": 24, "diametro_copa_m": 24.0, "en_bosque_osm": false, "copa_separada": false}}, {"type": "Feature", "geometry": {"type": "Point", "coordinates": [-79.5775514, 9.0053568]}, "properties": {"altura_m": 24, "diametro_copa_m": 31.5, "en_bosque_osm": false, "copa_separada": false}}, {"type": "Feature", "geometry": {"type": "Point", "coordinates": [-79.5842998, 9.0076351]}, "properties": {"altura_m": 24, "diametro_copa_m": 31.2, "en_bosque_osm": false, "copa_separada": false}}, {"type": "Feature", "geometry": {"type": "Point", "coordinates": [-79.5863169, 9.0063635]}, "properties": {"altura_m": 24, "diametro_copa_m": 29.1, "en_bosque_osm": false, "copa_separada": false}}, {"type": "Feature", "geometry": {"type": "Point", "coordinates": [-79.5738178, 9.0011287]}, "properties": {"altura_m": 24, "diametro_copa_m": 30.4, "en_bosque_osm": true, "copa_separada": false}}, {"type": "Feature", "geometry": {"type": "Point", "coordinates": [-79.5832484, 9.007137]}, "properties": {"altura_m": 24, "diametro_copa_m": 27.8, "en_bosque_osm": false, "copa_separada": false}}, {"type": "Feature", "geometry": {"type": "Point", "coordinates": [-79.5830553, 9.0065224]}, "properties": {"altura_m": 24, "diametro_copa_m": 30.7, "en_bosque_osm": false, "copa_separada": false}}, {"type": "Feature", "geometry": {"type": "Point", "coordinates": [-79.5845895, 9.0058336]}, "properties": {"altura_m": 24, "diametro_copa_m": 28.9, "en_bosque_osm": false, "copa_separada": false}}, {"type": "Feature", "geometry": {"type": "Point", "coordinates": [-79.5839351, 9.0068721]}, "properties": {"altura_m": 24, "diametro_copa_m": 29.9, "en_bosque_osm": false, "copa_separada": false}}, {"type": "Feature", "geometry": {"type": "Point", "coordinates": [-79.5830231, 9.0072854]}, "properties": {"altura_m": 24, "diametro_copa_m": 26.3, "en_bosque_osm": false, "copa_separada": false}}, {"type": "Feature", "geometry": {"type": "Point", "coordinates": [-79.5738178, 9.0048058]}, "properties": {"altura_m": 24, "diametro_copa_m": 27.2, "en_bosque_osm": false, "copa_separada": false}}, {"type": "Feature", "geometry": {"type": "Point", "coordinates": [-79.589675, 9.0062151]}, "properties": {"altura_m": 24, "diametro_copa_m": 29.2, "en_bosque_osm": false, "copa_separada": false}}, {"type": "Feature", "geometry": {"type": "Point", "coordinates": [-79.5857482, 9.0060986]}, "properties": {"altura_m": 24, "diametro_copa_m": 34.5, "en_bosque_osm": false, "copa_separada": true}}, {"type": "Feature", "geometry": {"type": "Point", "coordinates": [-79.5838278, 9.004117]}, "properties": {"altura_m": 24, "diametro_copa_m": 33.0, "en_bosque_osm": false, "copa_separada": false}}, {"type": "Feature", "geometry": {"type": "Point", "coordinates": [-79.5781629, 8.9930751]}, "properties": {"altura_m": 24, "diametro_copa_m": 28.3, "en_bosque_osm": true, "copa_separada": false}}, {"type": "Feature", "geometry": {"type": "Point", "coordinates": [-79.5835381, 9.0049647]}, "properties": {"altura_m": 24, "diametro_copa_m": 20.7, "en_bosque_osm": false, "copa_separada": false}}, {"type": "Feature", "geometry": {"type": "Point", "coordinates": [-79.5738285, 9.0050283]}, "properties": {"altura_m": 24, "diametro_copa_m": 27.7, "en_bosque_osm": false, "copa_separada": false}}, {"type": "Feature", "geometry": {"type": "Point", "coordinates": [-79.5839565, 9.0061727]}, "properties": {"altura_m": 24, "diametro_copa_m": 21.5, "en_bosque_osm": false, "copa_separada": false}}, {"type": "Feature", "geometry": {"type": "Point", "coordinates": [-79.58386, 9.0051978]}, "properties": {"altura_m": 24, "diametro_copa_m": 26.4, "en_bosque_osm": false, "copa_separada": false}}, {"type": "Feature", "geometry": {"type": "Point", "coordinates": [-79.5748263, 8.9920896]}, "properties": {"altura_m": 24, "diametro_copa_m": 23.5, "en_bosque_osm": true, "copa_separada": false}}, {"type": "Feature", "geometry": {"type": "Point", "coordinates": [-79.5761781, 8.9996664]}, "properties": {"altura_m": 24, "diametro_copa_m": 28.9, "en_bosque_osm": true, "copa_separada": false}}, {"type": "Feature", "geometry": {"type": "Point", "coordinates": [-79.584096, 9.0045726]}, "properties": {"altura_m": 24, "diametro_copa_m": 20.0, "en_bosque_osm": false, "copa_separada": false}}, {"type": "Feature", "geometry": {"type": "Point", "coordinates": [-79.5830982, 9.007243]}, "properties": {"altura_m": 24, "diametro_copa_m": 15.8, "en_bosque_osm": false, "copa_separada": false}}, {"type": "Feature", "geometry": {"type": "Point", "coordinates": [-79.584096, 9.0044667]}, "properties": {"altura_m": 24, "diametro_copa_m": 22.9, "en_bosque_osm": false, "copa_separada": false}}, {"type": "Feature", "geometry": {"type": "Point", "coordinates": [-79.5839672, 9.0062787]}, "properties": {"altura_m": 24, "diametro_copa_m": 18.3, "en_bosque_osm": false, "copa_separada": false}}, {"type": "Feature", "geometry": {"type": "Point", "coordinates": [-79.5791285, 8.992238]}, "properties": {"altura_m": 24, "diametro_copa_m": 23.8, "en_bosque_osm": true, "copa_separada": false}}, {"type": "Feature", "geometry": {"type": "Point", "coordinates": [-79.5835381, 9.0073172]}, "properties": {"altura_m": 24, "diametro_copa_m": 33.1, "en_bosque_osm": false, "copa_separada": false}}, {"type": "Feature", "geometry": {"type": "Point", "coordinates": [-79.5834201, 9.0063105]}, "properties": {"altura_m": 24, "diametro_copa_m": 28.9, "en_bosque_osm": false, "copa_separada": false}}, {"type": "Feature", "geometry": {"type": "Point", "coordinates": [-79.5740216, 9.0049329]}, "properties": {"altura_m": 24, "diametro_copa_m": 32.1, "en_bosque_osm": false, "copa_separada": false}}, {"type": "Feature", "geometry": {"type": "Point", "coordinates": [-79.5739787, 9.0062257]}, "properties": {"altura_m": 24, "diametro_copa_m": 24.7, "en_bosque_osm": false, "copa_separada": false}}, {"type": "Feature", "geometry": {"type": "Point", "coordinates": [-79.5829373, 9.0076668]}, "properties": {"altura_m": 24, "diametro_copa_m": 29.3, "en_bosque_osm": false, "copa_separada": false}}, {"type": "Feature", "geometry": {"type": "Point", "coordinates": [-79.5869177, 9.0073278]}, "properties": {"altura_m": 24, "diametro_copa_m": 29.2, "en_bosque_osm": false, "copa_separada": false}}, {"type": "Feature", "geometry": {"type": "Point", "coordinates": [-79.5778518, 8.9957138]}, "properties": {"altura_m": 24, "diametro_copa_m": 19.2, "en_bosque_osm": true, "copa_separada": false}}, {"type": "Feature", "geometry": {"type": "Point", "coordinates": [-79.5841604, 9.0074337]}, "properties": {"altura_m": 24, "diametro_copa_m": 28.4, "en_bosque_osm": false, "copa_separada": false}}, {"type": "Feature", "geometry": {"type": "Point", "coordinates": [-79.5773905, 9.0071794]}, "properties": {"altura_m": 24, "diametro_copa_m": 24.6, "en_bosque_osm": false, "copa_separada": false}}, {"type": "Feature", "geometry": {"type": "Point", "coordinates": [-79.589911, 9.005823]}, "properties": {"altura_m": 23, "diametro_copa_m": 27.2, "en_bosque_osm": false, "copa_separada": false}}, {"type": "Feature", "geometry": {"type": "Point", "coordinates": [-79.5871859, 9.0069675]}, "properties": {"altura_m": 23, "diametro_copa_m": 26.9, "en_bosque_osm": false, "copa_separada": false}}, {"type": "Feature", "geometry": {"type": "Point", "coordinates": [-79.5897072, 9.0058972]}, "properties": {"altura_m": 23, "diametro_copa_m": 23.4, "en_bosque_osm": false, "copa_separada": false}}, {"type": "Feature", "geometry": {"type": "Point", "coordinates": [-79.5896321, 9.006427]}, "properties": {"altura_m": 23, "diametro_copa_m": 32.7, "en_bosque_osm": false, "copa_separada": false}}, {"type": "Feature", "geometry": {"type": "Point", "coordinates": [-79.5857375, 9.0065754]}, "properties": {"altura_m": 23, "diametro_copa_m": 23.7, "en_bosque_osm": false, "copa_separada": false}}, {"type": "Feature", "geometry": {"type": "Point", "coordinates": [-79.5735817, 9.0046786]}, "properties": {"altura_m": 23, "diametro_copa_m": 28.1, "en_bosque_osm": false, "copa_separada": false}}, {"type": "Feature", "geometry": {"type": "Point", "coordinates": [-79.5759635, 8.9998041]}, "properties": {"altura_m": 23, "diametro_copa_m": 31.0, "en_bosque_osm": true, "copa_separada": false}}, {"type": "Feature", "geometry": {"type": "Point", "coordinates": [-79.5830553, 9.006639]}, "properties": {"altura_m": 23, "diametro_copa_m": 24.7, "en_bosque_osm": false, "copa_separada": false}}, {"type": "Feature", "geometry": {"type": "Point", "coordinates": [-79.5755451, 9.0049435]}, "properties": {"altura_m": 23, "diametro_copa_m": 33.6, "en_bosque_osm": false, "copa_separada": false}}, {"type": "Feature", "geometry": {"type": "Point", "coordinates": [-79.5802873, 9.0075927]}, "properties": {"altura_m": 23, "diametro_copa_m": 34.3, "en_bosque_osm": false, "copa_separada": false}}, {"type": "Feature", "geometry": {"type": "Point", "coordinates": [-79.5743113, 9.0053462]}, "properties": {"altura_m": 23, "diametro_copa_m": 29.6, "en_bosque_osm": false, "copa_separada": false}}, {"type": "Feature", "geometry": {"type": "Point", "coordinates": [-79.5897286, 9.006035]}, "properties": {"altura_m": 23, "diametro_copa_m": 21.2, "en_bosque_osm": false, "copa_separada": false}}, {"type": "Feature", "geometry": {"type": "Point", "coordinates": [-79.5743006, 9.0050813]}, "properties": {"altura_m": 23, "diametro_copa_m": 30.1, "en_bosque_osm": false, "copa_separada": false}}, {"type": "Feature", "geometry": {"type": "Point", "coordinates": [-79.5849972, 9.0061091]}, "properties": {"altura_m": 23, "diametro_copa_m": 29.3, "en_bosque_osm": false, "copa_separada": false}}, {"type": "Feature", "geometry": {"type": "Point", "coordinates": [-79.5740109, 9.0008532]}, "properties": {"altura_m": 23, "diametro_copa_m": 25.3, "en_bosque_osm": true, "copa_separada": false}}, {"type": "Feature", "geometry": {"type": "Point", "coordinates": [-79.5858341, 9.0074443]}, "properties": {"altura_m": 23, "diametro_copa_m": 32.3, "en_bosque_osm": false, "copa_separada": false}}, {"type": "Feature", "geometry": {"type": "Point", "coordinates": [-79.5869821, 9.0068827]}, "properties": {"altura_m": 23, "diametro_copa_m": 26.6, "en_bosque_osm": false, "copa_separada": false}}, {"type": "Feature", "geometry": {"type": "Point", "coordinates": [-79.5780878, 8.9971761]}, "properties": {"altura_m": 23, "diametro_copa_m": 27.1, "en_bosque_osm": true, "copa_separada": false}}, {"type": "Feature", "geometry": {"type": "Point", "coordinates": [-79.5738714, 9.0035024]}, "properties": {"altura_m": 23, "diametro_copa_m": 32.6, "en_bosque_osm": false, "copa_separada": false}}, {"type": "Feature", "geometry": {"type": "Point", "coordinates": [-79.57547, 9.0075185]}, "properties": {"altura_m": 23, "diametro_copa_m": 27.4, "en_bosque_osm": false, "copa_separada": false}}, {"type": "Feature", "geometry": {"type": "Point", "coordinates": [-79.577251, 9.0054098]}, "properties": {"altura_m": 23, "diametro_copa_m": 30.0, "en_bosque_osm": false, "copa_separada": false}}, {"type": "Feature", "geometry": {"type": "Point", "coordinates": [-79.5846646, 9.0057171]}, "properties": {"altura_m": 23, "diametro_copa_m": 29.0, "en_bosque_osm": false, "copa_separada": false}}, {"type": "Feature", "geometry": {"type": "Point", "coordinates": [-79.5897179, 9.0057595]}, "properties": {"altura_m": 23, "diametro_copa_m": 22.9, "en_bosque_osm": false, "copa_separada": false}}, {"type": "Feature", "geometry": {"type": "Point", "coordinates": [-79.5748477, 8.9919731]}, "properties": {"altura_m": 23, "diametro_copa_m": 23.7, "en_bosque_osm": true, "copa_separada": false}}, {"type": "Feature", "geometry": {"type": "Point", "coordinates": [-79.5740967, 9.0037355]}, "properties": {"altura_m": 23, "diametro_copa_m": 33.7, "en_bosque_osm": false, "copa_separada": false}}, {"type": "Feature", "geometry": {"type": "Point", "coordinates": [-79.5869284, 9.0067767]}, "properties": {"altura_m": 23, "diametro_copa_m": 21.9, "en_bosque_osm": false, "copa_separada": false}}, {"type": "Feature", "geometry": {"type": "Point", "coordinates": [-79.5876794, 9.0072536]}, "properties": {"altura_m": 23, "diametro_copa_m": 28.8, "en_bosque_osm": false, "copa_separada": false}}, {"type": "Feature", "geometry": {"type": "Point", "coordinates": [-79.5853835, 9.0070205]}, "properties": {"altura_m": 23, "diametro_copa_m": 26.8, "en_bosque_osm": false, "copa_separada": false}}, {"type": "Feature", "geometry": {"type": "Point", "coordinates": [-79.5831626, 9.0068191]}, "properties": {"altura_m": 23, "diametro_copa_m": 29.6, "en_bosque_osm": false, "copa_separada": false}}, {"type": "Feature", "geometry": {"type": "Point", "coordinates": [-79.5843535, 9.0068085]}, "properties": {"altura_m": 23, "diametro_copa_m": 27.9, "en_bosque_osm": false, "copa_separada": false}}, {"type": "Feature", "geometry": {"type": "Point", "coordinates": [-79.5841067, 9.004827]}, "properties": {"altura_m": 23, "diametro_copa_m": 23.5, "en_bosque_osm": false, "copa_separada": false}}, {"type": "Feature", "geometry": {"type": "Point", "coordinates": [-79.5756309, 9.0045197]}, "properties": {"altura_m": 23, "diametro_copa_m": 32.5, "en_bosque_osm": false, "copa_separada": false}}, {"type": "Feature", "geometry": {"type": "Point", "coordinates": [-79.5752125, 9.0008532]}, "properties": {"altura_m": 23, "diametro_copa_m": 21.9, "en_bosque_osm": true, "copa_separada": false}}, {"type": "Feature", "geometry": {"type": "Point", "coordinates": [-79.5844286, 9.0053462]}, "properties": {"altura_m": 23, "diametro_copa_m": 21.2, "en_bosque_osm": false, "copa_separada": false}}, {"type": "Feature", "geometry": {"type": "Point", "coordinates": [-79.5839565, 9.0067449]}, "properties": {"altura_m": 23, "diametro_copa_m": 19.4, "en_bosque_osm": false, "copa_separada": false}}, {"type": "Feature", "geometry": {"type": "Point", "coordinates": [-79.5834952, 9.0056111]}, "properties": {"altura_m": 23, "diametro_copa_m": 25.9, "en_bosque_osm": false, "copa_separada": false}}, {"type": "Feature", "geometry": {"type": "Point", "coordinates": [-79.5837849, 9.0044031]}, "properties": {"altura_m": 23, "diametro_copa_m": 28.0, "en_bosque_osm": false, "copa_separada": false}}, {"type": "Feature", "geometry": {"type": "Point", "coordinates": [-79.5764249, 8.9986597]}, "properties": {"altura_m": 23, "diametro_copa_m": 21.4, "en_bosque_osm": true, "copa_separada": false}}, {"type": "Feature", "geometry": {"type": "Point", "coordinates": [-79.5781522, 8.9931811]}, "properties": {"altura_m": 23, "diametro_copa_m": 19.4, "en_bosque_osm": true, "copa_separada": false}}, {"type": "Feature", "geometry": {"type": "Point", "coordinates": [-79.5750945, 9.0009592]}, "properties": {"altura_m": 23, "diametro_copa_m": 22.6, "en_bosque_osm": true, "copa_separada": false}}, {"type": "Feature", "geometry": {"type": "Point", "coordinates": [-79.5837098, 9.00719]}, "properties": {"altura_m": 23, "diametro_copa_m": 28.7, "en_bosque_osm": false, "copa_separada": false}}, {"type": "Feature", "geometry": {"type": "Point", "coordinates": [-79.5780986, 8.9932871]}, "properties": {"altura_m": 23, "diametro_copa_m": 27.1, "en_bosque_osm": true, "copa_separada": false}}, {"type": "Feature", "geometry": {"type": "Point", "coordinates": [-79.5793646, 8.992238]}, "properties": {"altura_m": 23, "diametro_copa_m": 27.1, "en_bosque_osm": true, "copa_separada": false}}, {"type": "Feature", "geometry": {"type": "Point", "coordinates": [-79.5775943, 9.0064164]}, "properties": {"altura_m": 23, "diametro_copa_m": 26.5, "en_bosque_osm": false, "copa_separada": false}}, {"type": "Feature", "geometry": {"type": "Point", "coordinates": [-79.5818859, 9.0076562]}, "properties": {"altura_m": 23, "diametro_copa_m": 26.8, "en_bosque_osm": false, "copa_separada": false}}, {"type": "Feature", "geometry": {"type": "Point", "coordinates": [-79.5738285, 9.0018811]}, "properties": {"altura_m": 23, "diametro_copa_m": 27.2, "en_bosque_osm": true, "copa_separada": false}}, {"type": "Feature", "geometry": {"type": "Point", "coordinates": [-79.5802873, 8.9947706]}, "properties": {"altura_m": 23, "diametro_copa_m": 27.7, "en_bosque_osm": true, "copa_separada": false}}, {"type": "Feature", "geometry": {"type": "Point", "coordinates": [-79.576618, 8.9982146]}, "properties": {"altura_m": 23, "diametro_copa_m": 17.0, "en_bosque_osm": true, "copa_separada": false}}, {"type": "Feature", "geometry": {"type": "Point", "coordinates": [-79.583345, 9.007688]}, "properties": {"altura_m": 23, "diametro_copa_m": 24.6, "en_bosque_osm": false, "copa_separada": false}}, {"type": "Feature", "geometry": {"type": "Point", "coordinates": [-79.586864, 9.0066602]}, "properties": {"altura_m": 23, "diametro_copa_m": 21.5, "en_bosque_osm": false, "copa_separada": false}}, {"type": "Feature", "geometry": {"type": "Point", "coordinates": [-79.5738285, 9.005929]}, "properties": {"altura_m": 23, "diametro_copa_m": 27.6, "en_bosque_osm": false, "copa_separada": false}}, {"type": "Feature", "geometry": {"type": "Point", "coordinates": [-79.5898145, 9.006088]}, "properties": {"altura_m": 23, "diametro_copa_m": 18.3, "en_bosque_osm": false, "copa_separada": false}}, {"type": "Feature", "geometry": {"type": "Point", "coordinates": [-79.5752018, 9.000938]}, "properties": {"altura_m": 23, "diametro_copa_m": 18.3, "en_bosque_osm": true, "copa_separada": false}}, {"type": "Feature", "geometry": {"type": "Point", "coordinates": [-79.5845251, 9.0054522]}, "properties": {"altura_m": 23, "diametro_copa_m": 25.1, "en_bosque_osm": false, "copa_separada": false}}, {"type": "Feature", "geometry": {"type": "Point", "coordinates": [-79.5770579, 8.9973669]}, "properties": {"altura_m": 23, "diametro_copa_m": 14.0, "en_bosque_osm": true, "copa_separada": true}}, {"type": "Feature", "geometry": {"type": "Point", "coordinates": [-79.5779913, 8.9971867]}, "properties": {"altura_m": 23, "diametro_copa_m": 26.0, "en_bosque_osm": true, "copa_separada": false}}, {"type": "Feature", "geometry": {"type": "Point", "coordinates": [-79.5746117, 8.9923757]}, "properties": {"altura_m": 23, "diametro_copa_m": 30.5, "en_bosque_osm": true, "copa_separada": false}}, {"type": "Feature", "geometry": {"type": "Point", "coordinates": [-79.5786457, 8.9965191]}, "properties": {"altura_m": 23, "diametro_copa_m": 18.8, "en_bosque_osm": true, "copa_separada": false}}, {"type": "Feature", "geometry": {"type": "Point", "coordinates": [-79.5751696, 8.9997617]}, "properties": {"altura_m": 23, "diametro_copa_m": 19.8, "en_bosque_osm": true, "copa_separada": true}}, {"type": "Feature", "geometry": {"type": "Point", "coordinates": [-79.5845573, 9.0074867]}, "properties": {"altura_m": 23, "diametro_copa_m": 19.6, "en_bosque_osm": false, "copa_separada": false}}, {"type": "Feature", "geometry": {"type": "Point", "coordinates": [-79.5759957, 9.0040004]}, "properties": {"altura_m": 23, "diametro_copa_m": 20.7, "en_bosque_osm": false, "copa_separada": false}}, {"type": "Feature", "geometry": {"type": "Point", "coordinates": [-79.5764785, 8.9985749]}, "properties": {"altura_m": 23, "diametro_copa_m": 20.4, "en_bosque_osm": true, "copa_separada": false}}, {"type": "Feature", "geometry": {"type": "Point", "coordinates": [-79.5761137, 9.003958]}, "properties": {"altura_m": 22, "diametro_copa_m": 25.7, "en_bosque_osm": false, "copa_separada": false}}, {"type": "Feature", "geometry": {"type": "Point", "coordinates": [-79.5760601, 9.0040004]}, "properties": {"altura_m": 22, "diametro_copa_m": 17.3, "en_bosque_osm": false, "copa_separada": false}}, {"type": "Feature", "geometry": {"type": "Point", "coordinates": [-79.5864885, 9.0067979]}, "properties": {"altura_m": 22, "diametro_copa_m": 27.6, "en_bosque_osm": false, "copa_separada": false}}, {"type": "Feature", "geometry": {"type": "Point", "coordinates": [-79.5744293, 9.0016586]}, "properties": {"altura_m": 22, "diametro_copa_m": 31.0, "en_bosque_osm": true, "copa_separada": false}}, {"type": "Feature", "geometry": {"type": "Point", "coordinates": [-79.5743757, 9.0043501]}, "properties": {"altura_m": 22, "diametro_copa_m": 32.0, "en_bosque_osm": false, "copa_separada": false}}, {"type": "Feature", "geometry": {"type": "Point", "coordinates": [-79.5735495, 9.0040746]}, "properties": {"altura_m": 22, "diametro_copa_m": 25.0, "en_bosque_osm": false, "copa_separada": false}}, {"type": "Feature", "geometry": {"type": "Point", "coordinates": [-79.5859843, 9.0066602]}, "properties": {"altura_m": 22, "diametro_copa_m": 20.6, "en_bosque_osm": false, "copa_separada": false}}, {"type": "Feature", "geometry": {"type": "Point", "coordinates": [-79.5740323, 9.0031633]}, "properties": {"altura_m": 22, "diametro_copa_m": 27.9, "en_bosque_osm": false, "copa_separada": false}}, {"type": "Feature", "geometry": {"type": "Point", "coordinates": [-79.5857268, 9.0064376]}, "properties": {"altura_m": 22, "diametro_copa_m": 26.4, "en_bosque_osm": false, "copa_separada": false}}, {"type": "Feature", "geometry": {"type": "Point", "coordinates": [-79.5803302, 8.9948766]}, "properties": {"altura_m": 22, "diametro_copa_m": 28.2, "en_bosque_osm": true, "copa_separada": false}}, {"type": "Feature", "geometry": {"type": "Point", "coordinates": [-79.5859628, 9.0067026]}, "properties": {"altura_m": 22, "diametro_copa_m": 20.8, "en_bosque_osm": false, "copa_separada": false}}, {"type": "Feature", "geometry": {"type": "Point", "coordinates": [-79.5792466, 8.992789]}, "properties": {"altura_m": 22, "diametro_copa_m": 24.4, "en_bosque_osm": true, "copa_separada": false}}, {"type": "Feature", "geometry": {"type": "Point", "coordinates": [-79.585759, 9.0071052]}, "properties": {"altura_m": 22, "diametro_copa_m": 29.1, "en_bosque_osm": false, "copa_separada": false}}, {"type": "Feature", "geometry": {"type": "Point", "coordinates": [-79.574086, 9.0061303]}, "properties": {"altura_m": 22, "diametro_copa_m": 28.1, "en_bosque_osm": false, "copa_separada": false}}, {"type": "Feature", "geometry": {"type": "Point", "coordinates": [-79.5895999, 9.0057913]}, "properties": {"altura_m": 22, "diametro_copa_m": 25.0, "en_bosque_osm": false, "copa_separada": false}}, {"type": "Feature", "geometry": {"type": "Point", "coordinates": [-79.5773905, 9.0070416]}, "properties": {"altura_m": 22, "diametro_copa_m": 25.4, "en_bosque_osm": false, "copa_separada": false}}, {"type": "Feature", "geometry": {"type": "Point", "coordinates": [-79.5742362, 9.0009062]}, "properties": {"altura_m": 22, "diametro_copa_m": 27.0, "en_bosque_osm": true, "copa_separada": false}}, {"type": "Feature", "geometry": {"type": "Point", "coordinates": [-79.5859628, 9.0064059]}, "properties": {"altura_m": 22, "diametro_copa_m": 22.8, "en_bosque_osm": false, "copa_separada": false}}, {"type": "Feature", "geometry": {"type": "Point", "coordinates": [-79.5859521, 9.0063529]}, "properties": {"altura_m": 22, "diametro_copa_m": 22.7, "en_bosque_osm": false, "copa_separada": false}}, {"type": "Feature", "geometry": {"type": "Point", "coordinates": [-79.5896535, 8.9921532]}, "properties": {"altura_m": 22, "diametro_copa_m": 32.5, "en_bosque_osm": false, "copa_separada": false}}, {"type": "Feature", "geometry": {"type": "Point", "coordinates": [-79.5736783, 9.003958]}, "properties": {"altura_m": 22, "diametro_copa_m": 28.3, "en_bosque_osm": false, "copa_separada": false}}, {"type": "Feature", "geometry": {"type": "Point", "coordinates": [-79.5852869, 9.0054628]}, "properties": {"altura_m": 22, "diametro_copa_m": 31.0, "en_bosque_osm": false, "copa_separada": false}}, {"type": "Feature", "geometry": {"type": "Point", "coordinates": [-79.5865207, 9.0066178]}, "properties": {"altura_m": 22, "diametro_copa_m": 23.2, "en_bosque_osm": false, "copa_separada": false}}, {"type": "Feature", "geometry": {"type": "Point", "coordinates": [-79.5857375, 9.0068933]}, "properties": {"altura_m": 22, "diametro_copa_m": 26.7, "en_bosque_osm": false, "copa_separada": false}}, {"type": "Feature", "geometry": {"type": "Point", "coordinates": [-79.589042, 8.9919731]}, "properties": {"altura_m": 22, "diametro_copa_m": 27.4, "en_bosque_osm": false, "copa_separada": false}}, {"type": "Feature", "geometry": {"type": "Point", "coordinates": [-79.5833557, 9.0075503]}, "properties": {"altura_m": 22, "diametro_copa_m": 27.7, "en_bosque_osm": false, "copa_separada": false}}, {"type": "Feature", "geometry": {"type": "Point", "coordinates": [-79.5740967, 9.006586]}, "properties": {"altura_m": 22, "diametro_copa_m": 29.9, "en_bosque_osm": false, "copa_separada": false}}, {"type": "Feature", "geometry": {"type": "Point", "coordinates": [-79.5749979, 9.0007472]}, "properties": {"altura_m": 22, "diametro_copa_m": 21.0, "en_bosque_osm": true, "copa_separada": false}}, {"type": "Feature", "geometry": {"type": "Point", "coordinates": [-79.5741504, 8.9920366]}, "properties": {"altura_m": 22, "diametro_copa_m": 19.9, "en_bosque_osm": true, "copa_separada": false}}, {"type": "Feature", "geometry": {"type": "Point", "coordinates": [-79.5826691, 9.0069251]}, "properties": {"altura_m": 22, "diametro_copa_m": 28.1, "en_bosque_osm": false, "copa_separada": false}}, {"type": "Feature", "geometry": {"type": "Point", "coordinates": [-79.574719, 9.0053144]}, "properties": {"altura_m": 22, "diametro_copa_m": 23.4, "en_bosque_osm": false, "copa_separada": false}}, {"type": "Feature", "geometry": {"type": "Point", "coordinates": [-79.584214, 9.0050813]}, "properties": {"altura_m": 22, "diametro_copa_m": 16.6, "en_bosque_osm": false, "copa_separada": false}}, {"type": "Feature", "geometry": {"type": "Point", "coordinates": [-79.5782595, 8.992895]}, "properties": {"altura_m": 22, "diametro_copa_m": 23.7, "en_bosque_osm": true, "copa_separada": false}}, {"type": "Feature", "geometry": {"type": "Point", "coordinates": [-79.5769828, 9.0070946]}, "properties": {"altura_m": 22, "diametro_copa_m": 26.2, "en_bosque_osm": false, "copa_separada": false}}, {"type": "Feature", "geometry": {"type": "Point", "coordinates": [-79.5739465, 9.0046468]}, "properties": {"altura_m": 22, "diametro_copa_m": 28.6, "en_bosque_osm": false, "copa_separada": false}}, {"type": "Feature", "geometry": {"type": "Point", "coordinates": [-79.5751052, 9.000779]}, "properties": {"altura_m": 22, "diametro_copa_m": 21.3, "en_bosque_osm": true, "copa_separada": false}}, {"type": "Feature", "geometry": {"type": "Point", "coordinates": [-79.5843642, 9.0074655]}, "properties": {"altura_m": 22, "diametro_copa_m": 24.1, "en_bosque_osm": false, "copa_separada": false}}, {"type": "Feature", "geometry": {"type": "Point", "coordinates": [-79.5867031, 9.0065754]}, "properties": {"altura_m": 22, "diametro_copa_m": 22.3, "en_bosque_osm": false, "copa_separada": false}}, {"type": "Feature", "geometry": {"type": "Point", "coordinates": [-79.5857804, 9.0067237]}, "properties": {"altura_m": 22, "diametro_copa_m": 21.3, "en_bosque_osm": false, "copa_separada": false}}, {"type": "Feature", "geometry": {"type": "Point", "coordinates": [-79.5744937, 8.9921214]}, "properties": {"altura_m": 22, "diametro_copa_m": 18.6, "en_bosque_osm": true, "copa_separada": false}}, {"type": "Feature", "geometry": {"type": "Point", "coordinates": [-79.5772725, 9.006586]}, "properties": {"altura_m": 22, "diametro_copa_m": 28.5, "en_bosque_osm": false, "copa_separada": false}}, {"type": "Feature", "geometry": {"type": "Point", "coordinates": [-79.5765214, 8.9984266]}, "properties": {"altura_m": 22, "diametro_copa_m": 19.7, "en_bosque_osm": true, "copa_separada": false}}, {"type": "Feature", "geometry": {"type": "Point", "coordinates": [-79.582197, 9.0073595]}, "properties": {"altura_m": 22, "diametro_copa_m": 16.8, "en_bosque_osm": false, "copa_separada": false}}, {"type": "Feature", "geometry": {"type": "Point", "coordinates": [-79.5840745, 9.0061939]}, "properties": {"altura_m": 22, "diametro_copa_m": 15.1, "en_bosque_osm": false, "copa_separada": false}}, {"type": "Feature", "geometry": {"type": "Point", "coordinates": [-79.5784204, 8.9931387]}, "properties": {"altura_m": 22, "diametro_copa_m": 26.0, "en_bosque_osm": true, "copa_separada": false}}, {"type": "Feature", "geometry": {"type": "Point", "coordinates": [-79.5822184, 9.0074549]}, "properties": {"altura_m": 22, "diametro_copa_m": 20.0, "en_bosque_osm": false, "copa_separada": false}}, {"type": "Feature", "geometry": {"type": "Point", "coordinates": [-79.5858984, 9.006586]}, "properties": {"altura_m": 22, "diametro_copa_m": 19.9, "en_bosque_osm": false, "copa_separada": false}}, {"type": "Feature", "geometry": {"type": "Point", "coordinates": [-79.585083, 9.0059926]}, "properties": {"altura_m": 22, "diametro_copa_m": 26.6, "en_bosque_osm": false, "copa_separada": false}}, {"type": "Feature", "geometry": {"type": "Point", "coordinates": [-79.5837956, 9.0056217]}, "properties": {"altura_m": 22, "diametro_copa_m": 19.8, "en_bosque_osm": false, "copa_separada": false}}, {"type": "Feature", "geometry": {"type": "Point", "coordinates": [-79.5753091, 9.0046786]}, "properties": {"altura_m": 22, "diametro_copa_m": 29.8, "en_bosque_osm": false, "copa_separada": false}}, {"type": "Feature", "geometry": {"type": "Point", "coordinates": [-79.5739036, 9.0066496]}, "properties": {"altura_m": 22, "diametro_copa_m": 29.2, "en_bosque_osm": false, "copa_separada": false}}, {"type": "Feature", "geometry": {"type": "Point", "coordinates": [-79.5760708, 8.9998147]}, "properties": {"altura_m": 22, "diametro_copa_m": 16.2, "en_bosque_osm": true, "copa_separada": false}}, {"type": "Feature", "geometry": {"type": "Point", "coordinates": [-79.5775407, 9.005484]}, "properties": {"altura_m": 22, "diametro_copa_m": 16.4, "en_bosque_osm": false, "copa_separada": false}}, {"type": "Feature", "geometry": {"type": "Point", "coordinates": [-79.5786028, 8.9966251]}, "properties": {"altura_m": 22, "diametro_copa_m": 22.7, "en_bosque_osm": true, "copa_separada": false}}, {"type": "Feature", "geometry": {"type": "Point", "coordinates": [-79.574204, 8.9919625]}, "properties": {"altura_m": 22, "diametro_copa_m": 24.5, "en_bosque_osm": true, "copa_separada": false}}, {"type": "Feature", "geometry": {"type": "Point", "coordinates": [-79.5757168, 9.0047422]}, "properties": {"altura_m": 22, "diametro_copa_m": 30.9, "en_bosque_osm": false, "copa_separada": false}}, {"type": "Feature", "geometry": {"type": "Point", "coordinates": [-79.5845359, 9.0073913]}, "properties": {"altura_m": 22, "diametro_copa_m": 19.1, "en_bosque_osm": false, "copa_separada": false}}, {"type": "Feature", "geometry": {"type": "Point", "coordinates": [-79.580534, 9.0074019]}, "properties": {"altura_m": 22, "diametro_copa_m": 29.2, "en_bosque_osm": false, "copa_separada": false}}, {"type": "Feature", "geometry": {"type": "Point", "coordinates": [-79.5869713, 9.0064694]}, "properties": {"altura_m": 21, "diametro_copa_m": 22.6, "en_bosque_osm": false, "copa_separada": false}}, {"type": "Feature", "geometry": {"type": "Point", "coordinates": [-79.5870142, 9.0065118]}, "properties": {"altura_m": 21, "diametro_copa_m": 21.2, "en_bosque_osm": false, "copa_separada": false}}, {"type": "Feature", "geometry": {"type": "Point", "coordinates": [-79.5740967, 9.0043819]}, "properties": {"altura_m": 21, "diametro_copa_m": 30.7, "en_bosque_osm": false, "copa_separada": false}}, {"type": "Feature", "geometry": {"type": "Point", "coordinates": [-79.5739358, 9.0053462]}, "properties": {"altura_m": 21, "diametro_copa_m": 28.4, "en_bosque_osm": false, "copa_separada": false}}, {"type": "Feature", "geometry": {"type": "Point", "coordinates": [-79.5840316, 9.0053886]}, "properties": {"altura_m": 21, "diametro_copa_m": 22.0, "en_bosque_osm": false, "copa_separada": false}}, {"type": "Feature", "geometry": {"type": "Point", "coordinates": [-79.5839136, 9.0045938]}, "properties": {"altura_m": 21, "diametro_copa_m": 21.7, "en_bosque_osm": false, "copa_separada": false}}, {"type": "Feature", "geometry": {"type": "Point", "coordinates": [-79.587025, 9.0062999]}, "properties": {"altura_m": 21, "diametro_copa_m": 27.5, "en_bosque_osm": false, "copa_separada": false}}, {"type": "Feature", "geometry": {"type": "Point", "coordinates": [-79.5775514, 9.0056005]}, "properties": {"altura_m": 21, "diametro_copa_m": 21.7, "en_bosque_osm": false, "copa_separada": false}}, {"type": "Feature", "geometry": {"type": "Point", "coordinates": [-79.5840209, 9.0052932]}, "properties": {"altura_m": 21, "diametro_copa_m": 20.3, "en_bosque_osm": false, "copa_separada": false}}, {"type": "Feature", "geometry": {"type": "Point", "coordinates": [-79.5790856, 8.9931387]}, "properties": {"altura_m": 21, "diametro_copa_m": 27.8, "en_bosque_osm": true, "copa_separada": false}}, {"type": "Feature", "geometry": {"type": "Point", "coordinates": [-79.5844822, 9.0045091]}, "properties": {"altura_m": 21, "diametro_copa_m": 20.2, "en_bosque_osm": false, "copa_separada": false}}, {"type": "Feature", "geometry": {"type": "Point", "coordinates": [-79.5867246, 9.0067132]}, "properties": {"altura_m": 21, "diametro_copa_m": 24.3, "en_bosque_osm": false, "copa_separada": false}}, {"type": "Feature", "geometry": {"type": "Point", "coordinates": [-79.5842355, 9.005325]}, "properties": {"altura_m": 21, "diametro_copa_m": 19.1, "en_bosque_osm": false, "copa_separada": false}}, {"type": "Feature", "geometry": {"type": "Point", "coordinates": [-79.574601, 9.0014784]}, "properties": {"altura_m": 21, "diametro_copa_m": 27.2, "en_bosque_osm": true, "copa_separada": false}}, {"type": "Feature", "geometry": {"type": "Point", "coordinates": [-79.5831626, 9.0073913]}, "properties": {"altura_m": 21, "diametro_copa_m": 24.1, "en_bosque_osm": false, "copa_separada": false}}, {"type": "Feature", "geometry": {"type": "Point", "coordinates": [-79.584214, 9.0053992]}, "properties": {"altura_m": 21, "diametro_copa_m": 20.1, "en_bosque_osm": false, "copa_separada": false}}, {"type": "Feature", "geometry": {"type": "Point", "coordinates": [-79.5753949, 9.0073595]}, "properties": {"altura_m": 21, "diametro_copa_m": 25.9, "en_bosque_osm": false, "copa_separada": false}}, {"type": "Feature", "geometry": {"type": "Point", "coordinates": [-79.577648, 9.0056005]}, "properties": {"altura_m": 21, "diametro_copa_m": 22.6, "en_bosque_osm": false, "copa_separada": false}}, {"type": "Feature", "geometry": {"type": "Point", "coordinates": [-79.5770364, 9.0069145]}, "properties": {"altura_m": 21, "diametro_copa_m": 23.4, "en_bosque_osm": false, "copa_separada": false}}, {"type": "Feature", "geometry": {"type": "Point", "coordinates": [-79.5778196, 9.0070946]}, "properties": {"altura_m": 21, "diametro_copa_m": 23.0, "en_bosque_osm": false, "copa_separada": false}}, {"type": "Feature", "geometry": {"type": "Point", "coordinates": [-79.5855551, 9.006692]}, "properties": {"altura_m": 21, "diametro_copa_m": 22.4, "en_bosque_osm": false, "copa_separada": false}}, {"type": "Feature", "geometry": {"type": "Point", "coordinates": [-79.5761459, 8.9997935]}, "properties": {"altura_m": 21, "diametro_copa_m": 20.8, "en_bosque_osm": true, "copa_separada": false}}, {"type": "Feature", "geometry": {"type": "Point", "coordinates": [-79.5737534, 9.0042971]}, "properties": {"altura_m": 21, "diametro_copa_m": 30.4, "en_bosque_osm": false, "copa_separada": true}}, {"type": "Feature", "geometry": {"type": "Point", "coordinates": [-79.5855658, 9.0071158]}, "properties": {"altura_m": 21, "diametro_copa_m": 25.1, "en_bosque_osm": false, "copa_separada": false}}, {"type": "Feature", "geometry": {"type": "Point", "coordinates": [-79.5846539, 9.0066814]}, "properties": {"altura_m": 21, "diametro_copa_m": 29.5, "en_bosque_osm": false, "copa_separada": false}}, {"type": "Feature", "geometry": {"type": "Point", "coordinates": [-79.5835274, 9.0044773]}, "properties": {"altura_m": 21, "diametro_copa_m": 28.9, "en_bosque_osm": false, "copa_separada": false}}, {"type": "Feature", "geometry": {"type": "Point", "coordinates": [-79.576382, 9.0038945]}, "properties": {"altura_m": 21, "diametro_copa_m": 30.1, "en_bosque_osm": false, "copa_separada": false}}, {"type": "Feature", "geometry": {"type": "Point", "coordinates": [-79.5770257, 9.0056111]}, "properties": {"altura_m": 21, "diametro_copa_m": 30.1, "en_bosque_osm": false, "copa_separada": false}}, {"type": "Feature", "geometry": {"type": "Point", "coordinates": [-79.577369, 9.0063953]}, "properties": {"altura_m": 21, "diametro_copa_m": 25.9, "en_bosque_osm": false, "copa_separada": false}}, {"type": "Feature", "geometry": {"type": "Point", "coordinates": [-79.5820682, 9.0076033]}, "properties": {"altura_m": 21, "diametro_copa_m": 25.9, "en_bosque_osm": false, "copa_separada": false}}, {"type": "Feature", "geometry": {"type": "Point", "coordinates": [-79.5751267, 9.0016056]}, "properties": {"altura_m": 21, "diametro_copa_m": 22.6, "en_bosque_osm": false, "copa_separada": false}}, {"type": "Feature", "geometry": {"type": "Point", "coordinates": [-79.5836776, 9.0056429]}, "properties": {"altura_m": 21, "diametro_copa_m": 20.4, "en_bosque_osm": false, "copa_separada": false}}, {"type": "Feature", "geometry": {"type": "Point", "coordinates": [-79.5741825, 8.992185]}, "properties": {"altura_m": 21, "diametro_copa_m": 20.6, "en_bosque_osm": true, "copa_separada": false}}, {"type": "Feature", "geometry": {"type": "Point", "coordinates": [-79.5739894, 9.0064059]}, "properties": {"altura_m": 21, "diametro_copa_m": 20.5, "en_bosque_osm": false, "copa_separada": false}}, {"type": "Feature", "geometry": {"type": "Point", "coordinates": [-79.5759635, 8.9990624]}, "properties": {"altura_m": 21, "diametro_copa_m": 18.8, "en_bosque_osm": true, "copa_separada": true}}, {"type": "Feature", "geometry": {"type": "Point", "coordinates": [-79.5855337, 9.0068191]}, "properties": {"altura_m": 21, "diametro_copa_m": 23.4, "en_bosque_osm": false, "copa_separada": false}}, {"type": "Feature", "geometry": {"type": "Point", "coordinates": [-79.5891707, 8.992132]}, "properties": {"altura_m": 21, "diametro_copa_m": 29.1, "en_bosque_osm": false, "copa_separada": false}}, {"type": "Feature", "geometry": {"type": "Point", "coordinates": [-79.5743757, 9.0046468]}, "properties": {"altura_m": 21, "diametro_copa_m": 24.7, "en_bosque_osm": false, "copa_separada": false}}, {"type": "Feature", "geometry": {"type": "Point", "coordinates": [-79.5739572, 9.0032693]}, "properties": {"altura_m": 21, "diametro_copa_m": 21.8, "en_bosque_osm": false, "copa_separada": false}}, {"type": "Feature", "geometry": {"type": "Point", "coordinates": [-79.5756417, 8.9991365]}, "properties": {"altura_m": 21, "diametro_copa_m": 18.2, "en_bosque_osm": true, "copa_separada": false}}, {"type": "Feature", "geometry": {"type": "Point", "coordinates": [-79.5738178, 8.9987868]}, "properties": {"altura_m": 21, "diametro_copa_m": 25.6, "en_bosque_osm": true, "copa_separada": false}}, {"type": "Feature", "geometry": {"type": "Point", "coordinates": [-79.5833772, 9.0071476]}, "properties": {"altura_m": 21, "diametro_copa_m": 21.5, "en_bosque_osm": false, "copa_separada": false}}, {"type": "Feature", "geometry": {"type": "Point", "coordinates": [-79.5832055, 9.0066178]}, "properties": {"altura_m": 21, "diametro_copa_m": 17.5, "en_bosque_osm": false, "copa_separada": false}}, {"type": "Feature", "geometry": {"type": "Point", "coordinates": [-79.5737641, 9.0014784]}, "properties": {"altura_m": 21, "diametro_copa_m": 19.9, "en_bosque_osm": true, "copa_separada": false}}, {"type": "Feature", "geometry": {"type": "Point", "coordinates": [-79.5822292, 9.0072112]}, "properties": {"altura_m": 21, "diametro_copa_m": 20.7, "en_bosque_osm": false, "copa_separada": false}}, {"type": "Feature", "geometry": {"type": "Point", "coordinates": [-79.5751481, 8.9992849]}, "properties": {"altura_m": 21, "diametro_copa_m": 19.4, "en_bosque_osm": true, "copa_separada": false}}, {"type": "Feature", "geometry": {"type": "Point", "coordinates": [-79.5862096, 9.0071688]}, "properties": {"altura_m": 21, "diametro_copa_m": 23.6, "en_bosque_osm": false, "copa_separada": false}}, {"type": "Feature", "geometry": {"type": "Point", "coordinates": [-79.5865851, 9.0062151]}, "properties": {"altura_m": 21, "diametro_copa_m": 25.1, "en_bosque_osm": false, "copa_separada": false}}, {"type": "Feature", "geometry": {"type": "Point", "coordinates": [-79.5833664, 9.0056535]}, "properties": {"altura_m": 21, "diametro_copa_m": 23.6, "en_bosque_osm": false, "copa_separada": false}}, {"type": "Feature", "geometry": {"type": "Point", "coordinates": [-79.5739465, 8.9987974]}, "properties": {"altura_m": 21, "diametro_copa_m": 17.4, "en_bosque_osm": true, "copa_separada": false}}, {"type": "Feature", "geometry": {"type": "Point", "coordinates": [-79.5739572, 9.0056323]}, "properties": {"altura_m": 21, "diametro_copa_m": 26.6, "en_bosque_osm": false, "copa_separada": false}}, {"type": "Feature", "geometry": {"type": "Point", "coordinates": [-79.5740002, 9.005219]}, "properties": {"altura_m": 21, "diametro_copa_m": 17.7, "en_bosque_osm": false, "copa_separada": false}}, {"type": "Feature", "geometry": {"type": "Point", "coordinates": [-79.5777338, 9.0072218]}, "properties": {"altura_m": 21, "diametro_copa_m": 24.6, "en_bosque_osm": false, "copa_separada": false}}, {"type": "Feature", "geometry": {"type": "Point", "coordinates": [-79.5847612, 9.005272]}, "properties": {"altura_m": 21, "diametro_copa_m": 24.1, "en_bosque_osm": false, "copa_separada": false}}, {"type": "Feature", "geometry": {"type": "Point", "coordinates": [-79.577648, 9.0063105]}, "properties": {"altura_m": 21, "diametro_copa_m": 18.5, "en_bosque_osm": false, "copa_separada": false}}, {"type": "Feature", "geometry": {"type": "Point", "coordinates": [-79.5749443, 8.9991471]}, "properties": {"altura_m": 21, "diametro_copa_m": 18.1, "en_bosque_osm": true, "copa_separada": false}}, {"type": "Feature", "geometry": {"type": "Point", "coordinates": [-79.5839458, 9.0046892]}, "properties": {"altura_m": 21, "diametro_copa_m": 16.8, "en_bosque_osm": false, "copa_separada": false}}, {"type": "Feature", "geometry": {"type": "Point", "coordinates": [-79.5741289, 9.0052402]}, "properties": {"altura_m": 20, "diametro_copa_m": 16.6, "en_bosque_osm": false, "copa_separada": false}}, {"type": "Feature", "geometry": {"type": "Point", "coordinates": [-79.5741074, 9.0052402]}, "properties": {"altura_m": 20, "diametro_copa_m": 14.6, "en_bosque_osm": false, "copa_separada": false}}, {"type": "Feature", "geometry": {"type": "Point", "coordinates": [-79.5745366, 9.0041912]}, "properties": {"altura_m": 20, "diametro_copa_m": 28.1, "en_bosque_osm": false, "copa_separada": false}}, {"type": "Feature", "geometry": {"type": "Point", "coordinates": [-79.5736568, 9.0054098]}, "properties": {"altura_m": 20, "diametro_copa_m": 29.6, "en_bosque_osm": false, "copa_separada": false}}, {"type": "Feature", "geometry": {"type": "Point", "coordinates": [-79.5738285, 9.0037779]}, "properties": {"altura_m": 20, "diametro_copa_m": 27.2, "en_bosque_osm": false, "copa_separada": false}}, {"type": "Feature", "geometry": {"type": "Point", "coordinates": [-79.575706, 9.0003446]}, "properties": {"altura_m": 20, "diametro_copa_m": 27.1, "en_bosque_osm": true, "copa_separada": false}}, {"type": "Feature", "geometry": {"type": "Point", "coordinates": [-79.5736568, 9.0037143]}, "properties": {"altura_m": 20, "diametro_copa_m": 27.0, "en_bosque_osm": false, "copa_separada": false}}, {"type": "Feature", "geometry": {"type": "Point", "coordinates": [-79.5873683, 9.0067343]}, "properties": {"altura_m": 20, "diametro_copa_m": 24.7, "en_bosque_osm": false, "copa_separada": false}}, {"type": "Feature", "geometry": {"type": "Point", "coordinates": [-79.5759421, 9.0038415]}, "properties": {"altura_m": 20, "diametro_copa_m": 25.8, "en_bosque_osm": false, "copa_separada": false}}, {"type": "Feature", "geometry": {"type": "Point", "coordinates": [-79.5817893, 9.0075397]}, "properties": {"altura_m": 20, "diametro_copa_m": 22.6, "en_bosque_osm": false, "copa_separada": false}}, {"type": "Feature", "geometry": {"type": "Point", "coordinates": [-79.5796757, 8.9953535]}, "properties": {"altura_m": 20, "diametro_copa_m": 27.6, "en_bosque_osm": true, "copa_separada": false}}, {"type": "Feature", "geometry": {"type": "Point", "coordinates": [-79.5784097, 8.993001]}, "properties": {"altura_m": 20, "diametro_copa_m": 22.1, "en_bosque_osm": true, "copa_separada": false}}, {"type": "Feature", "geometry": {"type": "Point", "coordinates": [-79.5818, 9.0073913]}, "properties": {"altura_m": 20, "diametro_copa_m": 22.4, "en_bosque_osm": false, "copa_separada": false}}, {"type": "Feature", "geometry": {"type": "Point", "coordinates": [-79.5769077, 9.0069887]}, "properties": {"altura_m": 20, "diametro_copa_m": 23.5, "en_bosque_osm": false, "copa_separada": false}}, {"type": "Feature", "geometry": {"type": "Point", "coordinates": [-79.5861559, 9.0074973]}, "properties": {"altura_m": 20, "diametro_copa_m": 26.1, "en_bosque_osm": false, "copa_separada": false}}, {"type": "Feature", "geometry": {"type": "Point", "coordinates": [-79.5793646, 8.9923969]}, "properties": {"altura_m": 20, "diametro_copa_m": 18.8, "en_bosque_osm": true, "copa_separada": false}}, {"type": "Feature", "geometry": {"type": "Point", "coordinates": [-79.5741182, 9.0035342]}, "properties": {"altura_m": 20, "diametro_copa_m": 24.6, "en_bosque_osm": false, "copa_separada": false}}, {"type": "Feature", "geometry": {"type": "Point", "coordinates": [-79.5750409, 9.0052614]}, "properties": {"altura_m": 20, "diametro_copa_m": 26.4, "en_bosque_osm": false, "copa_separada": false}}, {"type": "Feature", "geometry": {"type": "Point", "coordinates": [-79.5741182, 9.0063741]}, "properties": {"altura_m": 20, "diametro_copa_m": 14.9, "en_bosque_osm": false, "copa_separada": false}}, {"type": "Feature", "geometry": {"type": "Point", "coordinates": [-79.5777231, 9.0062681]}, "properties": {"altura_m": 20, "diametro_copa_m": 24.2, "en_bosque_osm": false, "copa_separada": false}}, {"type": "Feature", "geometry": {"type": "Point", "coordinates": [-79.5741504, 9.0063635]}, "properties": {"altura_m": 20, "diametro_copa_m": 11.2, "en_bosque_osm": false, "copa_separada": false}}, {"type": "Feature", "geometry": {"type": "Point", "coordinates": [-79.583463, 9.0057913]}, "properties": {"altura_m": 20, "diametro_copa_m": 23.1, "en_bosque_osm": false, "copa_separada": false}}, {"type": "Feature", "geometry": {"type": "Point", "coordinates": [-79.579386, 8.9924499]}, "properties": {"altura_m": 20, "diametro_copa_m": 18.6, "en_bosque_osm": true, "copa_separada": false}}, {"type": "Feature", "geometry": {"type": "Point", "coordinates": [-79.57385, 9.006088]}, "properties": {"altura_m": 20, "diametro_copa_m": 25.3, "en_bosque_osm": false, "copa_separada": false}}, {"type": "Feature", "geometry": {"type": "Point", "coordinates": [-79.5835488, 9.0047104]}, "properties": {"altura_m": 20, "diametro_copa_m": 26.6, "en_bosque_osm": false, "copa_separada": false}}, {"type": "Feature", "geometry": {"type": "Point", "coordinates": [-79.57547, 9.0046892]}, "properties": {"altura_m": 20, "diametro_copa_m": 21.7, "en_bosque_osm": false, "copa_separada": false}}, {"type": "Feature", "geometry": {"type": "Point", "coordinates": [-79.5813709, 9.0070734]}, "properties": {"altura_m": 20, "diametro_copa_m": 28.2, "en_bosque_osm": false, "copa_separada": false}}, {"type": "Feature", "geometry": {"type": "Point", "coordinates": [-79.5812529, 9.0063529]}, "properties": {"altura_m": 20, "diametro_copa_m": 27.1, "en_bosque_osm": false, "copa_separada": false}}, {"type": "Feature", "geometry": {"type": "Point", "coordinates": [-79.5864563, 9.0074337]}, "properties": {"altura_m": 20, "diametro_copa_m": 26.7, "en_bosque_osm": false, "copa_separada": false}}, {"type": "Feature", "geometry": {"type": "Point", "coordinates": [-79.5742469, 9.0056111]}, "properties": {"altura_m": 20, "diametro_copa_m": 28.0, "en_bosque_osm": false, "copa_separada": false}}, {"type": "Feature", "geometry": {"type": "Point", "coordinates": [-79.5837312, 9.005823]}, "properties": {"altura_m": 20, "diametro_copa_m": 18.5, "en_bosque_osm": false, "copa_separada": false}}, {"type": "Feature", "geometry": {"type": "Point", "coordinates": [-79.5877009, 9.0069993]}, "properties": {"altura_m": 20, "diametro_copa_m": 20.8, "en_bosque_osm": false, "copa_separada": false}}, {"type": "Feature", "geometry": {"type": "Point", "coordinates": [-79.5823365, 9.0072218]}, "properties": {"altura_m": 20, "diametro_copa_m": 20.4, "en_bosque_osm": false, "copa_separada": false}}, {"type": "Feature", "geometry": {"type": "Point", "coordinates": [-79.5758455, 9.005378]}, "properties": {"altura_m": 20, "diametro_copa_m": 29.9, "en_bosque_osm": false, "copa_separada": true}}, {"type": "Feature", "geometry": {"type": "Point", "coordinates": [-79.5818, 9.007296]}, "properties": {"altura_m": 20, "diametro_copa_m": 21.9, "en_bosque_osm": false, "copa_separada": false}}, {"type": "Feature", "geometry": {"type": "Point", "coordinates": [-79.5742147, 9.0063529]}, "properties": {"altura_m": 20, "diametro_copa_m": 21.2, "en_bosque_osm": false, "copa_separada": false}}, {"type": "Feature", "geometry": {"type": "Point", "coordinates": [-79.5891064, 9.0076562]}, "properties": {"altura_m": 20, "diametro_copa_m": 27.7, "en_bosque_osm": false, "copa_separada": false}}, {"type": "Feature", "geometry": {"type": "Point", "coordinates": [-79.578238, 8.9933719]}, "properties": {"altura_m": 20, "diametro_copa_m": 21.7, "en_bosque_osm": true, "copa_separada": false}}, {"type": "Feature", "geometry": {"type": "Point", "coordinates": [-79.5740323, 8.9955972]}, "properties": {"altura_m": 20, "diametro_copa_m": 20.8, "en_bosque_osm": true, "copa_separada": false}}, {"type": "Feature", "geometry": {"type": "Point", "coordinates": [-79.5837634, 9.0057489]}, "properties": {"altura_m": 20, "diametro_copa_m": 12.4, "en_bosque_osm": false, "copa_separada": false}}, {"type": "Feature", "geometry": {"type": "Point", "coordinates": [-79.5855551, 9.00648]}, "properties": {"altura_m": 20, "diametro_copa_m": 19.6, "en_bosque_osm": false, "copa_separada": false}}, {"type": "Feature", "geometry": {"type": "Point", "coordinates": [-79.5842462, 9.0057383]}, "properties": {"altura_m": 20, "diametro_copa_m": 26.6, "en_bosque_osm": false, "copa_separada": false}}, {"type": "Feature", "geometry": {"type": "Point", "coordinates": [-79.57385, 9.0012347]}, "properties": {"altura_m": 20, "diametro_copa_m": 15.8, "en_bosque_osm": true, "copa_separada": false}}, {"type": "Feature", "geometry": {"type": "Point", "coordinates": [-79.5846646, 9.0051766]}, "properties": {"altura_m": 20, "diametro_copa_m": 22.6, "en_bosque_osm": false, "copa_separada": false}}, {"type": "Feature", "geometry": {"type": "Point", "coordinates": [-79.5754486, 9.00719]}, "properties": {"altura_m": 20, "diametro_copa_m": 27.8, "en_bosque_osm": false, "copa_separada": false}}, {"type": "Feature", "geometry": {"type": "Point", "coordinates": [-79.575116, 8.9981828]}, "properties": {"altura_m": 20, "diametro_copa_m": 25.8, "en_bosque_osm": true, "copa_separada": false}}, {"type": "Feature", "geometry": {"type": "Point", "coordinates": [-79.5773368, 9.0057489]}, "properties": {"altura_m": 20, "diametro_copa_m": 26.6, "en_bosque_osm": false, "copa_separada": false}}, {"type": "Feature", "geometry": {"type": "Point", "coordinates": [-79.5877331, 9.0066602]}, "properties": {"altura_m": 20, "diametro_copa_m": 20.8, "en_bosque_osm": false, "copa_separada": false}}, {"type": "Feature", "geometry": {"type": "Point", "coordinates": [-79.5820253, 9.0073383]}, "properties": {"altura_m": 20, "diametro_copa_m": 26.4, "en_bosque_osm": false, "copa_separada": false}}, {"type": "Feature", "geometry": {"type": "Point", "coordinates": [-79.5898037, 9.0071052]}, "properties": {"altura_m": 20, "diametro_copa_m": 25.6, "en_bosque_osm": false, "copa_separada": false}}, {"type": "Feature", "geometry": {"type": "Point", "coordinates": [-79.5762747, 8.9988504]}, "properties": {"altura_m": 20, "diametro_copa_m": 16.9, "en_bosque_osm": true, "copa_separada": false}}, {"type": "Feature", "geometry": {"type": "Point", "coordinates": [-79.5737212, 8.9924393]}, "properties": {"altura_m": 20, "diametro_copa_m": 24.9, "en_bosque_osm": true, "copa_separada": false}}, {"type": "Feature", "geometry": {"type": "Point", "coordinates": [-79.5749336, 8.9989776]}, "properties": {"altura_m": 20, "diametro_copa_m": 24.1, "en_bosque_osm": true, "copa_separada": false}}, {"type": "Feature", "geometry": {"type": "Point", "coordinates": [-79.5766824, 8.9984477]}, "properties": {"altura_m": 20, "diametro_copa_m": 13.6, "en_bosque_osm": true, "copa_separada": false}}, {"type": "Feature", "geometry": {"type": "Point", "coordinates": [-79.5855766, 9.0063635]}, "properties": {"altura_m": 20, "diametro_copa_m": 19.3, "en_bosque_osm": false, "copa_separada": false}}, {"type": "Feature", "geometry": {"type": "Point", "coordinates": [-79.5735066, 8.9992001]}, "properties": {"altura_m": 20, "diametro_copa_m": 18.4, "en_bosque_osm": true, "copa_separada": false}}, {"type": "Feature", "geometry": {"type": "Point", "coordinates": [-79.5777874, 9.0057277]}, "properties": {"altura_m": 20, "diametro_copa_m": 27.7, "en_bosque_osm": false, "copa_separada": false}}, {"type": "Feature", "geometry": {"type": "Point", "coordinates": [-79.577487, 9.0066602]}, "properties": {"altura_m": 19, "diametro_copa_m": 27.7, "en_bosque_osm": false, "copa_separada": false}}, {"type": "Feature", "geometry": {"type": "Point", "coordinates": [-79.5759313, 9.0000373]}, "properties": {"altura_m": 19, "diametro_copa_m": 27.1, "en_bosque_osm": true, "copa_separada": false}}, {"type": "Feature", "geometry": {"type": "Point", "coordinates": [-79.5740753, 9.0041064]}, "properties": {"altura_m": 19, "diametro_copa_m": 22.4, "en_bosque_osm": false, "copa_separada": false}}, {"type": "Feature", "geometry": {"type": "Point", "coordinates": [-79.5740967, 9.004064]}, "properties": {"altura_m": 19, "diametro_copa_m": 22.2, "en_bosque_osm": false, "copa_separada": false}}, {"type": "Feature", "geometry": {"type": "Point", "coordinates": [-79.5815962, 9.0070205]}, "properties": {"altura_m": 19, "diametro_copa_m": 22.2, "en_bosque_osm": false, "copa_separada": false}}, {"type": "Feature", "geometry": {"type": "Point", "coordinates": [-79.5877116, 9.0067555]}, "properties": {"altura_m": 19, "diametro_copa_m": 21.9, "en_bosque_osm": false, "copa_separada": false}}, {"type": "Feature", "geometry": {"type": "Point", "coordinates": [-79.5877438, 9.0065118]}, "properties": {"altura_m": 19, "diametro_copa_m": 24.9, "en_bosque_osm": false, "copa_separada": false}}, {"type": "Feature", "geometry": {"type": "Point", "coordinates": [-79.5754271, 9.0052826]}, "properties": {"altura_m": 19, "diametro_copa_m": 26.1, "en_bosque_osm": false, "copa_separada": false}}, {"type": "Feature", "geometry": {"type": "Point", "coordinates": [-79.573571, 8.9925135]}, "properties": {"altura_m": 19, "diametro_copa_m": 25.0, "en_bosque_osm": true, "copa_separada": false}}, {"type": "Feature", "geometry": {"type": "Point", "coordinates": [-79.579268, 8.9931705]}, "properties": {"altura_m": 19, "diametro_copa_m": 24.4, "en_bosque_osm": true, "copa_separada": false}}, {"type": "Feature", "geometry": {"type": "Point", "coordinates": [-79.5756202, 9.0005459]}, "properties": {"altura_m": 19, "diametro_copa_m": 27.6, "en_bosque_osm": true, "copa_separada": false}}, {"type": "Feature", "geometry": {"type": "Point", "coordinates": [-79.5755451, 9.0010757]}, "properties": {"altura_m": 19, "diametro_copa_m": 27.7, "en_bosque_osm": false, "copa_separada": false}}, {"type": "Feature", "geometry": {"type": "Point", "coordinates": [-79.5795362, 8.9922592]}, "properties": {"altura_m": 19, "diametro_copa_m": 22.6, "en_bosque_osm": true, "copa_separada": false}}, {"type": "Feature", "geometry": {"type": "Point", "coordinates": [-79.5840102, 9.0055475]}, "properties": {"altura_m": 19, "diametro_copa_m": 23.9, "en_bosque_osm": false, "copa_separada": false}}, {"type": "Feature", "geometry": {"type": "Point", "coordinates": [-79.5789891, 8.9921108]}, "properties": {"altura_m": 19, "diametro_copa_m": 25.3, "en_bosque_osm": true, "copa_separada": false}}, {"type": "Feature", "geometry": {"type": "Point", "coordinates": [-79.5780771, 8.9973457]}, "properties": {"altura_m": 19, "diametro_copa_m": 17.6, "en_bosque_osm": true, "copa_separada": false}}, {"type": "Feature", "geometry": {"type": "Point", "coordinates": [-79.576854, 8.9987974]}, "properties": {"altura_m": 19, "diametro_copa_m": 20.4, "en_bosque_osm": true, "copa_separada": false}}, {"type": "Feature", "geometry": {"type": "Point", "coordinates": [-79.573571, 9.0018705]}, "properties": {"altura_m": 19, "diametro_copa_m": 24.3, "en_bosque_osm": true, "copa_separada": false}}, {"type": "Feature", "geometry": {"type": "Point", "coordinates": [-79.5745259, 8.9966569]}, "properties": {"altura_m": 19, "diametro_copa_m": 22.9, "en_bosque_osm": false, "copa_separada": true}}, {"type": "Feature", "geometry": {"type": "Point", "coordinates": [-79.5803409, 8.9944739]}, "properties": {"altura_m": 19, "diametro_copa_m": 23.4, "en_bosque_osm": true, "copa_separada": false}}, {"type": "Feature", "geometry": {"type": "Point", "coordinates": [-79.5736461, 8.9992213]}, "properties": {"altura_m": 20, "diametro_copa_m": 16.5, "en_bosque_osm": true, "copa_separada": false}}, {"type": "Feature", "geometry": {"type": "Point", "coordinates": [-79.5740323, 9.0033964]}, "properties": {"altura_m": 19, "diametro_copa_m": 21.0, "en_bosque_osm": false, "copa_separada": false}}, {"type": "Feature", "geometry": {"type": "Point", "coordinates": [-79.5840638, 9.004223]}, "properties": {"altura_m": 19, "diametro_copa_m": 22.4, "en_bosque_osm": false, "copa_separada": false}}, {"type": "Feature", "geometry": {"type": "Point", "coordinates": [-79.5898896, 8.9977272]}, "properties": {"altura_m": 19, "diametro_copa_m": 28.4, "en_bosque_osm": false, "copa_separada": false}}, {"type": "Feature", "geometry": {"type": "Point", "coordinates": [-79.5826583, 9.0065436]}, "properties": {"altura_m": 19, "diametro_copa_m": 21.9, "en_bosque_osm": false, "copa_separada": false}}, {"type": "Feature", "geometry": {"type": "Point", "coordinates": [-79.5752232, 9.0056005]}, "properties": {"altura_m": 19, "diametro_copa_m": 23.3, "en_bosque_osm": false, "copa_separada": false}}, {"type": "Feature", "geometry": {"type": "Point", "coordinates": [-79.5748048, 9.0019447]}, "properties": {"altura_m": 19, "diametro_copa_m": 25.6, "en_bosque_osm": false, "copa_separada": true}}, {"type": "Feature", "geometry": {"type": "Point", "coordinates": [-79.5741289, 8.9922592]}, "properties": {"altura_m": 19, "diametro_copa_m": 19.6, "en_bosque_osm": true, "copa_separada": false}}, {"type": "Feature", "geometry": {"type": "Point", "coordinates": [-79.5798045, 8.992132]}, "properties": {"altura_m": 19, "diametro_copa_m": 23.0, "en_bosque_osm": true, "copa_separada": false}}, {"type": "Feature", "geometry": {"type": "Point", "coordinates": [-79.5755988, 9.0002704]}, "properties": {"altura_m": 19, "diametro_copa_m": 18.9, "en_bosque_osm": true, "copa_separada": false}}, {"type": "Feature", "geometry": {"type": "Point", "coordinates": [-79.5753842, 9.0051449]}, "properties": {"altura_m": 19, "diametro_copa_m": 23.7, "en_bosque_osm": false, "copa_separada": false}}, {"type": "Feature", "geometry": {"type": "Point", "coordinates": [-79.5803302, 8.9945693]}, "properties": {"altura_m": 19, "diametro_copa_m": 18.3, "en_bosque_osm": true, "copa_separada": false}}, {"type": "Feature", "geometry": {"type": "Point", "coordinates": [-79.5783775, 8.9928526]}, "properties": {"altura_m": 19, "diametro_copa_m": 18.0, "en_bosque_osm": true, "copa_separada": false}}, {"type": "Feature", "geometry": {"type": "Point", "coordinates": [-79.576854, 8.9986067]}, "properties": {"altura_m": 19, "diametro_copa_m": 15.5, "en_bosque_osm": true, "copa_separada": false}}, {"type": "Feature", "geometry": {"type": "Point", "coordinates": [-79.5774227, 9.0055475]}, "properties": {"altura_m": 19, "diametro_copa_m": 18.4, "en_bosque_osm": false, "copa_separada": false}}, {"type": "Feature", "geometry": {"type": "Point", "coordinates": [-79.5780127, 8.9974093]}, "properties": {"altura_m": 19, "diametro_copa_m": 19.9, "en_bosque_osm": true, "copa_separada": false}}, {"type": "Feature", "geometry": {"type": "Point", "coordinates": [-79.575116, 9.0066178]}, "properties": {"altura_m": 19, "diametro_copa_m": 26.8, "en_bosque_osm": false, "copa_separada": true}}, {"type": "Feature", "geometry": {"type": "Point", "coordinates": [-79.5891171, 9.0075291]}, "properties": {"altura_m": 19, "diametro_copa_m": 22.8, "en_bosque_osm": false, "copa_separada": false}}, {"type": "Feature", "geometry": {"type": "Point", "coordinates": [-79.5764249, 8.9993167]}, "properties": {"altura_m": 19, "diametro_copa_m": 25.7, "en_bosque_osm": true, "copa_separada": false}}, {"type": "Feature", "geometry": {"type": "Point", "coordinates": [-79.5822184, 9.0076774]}, "properties": {"altura_m": 19, "diametro_copa_m": 19.1, "en_bosque_osm": false, "copa_separada": false}}, {"type": "Feature", "geometry": {"type": "Point", "coordinates": [-79.5775514, 9.0070099]}, "properties": {"altura_m": 19, "diametro_copa_m": 15.1, "en_bosque_osm": false, "copa_separada": false}}, {"type": "Feature", "geometry": {"type": "Point", "coordinates": [-79.583463, 9.007688]}, "properties": {"altura_m": 19, "diametro_copa_m": 17.8, "en_bosque_osm": false, "copa_separada": false}}, {"type": "Feature", "geometry": {"type": "Point", "coordinates": [-79.574601, 9.0051978]}, "properties": {"altura_m": 19, "diametro_copa_m": 17.1, "en_bosque_osm": false, "copa_separada": false}}, {"type": "Feature", "geometry": {"type": "Point", "coordinates": [-79.5800727, 8.9944209]}, "properties": {"altura_m": 19, "diametro_copa_m": 25.5, "en_bosque_osm": true, "copa_separada": true}}, {"type": "Feature", "geometry": {"type": "Point", "coordinates": [-79.5832484, 9.0045726]}, "properties": {"altura_m": 19, "diametro_copa_m": 27.8, "en_bosque_osm": false, "copa_separada": true}}, {"type": "Feature", "geometry": {"type": "Point", "coordinates": [-79.5775943, 9.0069675]}, "properties": {"altura_m": 19, "diametro_copa_m": 17.3, "en_bosque_osm": false, "copa_separada": false}}, {"type": "Feature", "geometry": {"type": "Point", "coordinates": [-79.5825403, 9.007084]}, "properties": {"altura_m": 19, "diametro_copa_m": 24.8, "en_bosque_osm": false, "copa_separada": false}}, {"type": "Feature", "geometry": {"type": "Point", "coordinates": [-79.5871859, 9.0063423]}, "properties": {"altura_m": 19, "diametro_copa_m": 23.9, "en_bosque_osm": false, "copa_separada": false}}, {"type": "Feature", "geometry": {"type": "Point", "coordinates": [-79.5788067, 8.9932765]}, "properties": {"altura_m": 19, "diametro_copa_m": 18.1, "en_bosque_osm": true, "copa_separada": true}}, {"type": "Feature", "geometry": {"type": "Point", "coordinates": [-79.5761996, 8.9988822]}, "properties": {"altura_m": 19, "diametro_copa_m": 17.9, "en_bosque_osm": true, "copa_separada": false}}, {"type": "Feature", "geometry": {"type": "Point", "coordinates": [-79.5738821, 9.0065118]}, "properties": {"altura_m": 19, "diametro_copa_m": 20.1, "en_bosque_osm": false, "copa_separada": false}}, {"type": "Feature", "geometry": {"type": "Point", "coordinates": [-79.5747726, 9.0051661]}, "properties": {"altura_m": 19, "diametro_copa_m": 21.2, "en_bosque_osm": false, "copa_separada": false}}, {"type": "Feature", "geometry": {"type": "Point", "coordinates": [-79.5745259, 9.0076456]}, "properties": {"altura_m": 19, "diametro_copa_m": 26.0, "en_bosque_osm": false, "copa_separada": false}}, {"type": "Feature", "geometry": {"type": "Point", "coordinates": [-79.5828085, 9.00648]}, "properties": {"altura_m": 19, "diametro_copa_m": 20.3, "en_bosque_osm": false, "copa_separada": false}}, {"type": "Feature", "geometry": {"type": "Point", "coordinates": [-79.5755451, 9.0003128]}, "properties": {"altura_m": 19, "diametro_copa_m": 20.7, "en_bosque_osm": true, "copa_separada": false}}, {"type": "Feature", "geometry": {"type": "Point", "coordinates": [-79.5831304, 9.0049435]}, "properties": {"altura_m": 19, "diametro_copa_m": 23.1, "en_bosque_osm": false, "copa_separada": false}}, {"type": "Feature", "geometry": {"type": "Point", "coordinates": [-79.5897608, 9.0033222]}, "properties": {"altura_m": 19, "diametro_copa_m": 27.8, "en_bosque_osm": true, "copa_separada": true}}, {"type": "Feature", "geometry": {"type": "Point", "coordinates": [-79.5836883, 9.0054204]}, "properties": {"altura_m": 19, "diametro_copa_m": 24.7, "en_bosque_osm": false, "copa_separada": false}}, {"type": "Feature", "geometry": {"type": "Point", "coordinates": [-79.573689, 8.9990836]}, "properties": {"altura_m": 19, "diametro_copa_m": 17.9, "en_bosque_osm": true, "copa_separada": false}}, {"type": "Feature", "geometry": {"type": "Point", "coordinates": [-79.5794504, 8.9933295]}, "properties": {"altura_m": 19, "diametro_copa_m": 26.2, "en_bosque_osm": true, "copa_separada": false}}, {"type": "Feature", "geometry": {"type": "Point", "coordinates": [-79.5752018, 9.005272]}, "properties": {"altura_m": 18, "diametro_copa_m": 24.5, "en_bosque_osm": false, "copa_separada": false}}, {"type": "Feature", "geometry": {"type": "Point", "coordinates": [-79.579386, 8.9919201]}, "properties": {"altura_m": 18, "diametro_copa_m": 25.0, "en_bosque_osm": true, "copa_separada": false}}, {"type": "Feature", "geometry": {"type": "Point", "coordinates": [-79.5753842, 9.0014148]}, "properties": {"altura_m": 18, "diametro_copa_m": 21.5, "en_bosque_osm": false, "copa_separada": false}}, {"type": "Feature", "geometry": {"type": "Point", "coordinates": [-79.5758455, 9.004011]}, "properties": {"altura_m": 18, "diametro_copa_m": 24.1, "en_bosque_osm": false, "copa_separada": false}}, {"type": "Feature", "geometry": {"type": "Point", "coordinates": [-79.5767467, 9.0030997]}, "properties": {"altura_m": 18, "diametro_copa_m": 27.3, "en_bosque_osm": false, "copa_separada": true}}, {"type": "Feature", "geometry": {"type": "Point", "coordinates": [-79.5737427, 9.0057913]}, "properties": {"altura_m": 18, "diametro_copa_m": 19.3, "en_bosque_osm": false, "copa_separada": false}}, {"type": "Feature", "geometry": {"type": "Point", "coordinates": [-79.5772188, 9.0056853]}, "properties": {"altura_m": 18, "diametro_copa_m": 19.7, "en_bosque_osm": false, "copa_separada": false}}, {"type": "Feature", "geometry": {"type": "Point", "coordinates": [-79.5736568, 9.0057701]}, "properties": {"altura_m": 18, "diametro_copa_m": 20.6, "en_bosque_osm": false, "copa_separada": false}}, {"type": "Feature", "geometry": {"type": "Point", "coordinates": [-79.5862739, 9.0060774]}, "properties": {"altura_m": 18, "diametro_copa_m": 25.3, "en_bosque_osm": false, "copa_separada": false}}, {"type": "Feature", "geometry": {"type": "Point", "coordinates": [-79.5750516, 9.0061939]}, "properties": {"altura_m": 18, "diametro_copa_m": 22.3, "en_bosque_osm": false, "copa_separada": false}}, {"type": "Feature", "geometry": {"type": "Point", "coordinates": [-79.5766609, 9.0033858]}, "properties": {"altura_m": 18, "diametro_copa_m": 25.7, "en_bosque_osm": false, "copa_separada": false}}, {"type": "Feature", "geometry": {"type": "Point", "coordinates": [-79.5786994, 8.993001]}, "properties": {"altura_m": 18, "diametro_copa_m": 22.3, "en_bosque_osm": true, "copa_separada": false}}, {"type": "Feature", "geometry": {"type": "Point", "coordinates": [-79.5753413, 9.0055263]}, "properties": {"altura_m": 18, "diametro_copa_m": 24.8, "en_bosque_osm": false, "copa_separada": false}}, {"type": "Feature", "geometry": {"type": "Point", "coordinates": [-79.5794397, 8.9917611]}, "properties": {"altura_m": 18, "diametro_copa_m": 22.5, "en_bosque_osm": true, "copa_separada": false}}, {"type": "Feature", "geometry": {"type": "Point", "coordinates": [-79.5746975, 9.0048905]}, "properties": {"altura_m": 18, "diametro_copa_m": 20.4, "en_bosque_osm": false, "copa_separada": false}}, {"type": "Feature", "geometry": {"type": "Point", "coordinates": [-79.5825296, 9.0066814]}, "properties": {"altura_m": 18, "diametro_copa_m": 24.0, "en_bosque_osm": false, "copa_separada": false}}, {"type": "Feature", "geometry": {"type": "Point", "coordinates": [-79.5850616, 9.0057489]}, "properties": {"altura_m": 18, "diametro_copa_m": 26.4, "en_bosque_osm": false, "copa_separada": false}}, {"type": "Feature", "geometry": {"type": "Point", "coordinates": [-79.5827012, 9.0064164]}, "properties": {"altura_m": 18, "diametro_copa_m": 19.7, "en_bosque_osm": false, "copa_separada": false}}, {"type": "Feature", "geometry": {"type": "Point", "coordinates": [-79.5770042, 8.9984901]}, "properties": {"altura_m": 18, "diametro_copa_m": 17.1, "en_bosque_osm": true, "copa_separada": false}}, {"type": "Feature", "geometry": {"type": "Point", "coordinates": [-79.5817357, 9.007031]}, "properties": {"altura_m": 18, "diametro_copa_m": 21.3, "en_bosque_osm": false, "copa_separada": false}}, {"type": "Feature", "geometry": {"type": "Point", "coordinates": [-79.5840638, 9.0039792]}, "properties": {"altura_m": 18, "diametro_copa_m": 24.4, "en_bosque_osm": false, "copa_separada": false}}, {"type": "Feature", "geometry": {"type": "Point", "coordinates": [-79.5796757, 8.9922486]}, "properties": {"altura_m": 18, "diametro_copa_m": 21.5, "en_bosque_osm": true, "copa_separada": false}}, {"type": "Feature", "geometry": {"type": "Point", "coordinates": [-79.5834737, 9.0067767]}, "properties": {"altura_m": 18, "diametro_copa_m": 22.6, "en_bosque_osm": false, "copa_separada": false}}, {"type": "Feature", "geometry": {"type": "Point", "coordinates": [-79.5739465, 9.000991]}, "properties": {"altura_m": 18, "diametro_copa_m": 19.3, "en_bosque_osm": true, "copa_separada": false}}, {"type": "Feature", "geometry": {"type": "Point", "coordinates": [-79.5824974, 9.0069039]}, "properties": {"altura_m": 18, "diametro_copa_m": 22.3, "en_bosque_osm": false, "copa_separada": false}}, {"type": "Feature", "geometry": {"type": "Point", "coordinates": [-79.5741504, 9.0068191]}, "properties": {"altura_m": 18, "diametro_copa_m": 25.8, "en_bosque_osm": false, "copa_separada": false}}, {"type": "Feature", "geometry": {"type": "Point", "coordinates": [-79.5853191, 9.0060774]}, "properties": {"altura_m": 18, "diametro_copa_m": 21.0, "en_bosque_osm": false, "copa_separada": false}}, {"type": "Feature", "geometry": {"type": "Point", "coordinates": [-79.5771544, 9.0058018]}, "properties": {"altura_m": 18, "diametro_copa_m": 20.4, "en_bosque_osm": false, "copa_separada": false}}, {"type": "Feature", "geometry": {"type": "Point", "coordinates": [-79.5769291, 8.9985431]}, "properties": {"altura_m": 18, "diametro_copa_m": 17.1, "en_bosque_osm": true, "copa_separada": false}}, {"type": "Feature", "geometry": {"type": "Point", "coordinates": [-79.5752769, 9.0015314]}, "properties": {"altura_m": 18, "diametro_copa_m": 21.1, "en_bosque_osm": false, "copa_separada": false}}, {"type": "Feature", "geometry": {"type": "Point", "coordinates": [-79.584214, 9.004223]}, "properties": {"altura_m": 18, "diametro_copa_m": 23.1, "en_bosque_osm": false, "copa_separada": false}}, {"type": "Feature", "geometry": {"type": "Point", "coordinates": [-79.576854, 8.9986915]}, "properties": {"altura_m": 18, "diametro_copa_m": 16.1, "en_bosque_osm": true, "copa_separada": false}}, {"type": "Feature", "geometry": {"type": "Point", "coordinates": [-79.5848148, 9.0060668]}, "properties": {"altura_m": 18, "diametro_copa_m": 24.1, "en_bosque_osm": false, "copa_separada": false}}, {"type": "Feature", "geometry": {"type": "Point", "coordinates": [-79.5838278, 9.0066814]}, "properties": {"altura_m": 18, "diametro_copa_m": 17.9, "en_bosque_osm": false, "copa_separada": false}}, {"type": "Feature", "geometry": {"type": "Point", "coordinates": [-79.5770364, 8.998416]}, "properties": {"altura_m": 18, "diametro_copa_m": 22.4, "en_bosque_osm": true, "copa_separada": false}}, {"type": "Feature", "geometry": {"type": "Point", "coordinates": [-79.5793217, 8.9916234]}, "properties": {"altura_m": 18, "diametro_copa_m": 22.8, "en_bosque_osm": true, "copa_separada": false}}, {"type": "Feature", "geometry": {"type": "Point", "coordinates": [-79.5778518, 9.0066814]}, "properties": {"altura_m": 18, "diametro_copa_m": 20.3, "en_bosque_osm": false, "copa_separada": false}}, {"type": "Feature", "geometry": {"type": "Point", "coordinates": [-79.5799225, 8.9920048]}, "properties": {"altura_m": 18, "diametro_copa_m": 24.7, "en_bosque_osm": true, "copa_separada": false}}, {"type": "Feature", "geometry": {"type": "Point", "coordinates": [-79.5735388, 8.9954065]}, "properties": {"altura_m": 18, "diametro_copa_m": 23.2, "en_bosque_osm": true, "copa_separada": false}}, {"type": "Feature", "geometry": {"type": "Point", "coordinates": [-79.5841604, 9.0055475]}, "properties": {"altura_m": 18, "diametro_copa_m": 21.5, "en_bosque_osm": false, "copa_separada": false}}, {"type": "Feature", "geometry": {"type": "Point", "coordinates": [-79.5823365, 9.0068085]}, "properties": {"altura_m": 18, "diametro_copa_m": 23.4, "en_bosque_osm": false, "copa_separada": false}}, {"type": "Feature", "geometry": {"type": "Point", "coordinates": [-79.577648, 9.0065224]}, "properties": {"altura_m": 18, "diametro_copa_m": 16.0, "en_bosque_osm": false, "copa_separada": false}}, {"type": "Feature", "geometry": {"type": "Point", "coordinates": [-79.5747619, 9.0049541]}, "properties": {"altura_m": 18, "diametro_copa_m": 16.6, "en_bosque_osm": false, "copa_separada": false}}, {"type": "Feature", "geometry": {"type": "Point", "coordinates": [-79.5835166, 9.0060774]}, "properties": {"altura_m": 18, "diametro_copa_m": 18.3, "en_bosque_osm": false, "copa_separada": false}}, {"type": "Feature", "geometry": {"type": "Point", "coordinates": [-79.5853942, 9.0063317]}, "properties": {"altura_m": 18, "diametro_copa_m": 23.2, "en_bosque_osm": false, "copa_separada": false}}, {"type": "Feature", "geometry": {"type": "Point", "coordinates": [-79.5794933, 8.9916551]}, "properties": {"altura_m": 18, "diametro_copa_m": 19.2, "en_bosque_osm": true, "copa_separada": false}}, {"type": "Feature", "geometry": {"type": "Point", "coordinates": [-79.5741825, 8.9955972]}, "properties": {"altura_m": 18, "diametro_copa_m": 24.3, "en_bosque_osm": true, "copa_separada": false}}, {"type": "Feature", "geometry": {"type": "Point", "coordinates": [-79.5740645, 8.992132]}, "properties": {"altura_m": 18, "diametro_copa_m": 13.2, "en_bosque_osm": true, "copa_separada": false}}, {"type": "Feature", "geometry": {"type": "Point", "coordinates": [-79.5745366, 8.9925347]}, "properties": {"altura_m": 18, "diametro_copa_m": 24.4, "en_bosque_osm": true, "copa_separada": false}}, {"type": "Feature", "geometry": {"type": "Point", "coordinates": [-79.5784634, 8.9947495]}, "properties": {"altura_m": 18, "diametro_copa_m": 16.2, "en_bosque_osm": true, "copa_separada": false}}, {"type": "Feature", "geometry": {"type": "Point", "coordinates": [-79.5776694, 9.0066072]}, "properties": {"altura_m": 18, "diametro_copa_m": 18.2, "en_bosque_osm": false, "copa_separada": false}}, {"type": "Feature", "geometry": {"type": "Point", "coordinates": [-79.5853084, 9.005982]}, "properties": {"altura_m": 18, "diametro_copa_m": 22.2, "en_bosque_osm": false, "copa_separada": false}}, {"type": "Feature", "geometry": {"type": "Point", "coordinates": [-79.5781415, 9.0048693]}, "properties": {"altura_m": 18, "diametro_copa_m": 25.0, "en_bosque_osm": false, "copa_separada": true}}, {"type": "Feature", "geometry": {"type": "Point", "coordinates": [-79.5760279, 9.004223]}, "properties": {"altura_m": 18, "diametro_copa_m": 24.8, "en_bosque_osm": false, "copa_separada": false}}, {"type": "Feature", "geometry": {"type": "Point", "coordinates": [-79.5740967, 9.0059078]}, "properties": {"altura_m": 18, "diametro_copa_m": 19.9, "en_bosque_osm": false, "copa_separada": false}}, {"type": "Feature", "geometry": {"type": "Point", "coordinates": [-79.5828729, 9.0063317]}, "properties": {"altura_m": 18, "diametro_copa_m": 20.9, "en_bosque_osm": false, "copa_separada": false}}, {"type": "Feature", "geometry": {"type": "Point", "coordinates": [-79.5796435, 9.0056429]}, "properties": {"altura_m": 18, "diametro_copa_m": 16.0, "en_bosque_osm": false, "copa_separada": true}}, {"type": "Feature", "geometry": {"type": "Point", "coordinates": [-79.576972, 9.0067555]}, "properties": {"altura_m": 18, "diametro_copa_m": 19.9, "en_bosque_osm": false, "copa_separada": false}}, {"type": "Feature", "geometry": {"type": "Point", "coordinates": [-79.5777874, 8.996286]}, "properties": {"altura_m": 19, "diametro_copa_m": 6.9, "en_bosque_osm": true, "copa_separada": true}}, {"type": "Feature", "geometry": {"type": "Point", "coordinates": [-79.5854371, 9.0064588]}, "properties": {"altura_m": 18, "diametro_copa_m": 18.7, "en_bosque_osm": false, "copa_separada": false}}, {"type": "Feature", "geometry": {"type": "Point", "coordinates": [-79.5890849, 9.0012135]}, "properties": {"altura_m": 18, "diametro_copa_m": 15.5, "en_bosque_osm": false, "copa_separada": true}}, {"type": "Feature", "geometry": {"type": "Point", "coordinates": [-79.5785385, 8.9964132]}, "properties": {"altura_m": 18, "diametro_copa_m": 18.5, "en_bosque_osm": true, "copa_separada": false}}, {"type": "Feature", "geometry": {"type": "Point", "coordinates": [-79.5738285, 9.0017539]}, "properties": {"altura_m": 18, "diametro_copa_m": 12.3, "en_bosque_osm": true, "copa_separada": false}}, {"type": "Feature", "geometry": {"type": "Point", "coordinates": [-79.5877545, 9.0068721]}, "properties": {"altura_m": 18, "diametro_copa_m": 19.4, "en_bosque_osm": false, "copa_separada": false}}, {"type": "Feature", "geometry": {"type": "Point", "coordinates": [-79.5776694, 8.996392]}, "properties": {"altura_m": 18, "diametro_copa_m": 9.2, "en_bosque_osm": true, "copa_separada": true}}, {"type": "Feature", "geometry": {"type": "Point", "coordinates": [-79.5735066, 9.0013513]}, "properties": {"altura_m": 18, "diametro_copa_m": 15.3, "en_bosque_osm": true, "copa_separada": false}}, {"type": "Feature", "geometry": {"type": "Point", "coordinates": [-79.5788281, 9.0018281]}, "properties": {"altura_m": 18, "diametro_copa_m": 9.1, "en_bosque_osm": false, "copa_separada": true}}, {"type": "Feature", "geometry": {"type": "Point", "coordinates": [-79.5782595, 8.9943574]}, "properties": {"altura_m": 18, "diametro_copa_m": 18.4, "en_bosque_osm": true, "copa_separada": false}}, {"type": "Feature", "geometry": {"type": "Point", "coordinates": [-79.5735174, 8.992842]}, "properties": {"altura_m": 17, "diametro_copa_m": 25.4, "en_bosque_osm": true, "copa_separada": true}}, {"type": "Feature", "geometry": {"type": "Point", "coordinates": [-79.5745366, 9.00648]}, "properties": {"altura_m": 17, "diametro_copa_m": 24.1, "en_bosque_osm": false, "copa_separada": false}}, {"type": "Feature", "geometry": {"type": "Point", "coordinates": [-79.5751696, 9.0061197]}, "properties": {"altura_m": 17, "diametro_copa_m": 22.8, "en_bosque_osm": false, "copa_separada": false}}, {"type": "Feature", "geometry": {"type": "Point", "coordinates": [-79.5743328, 9.0066496]}, "properties": {"altura_m": 17, "diametro_copa_m": 24.4, "en_bosque_osm": false, "copa_separada": false}}, {"type": "Feature", "geometry": {"type": "Point", "coordinates": [-79.5749979, 9.0054628]}, "properties": {"altura_m": 17, "diametro_copa_m": 23.7, "en_bosque_osm": false, "copa_separada": false}}, {"type": "Feature", "geometry": {"type": "Point", "coordinates": [-79.5744722, 9.0074973]}, "properties": {"altura_m": 17, "diametro_copa_m": 24.1, "en_bosque_osm": false, "copa_separada": false}}, {"type": "Feature", "geometry": {"type": "Point", "coordinates": [-79.5818429, 9.0054734]}, "properties": {"altura_m": 17, "diametro_copa_m": 24.2, "en_bosque_osm": false, "copa_separada": false}}, {"type": "Feature", "geometry": {"type": "Point", "coordinates": [-79.5736461, 9.0056323]}, "properties": {"altura_m": 17, "diametro_copa_m": 18.8, "en_bosque_osm": false, "copa_separada": false}}, {"type": "Feature", "geometry": {"type": "Point", "coordinates": [-79.5746868, 9.0065224]}, "properties": {"altura_m": 17, "diametro_copa_m": 22.6, "en_bosque_osm": false, "copa_separada": false}}, {"type": "Feature", "geometry": {"type": "Point", "coordinates": [-79.5813065, 9.0069145]}, "properties": {"altura_m": 17, "diametro_copa_m": 20.8, "en_bosque_osm": false, "copa_separada": false}}, {"type": "Feature", "geometry": {"type": "Point", "coordinates": [-79.5816284, 9.0071476]}, "properties": {"altura_m": 17, "diametro_copa_m": 15.7, "en_bosque_osm": false, "copa_separada": false}}, {"type": "Feature", "geometry": {"type": "Point", "coordinates": [-79.5800727, 8.9949932]}, "properties": {"altura_m": 17, "diametro_copa_m": 22.2, "en_bosque_osm": true, "copa_separada": true}}, {"type": "Feature", "geometry": {"type": "Point", "coordinates": [-79.5795792, 8.9916975]}, "properties": {"altura_m": 17, "diametro_copa_m": 18.5, "en_bosque_osm": true, "copa_separada": false}}, {"type": "Feature", "geometry": {"type": "Point", "coordinates": [-79.5737105, 9.0056005]}, "properties": {"altura_m": 17, "diametro_copa_m": 13.9, "en_bosque_osm": false, "copa_separada": false}}, {"type": "Feature", "geometry": {"type": "Point", "coordinates": [-79.5774978, 9.0058442]}, "properties": {"altura_m": 17, "diametro_copa_m": 18.3, "en_bosque_osm": false, "copa_separada": false}}, {"type": "Feature", "geometry": {"type": "Point", "coordinates": [-79.5816713, 9.0071688]}, "properties": {"altura_m": 17, "diametro_copa_m": 14.9, "en_bosque_osm": false, "copa_separada": false}}, {"type": "Feature", "geometry": {"type": "Point", "coordinates": [-79.5768111, 8.9992001]}, "properties": {"altura_m": 17, "diametro_copa_m": 21.9, "en_bosque_osm": true, "copa_separada": false}}, {"type": "Feature", "geometry": {"type": "Point", "coordinates": [-79.5764785, 9.0037355]}, "properties": {"altura_m": 17, "diametro_copa_m": 23.6, "en_bosque_osm": false, "copa_separada": false}}, {"type": "Feature", "geometry": {"type": "Point", "coordinates": [-79.5739251, 8.995629]}, "properties": {"altura_m": 17, "diametro_copa_m": 20.8, "en_bosque_osm": true, "copa_separada": false}}, {"type": "Feature", "geometry": {"type": "Point", "coordinates": [-79.5822077, 9.0067449]}, "properties": {"altura_m": 17, "diametro_copa_m": 23.3, "en_bosque_osm": false, "copa_separada": false}}, {"type": "Feature", "geometry": {"type": "Point", "coordinates": [-79.5805018, 9.0076139]}, "properties": {"altura_m": 17, "diametro_copa_m": 22.1, "en_bosque_osm": false, "copa_separada": false}}, {"type": "Feature", "geometry": {"type": "Point", "coordinates": [-79.5776158, 9.0076668]}, "properties": {"altura_m": 17, "diametro_copa_m": 23.9, "en_bosque_osm": false, "copa_separada": false}}, {"type": "Feature", "geometry": {"type": "Point", "coordinates": [-79.5788281, 8.9935626]}, "properties": {"altura_m": 17, "diametro_copa_m": 18.7, "en_bosque_osm": true, "copa_separada": true}}, {"type": "Feature", "geometry": {"type": "Point", "coordinates": [-79.583463, 9.0060032]}, "properties": {"altura_m": 17, "diametro_copa_m": 18.1, "en_bosque_osm": false, "copa_separada": false}}, {"type": "Feature", "geometry": {"type": "Point", "coordinates": [-79.587143, 8.9966887]}, "properties": {"altura_m": 17, "diametro_copa_m": 18.9, "en_bosque_osm": true, "copa_separada": false}}, {"type": "Feature", "geometry": {"type": "Point", "coordinates": [-79.5875507, 9.0065436]}, "properties": {"altura_m": 17, "diametro_copa_m": 23.2, "en_bosque_osm": false, "copa_separada": false}}, {"type": "Feature", "geometry": {"type": "Point", "coordinates": [-79.5740538, 8.9916763]}, "properties": {"altura_m": 17, "diametro_copa_m": 25.1, "en_bosque_osm": true, "copa_separada": false}}, {"type": "Feature", "geometry": {"type": "Point", "coordinates": [-79.5775836, 9.0074019]}, "properties": {"altura_m": 17, "diametro_copa_m": 21.1, "en_bosque_osm": false, "copa_separada": false}}, {"type": "Feature", "geometry": {"type": "Point", "coordinates": [-79.5746439, 9.0062151]}, "properties": {"altura_m": 17, "diametro_copa_m": 21.0, "en_bosque_osm": false, "copa_separada": false}}, {"type": "Feature", "geometry": {"type": "Point", "coordinates": [-79.5835703, 9.0059396]}, "properties": {"altura_m": 17, "diametro_copa_m": 17.4, "en_bosque_osm": false, "copa_separada": false}}, {"type": "Feature", "geometry": {"type": "Point", "coordinates": [-79.5830982, 9.0050495]}, "properties": {"altura_m": 17, "diametro_copa_m": 22.0, "en_bosque_osm": false, "copa_separada": false}}, {"type": "Feature", "geometry": {"type": "Point", "coordinates": [-79.5782917, 8.9991789]}, "properties": {"altura_m": 17, "diametro_copa_m": 17.1, "en_bosque_osm": false, "copa_separada": true}}, {"type": "Feature", "geometry": {"type": "Point", "coordinates": [-79.5756739, 9.0043395]}, "properties": {"altura_m": 17, "diametro_copa_m": 22.6, "en_bosque_osm": false, "copa_separada": false}}, {"type": "Feature", "geometry": {"type": "Point", "coordinates": [-79.5775514, 9.0059502]}, "properties": {"altura_m": 17, "diametro_copa_m": 20.3, "en_bosque_osm": false, "copa_separada": false}}, {"type": "Feature", "geometry": {"type": "Point", "coordinates": [-79.586628, 9.0074655]}, "properties": {"altura_m": 17, "diametro_copa_m": 22.0, "en_bosque_osm": false, "copa_separada": false}}, {"type": "Feature", "geometry": {"type": "Point", "coordinates": [-79.5845466, 9.0069569]}, "properties": {"altura_m": 17, "diametro_copa_m": 20.4, "en_bosque_osm": false, "copa_separada": true}}, {"type": "Feature", "geometry": {"type": "Point", "coordinates": [-79.5745795, 9.004827]}, "properties": {"altura_m": 17, "diametro_copa_m": 15.6, "en_bosque_osm": false, "copa_separada": false}}, {"type": "Feature", "geometry": {"type": "Point", "coordinates": [-79.5778304, 9.0065754]}, "properties": {"altura_m": 17, "diametro_copa_m": 20.0, "en_bosque_osm": false, "copa_separada": false}}, {"type": "Feature", "geometry": {"type": "Point", "coordinates": [-79.5810812, 9.0071582]}, "properties": {"altura_m": 17, "diametro_copa_m": 24.1, "en_bosque_osm": false, "copa_separada": true}}, {"type": "Feature", "geometry": {"type": "Point", "coordinates": [-79.5776372, 9.0074867]}, "properties": {"altura_m": 17, "diametro_copa_m": 20.8, "en_bosque_osm": false, "copa_separada": false}}, {"type": "Feature", "geometry": {"type": "Point", "coordinates": [-79.5826369, 9.0062469]}, "properties": {"altura_m": 17, "diametro_copa_m": 22.4, "en_bosque_osm": false, "copa_separada": false}}, {"type": "Feature", "geometry": {"type": "Point", "coordinates": [-79.5740002, 8.9922062]}, "properties": {"altura_m": 17, "diametro_copa_m": 13.4, "en_bosque_osm": true, "copa_separada": false}}, {"type": "Feature", "geometry": {"type": "Point", "coordinates": [-79.5773046, 9.0067449]}, "properties": {"altura_m": 17, "diametro_copa_m": 21.3, "en_bosque_osm": false, "copa_separada": false}}, {"type": "Feature", "geometry": {"type": "Point", "coordinates": [-79.5737856, 9.0056111]}, "properties": {"altura_m": 17, "diametro_copa_m": 17.4, "en_bosque_osm": false, "copa_separada": false}}, {"type": "Feature", "geometry": {"type": "Point", "coordinates": [-79.584096, 9.0059502]}, "properties": {"altura_m": 17, "diametro_copa_m": 16.9, "en_bosque_osm": false, "copa_separada": false}}, {"type": "Feature", "geometry": {"type": "Point", "coordinates": [-79.5745581, 9.0049117]}, "properties": {"altura_m": 17, "diametro_copa_m": 19.7, "en_bosque_osm": false, "copa_separada": false}}, {"type": "Feature", "geometry": {"type": "Point", "coordinates": [-79.5873576, 8.9973245]}, "properties": {"altura_m": 17, "diametro_copa_m": 22.3, "en_bosque_osm": true, "copa_separada": false}}, {"type": "Feature", "geometry": {"type": "Point", "coordinates": [-79.5747941, 9.000387]}, "properties": {"altura_m": 17, "diametro_copa_m": 19.7, "en_bosque_osm": true, "copa_separada": false}}, {"type": "Feature", "geometry": {"type": "Point", "coordinates": [-79.5798366, 8.9953429]}, "properties": {"altura_m": 17, "diametro_copa_m": 21.4, "en_bosque_osm": true, "copa_separada": false}}, {"type": "Feature", "geometry": {"type": "Point", "coordinates": [-79.5786887, 8.9931281]}, "properties": {"altura_m": 17, "diametro_copa_m": 13.6, "en_bosque_osm": true, "copa_separada": false}}, {"type": "Feature", "geometry": {"type": "Point", "coordinates": [-79.5792358, 8.9921426]}, "properties": {"altura_m": 17, "diametro_copa_m": 17.0, "en_bosque_osm": true, "copa_separada": false}}, {"type": "Feature", "geometry": {"type": "Point", "coordinates": [-79.578238, 9.0043501]}, "properties": {"altura_m": 17, "diametro_copa_m": 21.9, "en_bosque_osm": false, "copa_separada": false}}, {"type": "Feature", "geometry": {"type": "Point", "coordinates": [-79.574955, 8.9981616]}, "properties": {"altura_m": 17, "diametro_copa_m": 18.7, "en_bosque_osm": true, "copa_separada": false}}, {"type": "Feature", "geometry": {"type": "Point", "coordinates": [-79.5873039, 8.9969324]}, "properties": {"altura_m": 17, "diametro_copa_m": 20.5, "en_bosque_osm": true, "copa_separada": false}}, {"type": "Feature", "geometry": {"type": "Point", "coordinates": [-79.5756309, 9.0055899]}, "properties": {"altura_m": 17, "diametro_copa_m": 22.9, "en_bosque_osm": false, "copa_separada": false}}, {"type": "Feature", "geometry": {"type": "Point", "coordinates": [-79.5749228, 8.9992955]}, "properties": {"altura_m": 17, "diametro_copa_m": 14.0, "en_bosque_osm": true, "copa_separada": false}}, {"type": "Feature", "geometry": {"type": "Point", "coordinates": [-79.5747726, 8.9992425]}, "properties": {"altura_m": 17, "diametro_copa_m": 19.7, "en_bosque_osm": true, "copa_separada": false}}, {"type": "Feature", "geometry": {"type": "Point", "coordinates": [-79.5873683, 8.9969324]}, "properties": {"altura_m": 17, "diametro_copa_m": 20.1, "en_bosque_osm": true, "copa_separada": false}}, {"type": "Feature", "geometry": {"type": "Point", "coordinates": [-79.5870786, 8.9966675]}, "properties": {"altura_m": 17, "diametro_copa_m": 20.5, "en_bosque_osm": true, "copa_separada": false}}, {"type": "Feature", "geometry": {"type": "Point", "coordinates": [-79.5779484, 9.0051449]}, "properties": {"altura_m": 17, "diametro_copa_m": 24.9, "en_bosque_osm": false, "copa_separada": false}}, {"type": "Feature", "geometry": {"type": "Point", "coordinates": [-79.5846646, 9.0074443]}, "properties": {"altura_m": 17, "diametro_copa_m": 14.3, "en_bosque_osm": false, "copa_separada": false}}, {"type": "Feature", "geometry": {"type": "Point", "coordinates": [-79.5782166, 8.9966463]}, "properties": {"altura_m": 17, "diametro_copa_m": 20.1, "en_bosque_osm": true, "copa_separada": false}}, {"type": "Feature", "geometry": {"type": "Point", "coordinates": [-79.5747941, 9.0074231]}, "properties": {"altura_m": 17, "diametro_copa_m": 23.7, "en_bosque_osm": false, "copa_separada": false}}, {"type": "Feature", "geometry": {"type": "Point", "coordinates": [-79.5767038, 8.9980239]}, "properties": {"altura_m": 17, "diametro_copa_m": 10.0, "en_bosque_osm": true, "copa_separada": true}}, {"type": "Feature", "geometry": {"type": "Point", "coordinates": [-79.5787745, 8.9967311]}, "properties": {"altura_m": 17, "diametro_copa_m": 22.1, "en_bosque_osm": true, "copa_separada": false}}, {"type": "Feature", "geometry": {"type": "Point", "coordinates": [-79.576103, 8.9988398]}, "properties": {"altura_m": 17, "diametro_copa_m": 11.8, "en_bosque_osm": true, "copa_separada": false}}, {"type": "Feature", "geometry": {"type": "Point", "coordinates": [-79.574483, 9.001383]}, "properties": {"altura_m": 17, "diametro_copa_m": 11.5, "en_bosque_osm": true, "copa_separada": false}}, {"type": "Feature", "geometry": {"type": "Point", "coordinates": [-79.574955, 9.0075927]}, "properties": {"altura_m": 16, "diametro_copa_m": 12.6, "en_bosque_osm": false, "copa_separada": false}}, {"type": "Feature", "geometry": {"type": "Point", "coordinates": [-79.5749765, 9.0075821]}, "properties": {"altura_m": 16, "diametro_copa_m": 5.6, "en_bosque_osm": false, "copa_separada": false}}, {"type": "Feature", "geometry": {"type": "Point", "coordinates": [-79.5750516, 9.0075715]}, "properties": {"altura_m": 16, "diametro_copa_m": 13.8, "en_bosque_osm": false, "copa_separada": false}}, {"type": "Feature", "geometry": {"type": "Point", "coordinates": [-79.5750301, 9.0075715]}, "properties": {"altura_m": 16, "diametro_copa_m": 7.2, "en_bosque_osm": false, "copa_separada": false}}, {"type": "Feature", "geometry": {"type": "Point", "coordinates": [-79.5750087, 9.0075715]}, "properties": {"altura_m": 16, "diametro_copa_m": 4.0, "en_bosque_osm": false, "copa_separada": false}}, {"type": "Feature", "geometry": {"type": "Point", "coordinates": [-79.574955, 9.0075715]}, "properties": {"altura_m": 16, "diametro_copa_m": 3.0, "en_bosque_osm": false, "copa_separada": false}}, {"type": "Feature", "geometry": {"type": "Point", "coordinates": [-79.5749872, 9.0075609]}, "properties": {"altura_m": 16, "diametro_copa_m": 3.0, "en_bosque_osm": false, "copa_separada": false}}, {"type": "Feature", "geometry": {"type": "Point", "coordinates": [-79.5750516, 9.0075503]}, "properties": {"altura_m": 16, "diametro_copa_m": 6.2, "en_bosque_osm": false, "copa_separada": false}}, {"type": "Feature", "geometry": {"type": "Point", "coordinates": [-79.5750087, 9.0075503]}, "properties": {"altura_m": 16, "diametro_copa_m": 2.7, "en_bosque_osm": false, "copa_separada": false}}, {"type": "Feature", "geometry": {"type": "Point", "coordinates": [-79.5749658, 9.0075503]}, "properties": {"altura_m": 16, "diametro_copa_m": 3.3, "en_bosque_osm": false, "copa_separada": false}}, {"type": "Feature", "geometry": {"type": "Point", "coordinates": [-79.5749443, 9.0075503]}, "properties": {"altura_m": 16, "diametro_copa_m": 11.4, "en_bosque_osm": false, "copa_separada": false}}, {"type": "Feature", "geometry": {"type": "Point", "coordinates": [-79.5749872, 9.0075397]}, "properties": {"altura_m": 16, "diametro_copa_m": 2.3, "en_bosque_osm": false, "copa_separada": false}}, {"type": "Feature", "geometry": {"type": "Point", "coordinates": [-79.5750516, 9.0075291]}, "properties": {"altura_m": 16, "diametro_copa_m": 4.6, "en_bosque_osm": false, "copa_separada": false}}, {"type": "Feature", "geometry": {"type": "Point", "coordinates": [-79.5750301, 9.0075291]}, "properties": {"altura_m": 16, "diametro_copa_m": 3.3, "en_bosque_osm": false, "copa_separada": false}}, {"type": "Feature", "geometry": {"type": "Point", "coordinates": [-79.5750087, 9.0075291]}, "properties": {"altura_m": 16, "diametro_copa_m": 3.5, "en_bosque_osm": false, "copa_separada": false}}, {"type": "Feature", "geometry": {"type": "Point", "coordinates": [-79.5749658, 9.0075291]}, "properties": {"altura_m": 16, "diametro_copa_m": 2.7, "en_bosque_osm": false, "copa_separada": false}}, {"type": "Feature", "geometry": {"type": "Point", "coordinates": [-79.5749872, 9.0075185]}, "properties": {"altura_m": 16, "diametro_copa_m": 3.0, "en_bosque_osm": false, "copa_separada": false}}, {"type": "Feature", "geometry": {"type": "Point", "coordinates": [-79.5750516, 9.0075079]}, "properties": {"altura_m": 16, "diametro_copa_m": 6.7, "en_bosque_osm": false, "copa_separada": false}}, {"type": "Feature", "geometry": {"type": "Point", "coordinates": [-79.5750301, 9.0075079]}, "properties": {"altura_m": 16, "diametro_copa_m": 3.3, "en_bosque_osm": false, "copa_separada": false}}, {"type": "Feature", "geometry": {"type": "Point", "coordinates": [-79.5750087, 9.0075079]}, "properties": {"altura_m": 16, "diametro_copa_m": 2.3, "en_bosque_osm": false, "copa_separada": false}}, {"type": "Feature", "geometry": {"type": "Point", "coordinates": [-79.5749658, 9.0075079]}, "properties": {"altura_m": 16, "diametro_copa_m": 5.8, "en_bosque_osm": false, "copa_separada": false}}, {"type": "Feature", "geometry": {"type": "Point", "coordinates": [-79.5749872, 9.0074973]}, "properties": {"altura_m": 16, "diametro_copa_m": 2.3, "en_bosque_osm": false, "copa_separada": false}}, {"type": "Feature", "geometry": {"type": "Point", "coordinates": [-79.5750516, 9.0074867]}, "properties": {"altura_m": 16, "diametro_copa_m": 2.7, "en_bosque_osm": false, "copa_separada": false}}, {"type": "Feature", "geometry": {"type": "Point", "coordinates": [-79.5750301, 9.0074867]}, "properties": {"altura_m": 16, "diametro_copa_m": 2.7, "en_bosque_osm": false, "copa_separada": false}}, {"type": "Feature", "geometry": {"type": "Point", "coordinates": [-79.5750087, 9.0074867]}, "properties": {"altura_m": 16, "diametro_copa_m": 2.3, "en_bosque_osm": false, "copa_separada": false}}, {"type": "Feature", "geometry": {"type": "Point", "coordinates": [-79.5749658, 9.0074867]}, "properties": {"altura_m": 16, "diametro_copa_m": 4.4, "en_bosque_osm": false, "copa_separada": false}}, {"type": "Feature", "geometry": {"type": "Point", "coordinates": [-79.5749872, 9.0074761]}, "properties": {"altura_m": 16, "diametro_copa_m": 3.0, "en_bosque_osm": false, "copa_separada": false}}, {"type": "Feature", "geometry": {"type": "Point", "coordinates": [-79.5750623, 9.0074655]}, "properties": {"altura_m": 16, "diametro_copa_m": 11.5, "en_bosque_osm": false, "copa_separada": false}}, {"type": "Feature", "geometry": {"type": "Point", "coordinates": [-79.5750409, 9.0074655]}, "properties": {"altura_m": 16, "diametro_copa_m": 2.3, "en_bosque_osm": false, "copa_separada": false}}, {"type": "Feature", "geometry": {"type": "Point", "coordinates": [-79.5750194, 9.0074655]}, "properties": {"altura_m": 16, "diametro_copa_m": 3.3, "en_bosque_osm": false, "copa_separada": false}}, {"type": "Feature", "geometry": {"type": "Point", "coordinates": [-79.5749658, 9.0074655]}, "properties": {"altura_m": 16, "diametro_copa_m": 7.8, "en_bosque_osm": false, "copa_separada": false}}, {"type": "Feature", "geometry": {"type": "Point", "coordinates": [-79.5749979, 9.0074549]}, "properties": {"altura_m": 16, "diametro_copa_m": 3.0, "en_bosque_osm": false, "copa_separada": false}}, {"type": "Feature", "geometry": {"type": "Point", "coordinates": [-79.5750409, 9.0074443]}, "properties": {"altura_m": 16, "diametro_copa_m": 3.8, "en_bosque_osm": false, "copa_separada": false}}, {"type": "Feature", "geometry": {"type": "Point", "coordinates": [-79.5750194, 9.0074443]}, "properties": {"altura_m": 16, "diametro_copa_m": 2.3, "en_bosque_osm": false, "copa_separada": false}}, {"type": "Feature", "geometry": {"type": "Point", "coordinates": [-79.5749765, 9.0074443]}, "properties": {"altura_m": 16, "diametro_copa_m": 3.0, "en_bosque_osm": false, "copa_separada": false}}, {"type": "Feature", "geometry": {"type": "Point", "coordinates": [-79.5749979, 9.0074337]}, "properties": {"altura_m": 16, "diametro_copa_m": 2.7, "en_bosque_osm": false, "copa_separada": false}}, {"type": "Feature", "geometry": {"type": "Point", "coordinates": [-79.5750409, 9.0074231]}, "properties": {"altura_m": 16, "diametro_copa_m": 11.9, "en_bosque_osm": false, "copa_separada": false}}, {"type": "Feature", "geometry": {"type": "Point", "coordinates": [-79.5750194, 9.0074231]}, "properties": {"altura_m": 16, "diametro_copa_m": 2.7, "en_bosque_osm": false, "copa_separada": false}}, {"type": "Feature", "geometry": {"type": "Point", "coordinates": [-79.5749765, 9.0074231]}, "properties": {"altura_m": 16, "diametro_copa_m": 11.7, "en_bosque_osm": false, "copa_separada": false}}, {"type": "Feature", "geometry": {"type": "Point", "coordinates": [-79.5749979, 9.0074125]}, "properties": {"altura_m": 16, "diametro_copa_m": 10.7, "en_bosque_osm": false, "copa_separada": false}}, {"type": "Feature", "geometry": {"type": "Point", "coordinates": [-79.579268, 8.9978119]}, "properties": {"altura_m": 16, "diametro_copa_m": 16.6, "en_bosque_osm": false, "copa_separada": false}}, {"type": "Feature", "geometry": {"type": "Point", "coordinates": [-79.579268, 8.9977907]}, "properties": {"altura_m": 16, "diametro_copa_m": 7.9, "en_bosque_osm": false, "copa_separada": false}}, {"type": "Feature", "geometry": {"type": "Point", "coordinates": [-79.5792466, 8.9977802]}, "properties": {"altura_m": 16, "diametro_copa_m": 12.0, "en_bosque_osm": false, "copa_separada": false}}, {"type": "Feature", "geometry": {"type": "Point", "coordinates": [-79.579268, 8.9977696]}, "properties": {"altura_m": 16, "diametro_copa_m": 8.6, "en_bosque_osm": false, "copa_separada": false}}, {"type": "Feature", "geometry": {"type": "Point", "coordinates": [-79.5792573, 8.9977484]}, "properties": {"altura_m": 16, "diametro_copa_m": 16.4, "en_bosque_osm": false, "copa_separada": false}}, {"type": "Feature", "geometry": {"type": "Point", "coordinates": [-79.5816498, 9.0072642]}, "properties": {"altura_m": 16, "diametro_copa_m": 18.5, "en_bosque_osm": false, "copa_separada": false}}, {"type": "Feature", "geometry": {"type": "Point", "coordinates": [-79.5736783, 9.0064482]}, "properties": {"altura_m": 16, "diametro_copa_m": 23.6, "en_bosque_osm": false, "copa_separada": false}}, {"type": "Feature", "geometry": {"type": "Point", "coordinates": [-79.5758133, 9.0056747]}, "properties": {"altura_m": 16, "diametro_copa_m": 23.0, "en_bosque_osm": false, "copa_separada": false}}, {"type": "Feature", "geometry": {"type": "Point", "coordinates": [-79.5746868, 9.0063423]}, "properties": {"altura_m": 16, "diametro_copa_m": 21.5, "en_bosque_osm": false, "copa_separada": false}}, {"type": "Feature", "geometry": {"type": "Point", "coordinates": [-79.587379, 9.0065012]}, "properties": {"altura_m": 16, "diametro_copa_m": 20.4, "en_bosque_osm": false, "copa_separada": false}}, {"type": "Feature", "geometry": {"type": "Point", "coordinates": [-79.5841711, 9.0058654]}, "properties": {"altura_m": 16, "diametro_copa_m": 19.4, "en_bosque_osm": false, "copa_separada": false}}, {"type": "Feature", "geometry": {"type": "Point", "coordinates": [-79.5767253, 9.0008214]}, "properties": {"altura_m": 16, "diametro_copa_m": 23.1, "en_bosque_osm": false, "copa_separada": true}}, {"type": "Feature", "geometry": {"type": "Point", "coordinates": [-79.5896964, 9.0069463]}, "properties": {"altura_m": 16, "diametro_copa_m": 21.4, "en_bosque_osm": false, "copa_separada": false}}, {"type": "Feature", "geometry": {"type": "Point", "coordinates": [-79.587379, 9.006586]}, "properties": {"altura_m": 16, "diametro_copa_m": 15.9, "en_bosque_osm": false, "copa_separada": false}}, {"type": "Feature", "geometry": {"type": "Point", "coordinates": [-79.5736032, 8.9955972]}, "properties": {"altura_m": 16, "diametro_copa_m": 23.7, "en_bosque_osm": true, "copa_separada": false}}, {"type": "Feature", "geometry": {"type": "Point", "coordinates": [-79.5799868, 8.9941454]}, "properties": {"altura_m": 16, "diametro_copa_m": 23.1, "en_bosque_osm": true, "copa_separada": true}}, {"type": "Feature", "geometry": {"type": "Point", "coordinates": [-79.5862203, 9.0061833]}, "properties": {"altura_m": 16, "diametro_copa_m": 16.5, "en_bosque_osm": false, "copa_separada": false}}, {"type": "Feature", "geometry": {"type": "Point", "coordinates": [-79.5818966, 9.0043395]}, "properties": {"altura_m": 16, "diametro_copa_m": 18.4, "en_bosque_osm": false, "copa_separada": true}}, {"type": "Feature", "geometry": {"type": "Point", "coordinates": [-79.5807164, 9.0074867]}, "properties": {"altura_m": 16, "diametro_copa_m": 22.3, "en_bosque_osm": false, "copa_separada": false}}, {"type": "Feature", "geometry": {"type": "Point", "coordinates": [-79.574086, 8.9996134]}, "properties": {"altura_m": 16, "diametro_copa_m": 22.0, "en_bosque_osm": true, "copa_separada": true}}, {"type": "Feature", "geometry": {"type": "Point", "coordinates": [-79.5739465, 9.0022626]}, "properties": {"altura_m": 16, "diametro_copa_m": 20.1, "en_bosque_osm": true, "copa_separada": false}}, {"type": "Feature", "geometry": {"type": "Point", "coordinates": [-79.5750838, 9.0055475]}, "properties": {"altura_m": 16, "diametro_copa_m": 14.6, "en_bosque_osm": false, "copa_separada": false}}, {"type": "Feature", "geometry": {"type": "Point", "coordinates": [-79.5739894, 9.002199]}, "properties": {"altura_m": 16, "diametro_copa_m": 20.4, "en_bosque_osm": true, "copa_separada": false}}, {"type": "Feature", "geometry": {"type": "Point", "coordinates": [-79.5735281, 9.0014678]}, "properties": {"altura_m": 16, "diametro_copa_m": 15.3, "en_bosque_osm": true, "copa_separada": false}}, {"type": "Feature", "geometry": {"type": "Point", "coordinates": [-79.5749443, 9.0046892]}, "properties": {"altura_m": 16, "diametro_copa_m": 20.7, "en_bosque_osm": false, "copa_separada": false}}, {"type": "Feature", "geometry": {"type": "Point", "coordinates": [-79.5867138, 9.0069569]}, "properties": {"altura_m": 16, "diametro_copa_m": 17.6, "en_bosque_osm": false, "copa_separada": false}}, {"type": "Feature", "geometry": {"type": "Point", "coordinates": [-79.5785492, 8.9931281]}, "properties": {"altura_m": 16, "diametro_copa_m": 16.9, "en_bosque_osm": true, "copa_separada": false}}, {"type": "Feature", "geometry": {"type": "Point", "coordinates": [-79.5814889, 8.9951733]}, "properties": {"altura_m": 16, "diametro_copa_m": 16.4, "en_bosque_osm": false, "copa_separada": false}}, {"type": "Feature", "geometry": {"type": "Point", "coordinates": [-79.5800834, 9.0069569]}, "properties": {"altura_m": 16, "diametro_copa_m": 22.8, "en_bosque_osm": false, "copa_separada": true}}, {"type": "Feature", "geometry": {"type": "Point", "coordinates": [-79.5793002, 8.99547]}, "properties": {"altura_m": 16, "diametro_copa_m": 24.0, "en_bosque_osm": true, "copa_separada": true}}, {"type": "Feature", "geometry": {"type": "Point", "coordinates": [-79.5767467, 8.9992743]}, "properties": {"altura_m": 16, "diametro_copa_m": 15.8, "en_bosque_osm": true, "copa_separada": false}}, {"type": "Feature", "geometry": {"type": "Point", "coordinates": [-79.5829266, 9.0048905]}, "properties": {"altura_m": 16, "diametro_copa_m": 22.9, "en_bosque_osm": false, "copa_separada": false}}, {"type": "Feature", "geometry": {"type": "Point", "coordinates": [-79.577487, 9.0008956]}, "properties": {"altura_m": 16, "diametro_copa_m": 16.9, "en_bosque_osm": false, "copa_separada": true}}, {"type": "Feature", "geometry": {"type": "Point", "coordinates": [-79.5879262, 9.0072112]}, "properties": {"altura_m": 16, "diametro_copa_m": 21.3, "en_bosque_osm": false, "copa_separada": true}}, {"type": "Feature", "geometry": {"type": "Point", "coordinates": [-79.5830231, 9.0074549]}, "properties": {"altura_m": 16, "diametro_copa_m": 19.2, "en_bosque_osm": false, "copa_separada": false}}, {"type": "Feature", "geometry": {"type": "Point", "coordinates": [-79.5741718, 9.0005459]}, "properties": {"altura_m": 16, "diametro_copa_m": 20.1, "en_bosque_osm": true, "copa_separada": true}}, {"type": "Feature", "geometry": {"type": "Point", "coordinates": [-79.5811134, 9.0074443]}, "properties": {"altura_m": 16, "diametro_copa_m": 21.6, "en_bosque_osm": false, "copa_separada": false}}, {"type": "Feature", "geometry": {"type": "Point", "coordinates": [-79.5871859, 8.9967946]}, "properties": {"altura_m": 16, "diametro_copa_m": 19.7, "en_bosque_osm": true, "copa_separada": false}}, {"type": "Feature", "geometry": {"type": "Point", "coordinates": [-79.577766, 9.0069039]}, "properties": {"altura_m": 16, "diametro_copa_m": 21.9, "en_bosque_osm": false, "copa_separada": false}}, {"type": "Feature", "geometry": {"type": "Point", "coordinates": [-79.574483, 9.0003658]}, "properties": {"altura_m": 16, "diametro_copa_m": 20.5, "en_bosque_osm": true, "copa_separada": false}}, {"type": "Feature", "geometry": {"type": "Point", "coordinates": [-79.5785814, 8.9963496]}, "properties": {"altura_m": 16, "diametro_copa_m": 18.0, "en_bosque_osm": true, "copa_separada": false}}, {"type": "Feature", "geometry": {"type": "Point", "coordinates": [-79.5856195, 9.0057595]}, "properties": {"altura_m": 16, "diametro_copa_m": 20.3, "en_bosque_osm": false, "copa_separada": true}}, {"type": "Feature", "geometry": {"type": "Point", "coordinates": [-79.5737856, 8.9973351]}, "properties": {"altura_m": 16, "diametro_copa_m": 11.6, "en_bosque_osm": false, "copa_separada": false}}, {"type": "Feature", "geometry": {"type": "Point", "coordinates": [-79.5827442, 9.0062893]}, "properties": {"altura_m": 16, "diametro_copa_m": 15.0, "en_bosque_osm": false, "copa_separada": false}}, {"type": "Feature", "geometry": {"type": "Point", "coordinates": [-79.5765858, 9.0026758]}, "properties": {"altura_m": 16, "diametro_copa_m": 21.4, "en_bosque_osm": false, "copa_separada": true}}, {"type": "Feature", "geometry": {"type": "Point", "coordinates": [-79.5852333, 9.0057065]}, "properties": {"altura_m": 16, "diametro_copa_m": 21.3, "en_bosque_osm": false, "copa_separada": false}}, {"type": "Feature", "geometry": {"type": "Point", "coordinates": [-79.5755237, 8.998416]}, "properties": {"altura_m": 17, "diametro_copa_m": 10.6, "en_bosque_osm": true, "copa_separada": true}}, {"type": "Feature", "geometry": {"type": "Point", "coordinates": [-79.5743006, 8.9916975]}, "properties": {"altura_m": 16, "diametro_copa_m": 19.4, "en_bosque_osm": true, "copa_separada": false}}, {"type": "Feature", "geometry": {"type": "Point", "coordinates": [-79.5765751, 8.9983312]}, "properties": {"altura_m": 16, "diametro_copa_m": 14.2, "en_bosque_osm": true, "copa_separada": false}}, {"type": "Feature", "geometry": {"type": "Point", "coordinates": [-79.5835381, 9.0069039]}, "properties": {"altura_m": 16, "diametro_copa_m": 19.5, "en_bosque_osm": false, "copa_separada": false}}, {"type": "Feature", "geometry": {"type": "Point", "coordinates": [-79.5814996, 8.9950886]}, "properties": {"altura_m": 16, "diametro_copa_m": 15.0, "en_bosque_osm": false, "copa_separada": false}}, {"type": "Feature", "geometry": {"type": "Point", "coordinates": [-79.5788174, 8.992789]}, "properties": {"altura_m": 16, "diametro_copa_m": 16.6, "en_bosque_osm": true, "copa_separada": false}}, {"type": "Feature", "geometry": {"type": "Point", "coordinates": [-79.5777123, 9.0070416]}, "properties": {"altura_m": 16, "diametro_copa_m": 13.9, "en_bosque_osm": false, "copa_separada": false}}, {"type": "Feature", "geometry": {"type": "Point", "coordinates": [-79.5738392, 9.007031]}, "properties": {"altura_m": 16, "diametro_copa_m": 18.9, "en_bosque_osm": false, "copa_separada": true}}, {"type": "Feature", "geometry": {"type": "Point", "coordinates": [-79.5895141, 8.996445]}, "properties": {"altura_m": 16, "diametro_copa_m": 14.2, "en_bosque_osm": false, "copa_separada": true}}, {"type": "Feature", "geometry": {"type": "Point", "coordinates": [-79.5746868, 9.0005989]}, "properties": {"altura_m": 16, "diametro_copa_m": 18.3, "en_bosque_osm": true, "copa_separada": false}}, {"type": "Feature", "geometry": {"type": "Point", "coordinates": [-79.5761781, 8.999465]}, "properties": {"altura_m": 16, "diametro_copa_m": 16.0, "en_bosque_osm": true, "copa_separada": false}}, {"type": "Feature", "geometry": {"type": "Point", "coordinates": [-79.5828729, 9.0059714]}, "properties": {"altura_m": 16, "diametro_copa_m": 14.2, "en_bosque_osm": false, "copa_separada": false}}, {"type": "Feature", "geometry": {"type": "Point", "coordinates": [-79.5765858, 9.0040004]}, "properties": {"altura_m": 16, "diametro_copa_m": 20.0, "en_bosque_osm": false, "copa_separada": false}}, {"type": "Feature", "geometry": {"type": "Point", "coordinates": [-79.5808666, 9.0075185]}, "properties": {"altura_m": 16, "diametro_copa_m": 21.5, "en_bosque_osm": false, "copa_separada": false}}, {"type": "Feature", "geometry": {"type": "Point", "coordinates": [-79.587497, 9.0063529]}, "properties": {"altura_m": 16, "diametro_copa_m": 19.7, "en_bosque_osm": false, "copa_separada": false}}, {"type": "Feature", "geometry": {"type": "Point", "coordinates": [-79.5872181, 8.9972927]}, "properties": {"altura_m": 16, "diametro_copa_m": 20.7, "en_bosque_osm": true, "copa_separada": false}}, {"type": "Feature", "geometry": {"type": "Point", "coordinates": [-79.5817893, 9.0052932]}, "properties": {"altura_m": 15, "diametro_copa_m": 22.0, "en_bosque_osm": false, "copa_separada": false}}, {"type": "Feature", "geometry": {"type": "Point", "coordinates": [-79.5776158, 8.9979709]}, "properties": {"altura_m": 15, "diametro_copa_m": 22.8, "en_bosque_osm": true, "copa_separada": true}}, {"type": "Feature", "geometry": {"type": "Point", "coordinates": [-79.5749014, 9.0057065]}, "properties": {"altura_m": 15, "diametro_copa_m": 20.1, "en_bosque_osm": false, "copa_separada": false}}, {"type": "Feature", "geometry": {"type": "Point", "coordinates": [-79.5864885, 9.0059608]}, "properties": {"altura_m": 15, "diametro_copa_m": 22.1, "en_bosque_osm": false, "copa_separada": true}}, {"type": "Feature", "geometry": {"type": "Point", "coordinates": [-79.5868855, 8.9966251]}, "properties": {"altura_m": 15, "diametro_copa_m": 20.2, "en_bosque_osm": true, "copa_separada": false}}, {"type": "Feature", "geometry": {"type": "Point", "coordinates": [-79.5766931, 9.0040534]}, "properties": {"altura_m": 15, "diametro_copa_m": 18.1, "en_bosque_osm": false, "copa_separada": false}}, {"type": "Feature", "geometry": {"type": "Point", "coordinates": [-79.5847719, 9.0049011]}, "properties": {"altura_m": 15, "diametro_copa_m": 21.4, "en_bosque_osm": false, "copa_separada": false}}, {"type": "Feature", "geometry": {"type": "Point", "coordinates": [-79.5790105, 8.9928526]}, "properties": {"altura_m": 15, "diametro_copa_m": 18.7, "en_bosque_osm": true, "copa_separada": true}}, {"type": "Feature", "geometry": {"type": "Point", "coordinates": [-79.5817893, 9.0062787]}, "properties": {"altura_m": 15, "diametro_copa_m": 22.1, "en_bosque_osm": false, "copa_separada": true}}, {"type": "Feature", "geometry": {"type": "Point", "coordinates": [-79.5897286, 9.0068297]}, "properties": {"altura_m": 15, "diametro_copa_m": 20.1, "en_bosque_osm": false, "copa_separada": false}}, {"type": "Feature", "geometry": {"type": "Point", "coordinates": [-79.5821433, 9.007084]}, "properties": {"altura_m": 15, "diametro_copa_m": 20.3, "en_bosque_osm": false, "copa_separada": false}}, {"type": "Feature", "geometry": {"type": "Point", "coordinates": [-79.5838385, 8.9981404]}, "properties": {"altura_m": 15, "diametro_copa_m": 22.2, "en_bosque_osm": false, "copa_separada": true}}, {"type": "Feature", "geometry": {"type": "Point", "coordinates": [-79.5878833, 9.0064059]}, "properties": {"altura_m": 15, "diametro_copa_m": 20.3, "en_bosque_osm": false, "copa_separada": false}}, {"type": "Feature", "geometry": {"type": "Point", "coordinates": [-79.5795577, 9.0074019]}, "properties": {"altura_m": 15, "diametro_copa_m": 22.1, "en_bosque_osm": false, "copa_separada": true}}, {"type": "Feature", "geometry": {"type": "Point", "coordinates": [-79.5746117, 9.0016162]}, "properties": {"altura_m": 15, "diametro_copa_m": 16.4, "en_bosque_osm": true, "copa_separada": false}}, {"type": "Feature", "geometry": {"type": "Point", "coordinates": [-79.5840423, 9.0038627]}, "properties": {"altura_m": 15, "diametro_copa_m": 17.4, "en_bosque_osm": false, "copa_separada": false}}, {"type": "Feature", "geometry": {"type": "Point", "coordinates": [-79.5753735, 9.0006519]}, "properties": {"altura_m": 15, "diametro_copa_m": 20.4, "en_bosque_osm": true, "copa_separada": false}}, {"type": "Feature", "geometry": {"type": "Point", "coordinates": [-79.5740753, 9.0019447]}, "properties": {"altura_m": 15, "diametro_copa_m": 21.8, "en_bosque_osm": true, "copa_separada": true}}, {"type": "Feature", "geometry": {"type": "Point", "coordinates": [-79.5735066, 8.9944527]}, "properties": {"altura_m": 15, "diametro_copa_m": 21.0, "en_bosque_osm": true, "copa_separada": true}}, {"type": "Feature", "geometry": {"type": "Point", "coordinates": [-79.5740002, 8.9958091]}, "properties": {"altura_m": 15, "diametro_copa_m": 16.5, "en_bosque_osm": true, "copa_separada": true}}, {"type": "Feature", "geometry": {"type": "Point", "coordinates": [-79.5737963, 9.0040852]}, "properties": {"altura_m": 15, "diametro_copa_m": 15.9, "en_bosque_osm": false, "copa_separada": false}}, {"type": "Feature", "geometry": {"type": "Point", "coordinates": [-79.5772295, 9.0063317]}, "properties": {"altura_m": 15, "diametro_copa_m": 18.0, "en_bosque_osm": false, "copa_separada": false}}, {"type": "Feature", "geometry": {"type": "Point", "coordinates": [-79.5849221, 9.0057913]}, "properties": {"altura_m": 15, "diametro_copa_m": 17.0, "en_bosque_osm": false, "copa_separada": false}}, {"type": "Feature", "geometry": {"type": "Point", "coordinates": [-79.5849972, 8.996127]}, "properties": {"altura_m": 15, "diametro_copa_m": 19.6, "en_bosque_osm": true, "copa_separada": false}}, {"type": "Feature", "geometry": {"type": "Point", "coordinates": [-79.5750194, 9.0056853]}, "properties": {"altura_m": 15, "diametro_copa_m": 19.6, "en_bosque_osm": false, "copa_separada": false}}, {"type": "Feature", "geometry": {"type": "Point", "coordinates": [-79.5850187, 9.0053356]}, "properties": {"altura_m": 15, "diametro_copa_m": 19.8, "en_bosque_osm": false, "copa_separada": false}}, {"type": "Feature", "geometry": {"type": "Point", "coordinates": [-79.5752554, 9.0006519]}, "properties": {"altura_m": 15, "diametro_copa_m": 15.5, "en_bosque_osm": true, "copa_separada": false}}, {"type": "Feature", "geometry": {"type": "Point", "coordinates": [-79.5738714, 9.0024533]}, "properties": {"altura_m": 15, "diametro_copa_m": 21.0, "en_bosque_osm": true, "copa_separada": false}}, {"type": "Feature", "geometry": {"type": "Point", "coordinates": [-79.5853084, 9.0066284]}, "properties": {"altura_m": 15, "diametro_copa_m": 21.3, "en_bosque_osm": false, "copa_separada": false}}, {"type": "Feature", "geometry": {"type": "Point", "coordinates": [-79.5774012, 8.9979815]}, "properties": {"altura_m": 15, "diametro_copa_m": 22.5, "en_bosque_osm": true, "copa_separada": true}}, {"type": "Feature", "geometry": {"type": "Point", "coordinates": [-79.5744508, 9.0005035]}, "properties": {"altura_m": 15, "diametro_copa_m": 20.5, "en_bosque_osm": true, "copa_separada": false}}, {"type": "Feature", "geometry": {"type": "Point", "coordinates": [-79.5874112, 8.9975364]}, "properties": {"altura_m": 15, "diametro_copa_m": 15.4, "en_bosque_osm": true, "copa_separada": true}}, {"type": "Feature", "geometry": {"type": "Point", "coordinates": [-79.5783239, 8.9947389]}, "properties": {"altura_m": 15, "diametro_copa_m": 19.8, "en_bosque_osm": true, "copa_separada": false}}, {"type": "Feature", "geometry": {"type": "Point", "coordinates": [-79.576736, 8.9986067]}, "properties": {"altura_m": 15, "diametro_copa_m": 12.6, "en_bosque_osm": true, "copa_separada": false}}, {"type": "Feature", "geometry": {"type": "Point", "coordinates": [-79.5750301, 9.0049965]}, "properties": {"altura_m": 15, "diametro_copa_m": 21.7, "en_bosque_osm": false, "copa_separada": true}}, {"type": "Feature", "geometry": {"type": "Point", "coordinates": [-79.5776158, 9.0068085]}, "properties": {"altura_m": 15, "diametro_copa_m": 16.6, "en_bosque_osm": false, "copa_separada": false}}, {"type": "Feature", "geometry": {"type": "Point", "coordinates": [-79.5742469, 9.0075079]}, "properties": {"altura_m": 15, "diametro_copa_m": 21.6, "en_bosque_osm": false, "copa_separada": true}}, {"type": "Feature", "geometry": {"type": "Point", "coordinates": [-79.5746975, 9.0016904]}, "properties": {"altura_m": 15, "diametro_copa_m": 19.5, "en_bosque_osm": true, "copa_separada": false}}, {"type": "Feature", "geometry": {"type": "Point", "coordinates": [-79.5810383, 9.0075397]}, "properties": {"altura_m": 15, "diametro_copa_m": 17.7, "en_bosque_osm": false, "copa_separada": false}}, {"type": "Feature", "geometry": {"type": "Point", "coordinates": [-79.5752769, 8.9992531]}, "properties": {"altura_m": 15, "diametro_copa_m": 16.3, "en_bosque_osm": true, "copa_separada": false}}, {"type": "Feature", "geometry": {"type": "Point", "coordinates": [-79.5741825, 9.0057913]}, "properties": {"altura_m": 15, "diametro_copa_m": 19.9, "en_bosque_osm": false, "copa_separada": false}}, {"type": "Feature", "geometry": {"type": "Point", "coordinates": [-79.5819288, 9.0065012]}, "properties": {"altura_m": 15, "diametro_copa_m": 20.3, "en_bosque_osm": false, "copa_separada": true}}, {"type": "Feature", "geometry": {"type": "Point", "coordinates": [-79.5777874, 9.0073913]}, "properties": {"altura_m": 15, "diametro_copa_m": 18.4, "en_bosque_osm": false, "copa_separada": false}}, {"type": "Feature", "geometry": {"type": "Point", "coordinates": [-79.5777767, 8.995576]}, "properties": {"altura_m": 15, "diametro_copa_m": 17.6, "en_bosque_osm": true, "copa_separada": false}}, {"type": "Feature", "geometry": {"type": "Point", "coordinates": [-79.5891815, 9.0038521]}, "properties": {"altura_m": 15, "diametro_copa_m": 13.2, "en_bosque_osm": false, "copa_separada": true}}, {"type": "Feature", "geometry": {"type": "Point", "coordinates": [-79.5743113, 9.0059396]}, "properties": {"altura_m": 15, "diametro_copa_m": 19.2, "en_bosque_osm": false, "copa_separada": false}}, {"type": "Feature", "geometry": {"type": "Point", "coordinates": [-79.5848363, 9.0058972]}, "properties": {"altura_m": 15, "diametro_copa_m": 18.5, "en_bosque_osm": false, "copa_separada": false}}, {"type": "Feature", "geometry": {"type": "Point", "coordinates": [-79.584332, 8.9997617]}, "properties": {"altura_m": 15, "diametro_copa_m": 16.2, "en_bosque_osm": false, "copa_separada": true}}, {"type": "Feature", "geometry": {"type": "Point", "coordinates": [-79.5796435, 9.0035766]}, "properties": {"altura_m": 16, "diametro_copa_m": 7.9, "en_bosque_osm": false, "copa_separada": false}}, {"type": "Feature", "geometry": {"type": "Point", "coordinates": [-79.5825725, 9.0063741]}, "properties": {"altura_m": 15, "diametro_copa_m": 15.2, "en_bosque_osm": false, "copa_separada": false}}, {"type": "Feature", "geometry": {"type": "Point", "coordinates": [-79.5865958, 9.0069145]}, "properties": {"altura_m": 15, "diametro_copa_m": 15.2, "en_bosque_osm": false, "copa_separada": false}}, {"type": "Feature", "geometry": {"type": "Point", "coordinates": [-79.5785277, 8.9943786]}, "properties": {"altura_m": 15, "diametro_copa_m": 16.2, "en_bosque_osm": true, "copa_separada": true}}, {"type": "Feature", "geometry": {"type": "Point", "coordinates": [-79.5836668, 9.0059926]}, "properties": {"altura_m": 15, "diametro_copa_m": 11.8, "en_bosque_osm": false, "copa_separada": false}}, {"type": "Feature", "geometry": {"type": "Point", "coordinates": [-79.5809954, 9.0074019]}, "properties": {"altura_m": 15, "diametro_copa_m": 18.1, "en_bosque_osm": false, "copa_separada": false}}, {"type": "Feature", "geometry": {"type": "Point", "coordinates": [-79.5810919, 8.9984583]}, "properties": {"altura_m": 14, "diametro_copa_m": 13.4, "en_bosque_osm": false, "copa_separada": false}}, {"type": "Feature", "geometry": {"type": "Point", "coordinates": [-79.5778947, 8.9955972]}, "properties": {"altura_m": 14, "diametro_copa_m": 12.6, "en_bosque_osm": true, "copa_separada": false}}, {"type": "Feature", "geometry": {"type": "Point", "coordinates": [-79.5766931, 9.0041594]}, "properties": {"altura_m": 14, "diametro_copa_m": 18.6, "en_bosque_osm": false, "copa_separada": false}}, {"type": "Feature", "geometry": {"type": "Point", "coordinates": [-79.573571, 8.9921214]}, "properties": {"altura_m": 14, "diametro_copa_m": 20.5, "en_bosque_osm": false, "copa_separada": true}}, {"type": "Feature", "geometry": {"type": "Point", "coordinates": [-79.5763927, 9.0029302]}, "properties": {"altura_m": 14, "diametro_copa_m": 14.0, "en_bosque_osm": false, "copa_separada": false}}, {"type": "Feature", "geometry": {"type": "Point", "coordinates": [-79.5779162, 9.0049435]}, "properties": {"altura_m": 14, "diametro_copa_m": 20.4, "en_bosque_osm": false, "copa_separada": false}}, {"type": "Feature", "geometry": {"type": "Point", "coordinates": [-79.5813494, 9.0074337]}, "properties": {"altura_m": 14, "diametro_copa_m": 20.7, "en_bosque_osm": false, "copa_separada": true}}, {"type": "Feature", "geometry": {"type": "Point", "coordinates": [-79.5762103, 9.00275]}, "properties": {"altura_m": 14, "diametro_copa_m": 17.0, "en_bosque_osm": false, "copa_separada": false}}, {"type": "Feature", "geometry": {"type": "Point", "coordinates": [-79.5808666, 9.0064164]}, "properties": {"altura_m": 14, "diametro_copa_m": 20.3, "en_bosque_osm": false, "copa_separada": false}}, {"type": "Feature", "geometry": {"type": "Point", "coordinates": [-79.576382, 9.002962]}, "properties": {"altura_m": 14, "diametro_copa_m": 15.7, "en_bosque_osm": false, "copa_separada": false}}, {"type": "Feature", "geometry": {"type": "Point", "coordinates": [-79.584729, 9.0064906]}, "properties": {"altura_m": 14, "diametro_copa_m": 19.0, "en_bosque_osm": false, "copa_separada": false}}, {"type": "Feature", "geometry": {"type": "Point", "coordinates": [-79.5761996, 9.002803]}, "properties": {"altura_m": 14, "diametro_copa_m": 16.8, "en_bosque_osm": false, "copa_separada": false}}, {"type": "Feature", "geometry": {"type": "Point", "coordinates": [-79.5822184, 9.0062151]}, "properties": {"altura_m": 14, "diametro_copa_m": 19.9, "en_bosque_osm": false, "copa_separada": true}}, {"type": "Feature", "geometry": {"type": "Point", "coordinates": [-79.584847, 9.0062469]}, "properties": {"altura_m": 14, "diametro_copa_m": 17.4, "en_bosque_osm": false, "copa_separada": false}}, {"type": "Feature", "geometry": {"type": "Point", "coordinates": [-79.5811456, 8.9985007]}, "properties": {"altura_m": 14, "diametro_copa_m": 14.6, "en_bosque_osm": false, "copa_separada": false}}, {"type": "Feature", "geometry": {"type": "Point", "coordinates": [-79.5764892, 9.0029196]}, "properties": {"altura_m": 14, "diametro_copa_m": 16.1, "en_bosque_osm": false, "copa_separada": false}}, {"type": "Feature", "geometry": {"type": "Point", "coordinates": [-79.5788925, 8.9926301]}, "properties": {"altura_m": 14, "diametro_copa_m": 19.1, "en_bosque_osm": true, "copa_separada": false}}, {"type": "Feature", "geometry": {"type": "Point", "coordinates": [-79.5775729, 9.0038415]}, "properties": {"altura_m": 14, "diametro_copa_m": 19.9, "en_bosque_osm": false, "copa_separada": true}}, {"type": "Feature", "geometry": {"type": "Point", "coordinates": [-79.5748477, 8.9982252]}, "properties": {"altura_m": 14, "diametro_copa_m": 18.7, "en_bosque_osm": true, "copa_separada": false}}, {"type": "Feature", "geometry": {"type": "Point", "coordinates": [-79.5776372, 8.998967]}, "properties": {"altura_m": 14, "diametro_copa_m": 16.7, "en_bosque_osm": false, "copa_separada": false}}, {"type": "Feature", "geometry": {"type": "Point", "coordinates": [-79.5869284, 8.9965085]}, "properties": {"altura_m": 14, "diametro_copa_m": 18.7, "en_bosque_osm": true, "copa_separada": false}}, {"type": "Feature", "geometry": {"type": "Point", "coordinates": [-79.5898896, 9.0067767]}, "properties": {"altura_m": 14, "diametro_copa_m": 19.1, "en_bosque_osm": false, "copa_separada": false}}, {"type": "Feature", "geometry": {"type": "Point", "coordinates": [-79.5805769, 9.00719]}, "properties": {"altura_m": 14, "diametro_copa_m": 18.5, "en_bosque_osm": false, "copa_separada": false}}, {"type": "Feature", "geometry": {"type": "Point", "coordinates": [-79.576618, 9.003513]}, "properties": {"altura_m": 14, "diametro_copa_m": 18.2, "en_bosque_osm": false, "copa_separada": false}}, {"type": "Feature", "geometry": {"type": "Point", "coordinates": [-79.5873361, 8.9971655]}, "properties": {"altura_m": 14, "diametro_copa_m": 19.5, "en_bosque_osm": true, "copa_separada": false}}, {"type": "Feature", "geometry": {"type": "Point", "coordinates": [-79.5736247, 8.9987127]}, "properties": {"altura_m": 14, "diametro_copa_m": 17.6, "en_bosque_osm": true, "copa_separada": false}}, {"type": "Feature", "geometry": {"type": "Point", "coordinates": [-79.5769935, 9.0066284]}, "properties": {"altura_m": 14, "diametro_copa_m": 17.2, "en_bosque_osm": false, "copa_separada": false}}, {"type": "Feature", "geometry": {"type": "Point", "coordinates": [-79.5889025, 8.9953535]}, "properties": {"altura_m": 14, "diametro_copa_m": 13.5, "en_bosque_osm": false, "copa_separada": false}}, {"type": "Feature", "geometry": {"type": "Point", "coordinates": [-79.5778947, 9.0060244]}, "properties": {"altura_m": 14, "diametro_copa_m": 17.4, "en_bosque_osm": false, "copa_separada": false}}, {"type": "Feature", "geometry": {"type": "Point", "coordinates": [-79.5746117, 9.0039474]}, "properties": {"altura_m": 14, "diametro_copa_m": 17.1, "en_bosque_osm": false, "copa_separada": true}}, {"type": "Feature", "geometry": {"type": "Point", "coordinates": [-79.5775514, 8.9997935]}, "properties": {"altura_m": 14, "diametro_copa_m": 17.0, "en_bosque_osm": false, "copa_separada": true}}, {"type": "Feature", "geometry": {"type": "Point", "coordinates": [-79.5780878, 8.9992637]}, "properties": {"altura_m": 14, "diametro_copa_m": 17.5, "en_bosque_osm": false, "copa_separada": true}}, {"type": "Feature", "geometry": {"type": "Point", "coordinates": [-79.5898788, 8.9985961]}, "properties": {"altura_m": 14, "diametro_copa_m": 19.5, "en_bosque_osm": true, "copa_separada": false}}, {"type": "Feature", "geometry": {"type": "Point", "coordinates": [-79.5736461, 9.0022096]}, "properties": {"altura_m": 14, "diametro_copa_m": 20.3, "en_bosque_osm": true, "copa_separada": true}}, {"type": "Feature", "geometry": {"type": "Point", "coordinates": [-79.5803516, 9.0002174]}, "properties": {"altura_m": 14, "diametro_copa_m": 13.6, "en_bosque_osm": false, "copa_separada": true}}, {"type": "Feature", "geometry": {"type": "Point", "coordinates": [-79.5844608, 9.0041488]}, "properties": {"altura_m": 14, "diametro_copa_m": 20.3, "en_bosque_osm": false, "copa_separada": false}}, {"type": "Feature", "geometry": {"type": "Point", "coordinates": [-79.5766073, 8.9993803]}, "properties": {"altura_m": 14, "diametro_copa_m": 17.6, "en_bosque_osm": true, "copa_separada": false}}, {"type": "Feature", "geometry": {"type": "Point", "coordinates": [-79.5743864, 8.9993061]}, "properties": {"altura_m": 14, "diametro_copa_m": 17.9, "en_bosque_osm": true, "copa_separada": true}}, {"type": "Feature", "geometry": {"type": "Point", "coordinates": [-79.5827442, 9.0055157]}, "properties": {"altura_m": 14, "diametro_copa_m": 17.1, "en_bosque_osm": false, "copa_separada": true}}, {"type": "Feature", "geometry": {"type": "Point", "coordinates": [-79.5741718, 8.997049]}, "properties": {"altura_m": 14, "diametro_copa_m": 19.2, "en_bosque_osm": false, "copa_separada": false}}, {"type": "Feature", "geometry": {"type": "Point", "coordinates": [-79.5819073, 8.9975046]}, "properties": {"altura_m": 14, "diametro_copa_m": 9.6, "en_bosque_osm": false, "copa_separada": false}}, {"type": "Feature", "geometry": {"type": "Point", "coordinates": [-79.5798688, 8.9938275]}, "properties": {"altura_m": 14, "diametro_copa_m": 15.6, "en_bosque_osm": true, "copa_separada": false}}, {"type": "Feature", "geometry": {"type": "Point", "coordinates": [-79.5755022, 9.0008002]}, "properties": {"altura_m": 14, "diametro_copa_m": 18.4, "en_bosque_osm": false, "copa_separada": false}}, {"type": "Feature", "geometry": {"type": "Point", "coordinates": [-79.5792251, 8.9972715]}, "properties": {"altura_m": 14, "diametro_copa_m": 10.1, "en_bosque_osm": false, "copa_separada": true}}, {"type": "Feature", "geometry": {"type": "Point", "coordinates": [-79.5850723, 8.9960211]}, "properties": {"altura_m": 14, "diametro_copa_m": 18.9, "en_bosque_osm": true, "copa_separada": false}}, {"type": "Feature", "geometry": {"type": "Point", "coordinates": [-79.5749228, 8.9997935]}, "properties": {"altura_m": 14, "diametro_copa_m": 13.0, "en_bosque_osm": true, "copa_separada": false}}, {"type": "Feature", "geometry": {"type": "Point", "coordinates": [-79.587379, 8.9967523]}, "properties": {"altura_m": 14, "diametro_copa_m": 18.7, "en_bosque_osm": true, "copa_separada": false}}, {"type": "Feature", "geometry": {"type": "Point", "coordinates": [-79.5880013, 9.0069039]}, "properties": {"altura_m": 14, "diametro_copa_m": 17.5, "en_bosque_osm": false, "copa_separada": false}}, {"type": "Feature", "geometry": {"type": "Point", "coordinates": [-79.57547, 8.9986067]}, "properties": {"altura_m": 14, "diametro_copa_m": 13.0, "en_bosque_osm": true, "copa_separada": false}}, {"type": "Feature", "geometry": {"type": "Point", "coordinates": [-79.581918, 8.9974622]}, "properties": {"altura_m": 14, "diametro_copa_m": 8.2, "en_bosque_osm": false, "copa_separada": false}}, {"type": "Feature", "geometry": {"type": "Point", "coordinates": [-79.5853513, 8.996339]}, "properties": {"altura_m": 14, "diametro_copa_m": 20.2, "en_bosque_osm": true, "copa_separada": true}}, {"type": "Feature", "geometry": {"type": "Point", "coordinates": [-79.5777767, 8.9986809]}, "properties": {"altura_m": 14, "diametro_copa_m": 14.3, "en_bosque_osm": false, "copa_separada": true}}, {"type": "Feature", "geometry": {"type": "Point", "coordinates": [-79.5787852, 8.9961164]}, "properties": {"altura_m": 14, "diametro_copa_m": 19.3, "en_bosque_osm": true, "copa_separada": false}}, {"type": "Feature", "geometry": {"type": "Point", "coordinates": [-79.5789247, 9.0007472]}, "properties": {"altura_m": 14, "diametro_copa_m": 8.7, "en_bosque_osm": false, "copa_separada": true}}, {"type": "Feature", "geometry": {"type": "Point", "coordinates": [-79.575073, 9.005876]}, "properties": {"altura_m": 14, "diametro_copa_m": 19.1, "en_bosque_osm": false, "copa_separada": false}}, {"type": "Feature", "geometry": {"type": "Point", "coordinates": [-79.5773261, 9.0060032]}, "properties": {"altura_m": 14, "diametro_copa_m": 16.0, "en_bosque_osm": false, "copa_separada": true}}, {"type": "Feature", "geometry": {"type": "Point", "coordinates": [-79.5767253, 8.9983418]}, "properties": {"altura_m": 14, "diametro_copa_m": 16.0, "en_bosque_osm": true, "copa_separada": false}}, {"type": "Feature", "geometry": {"type": "Point", "coordinates": [-79.581682, 8.9931175]}, "properties": {"altura_m": 14, "diametro_copa_m": 10.6, "en_bosque_osm": false, "copa_separada": true}}, {"type": "Feature", "geometry": {"type": "Point", "coordinates": [-79.579901, 8.9966675]}, "properties": {"altura_m": 14, "diametro_copa_m": 20.3, "en_bosque_osm": false, "copa_separada": false}}, {"type": "Feature", "geometry": {"type": "Point", "coordinates": [-79.5746868, 9.0000161]}, "properties": {"altura_m": 14, "diametro_copa_m": 17.4, "en_bosque_osm": true, "copa_separada": false}}, {"type": "Feature", "geometry": {"type": "Point", "coordinates": [-79.5827978, 9.0061091]}, "properties": {"altura_m": 14, "diametro_copa_m": 19.4, "en_bosque_osm": false, "copa_separada": false}}, {"type": "Feature", "geometry": {"type": "Point", "coordinates": [-79.5805984, 9.007084]}, "properties": {"altura_m": 14, "diametro_copa_m": 16.7, "en_bosque_osm": false, "copa_separada": false}}, {"type": "Feature", "geometry": {"type": "Point", "coordinates": [-79.5803838, 8.995629]}, "properties": {"altura_m": 14, "diametro_copa_m": 15.3, "en_bosque_osm": false, "copa_separada": true}}, {"type": "Feature", "geometry": {"type": "Point", "coordinates": [-79.5735281, 8.9932023]}, "properties": {"altura_m": 14, "diametro_copa_m": 19.6, "en_bosque_osm": true, "copa_separada": false}}, {"type": "Feature", "geometry": {"type": "Point", "coordinates": [-79.5807486, 8.9989988]}, "properties": {"altura_m": 14, "diametro_copa_m": 20.3, "en_bosque_osm": false, "copa_separada": true}}, {"type": "Feature", "geometry": {"type": "Point", "coordinates": [-79.574837, 9.0053674]}, "properties": {"altura_m": 14, "diametro_copa_m": 13.0, "en_bosque_osm": false, "copa_separada": false}}, {"type": "Feature", "geometry": {"type": "Point", "coordinates": [-79.5781844, 8.9939759]}, "properties": {"altura_m": 14, "diametro_copa_m": 15.6, "en_bosque_osm": true, "copa_separada": false}}, {"type": "Feature", "geometry": {"type": "Point", "coordinates": [-79.5777231, 8.9989352]}, "properties": {"altura_m": 14, "diametro_copa_m": 14.6, "en_bosque_osm": false, "copa_separada": false}}, {"type": "Feature", "geometry": {"type": "Point", "coordinates": [-79.5788711, 9.0015844]}, "properties": {"altura_m": 14, "diametro_copa_m": 8.7, "en_bosque_osm": false, "copa_separada": true}}, {"type": "Feature", "geometry": {"type": "Point", "coordinates": [-79.5790642, 8.9916763]}, "properties": {"altura_m": 14, "diametro_copa_m": 15.2, "en_bosque_osm": true, "copa_separada": true}}, {"type": "Feature", "geometry": {"type": "Point", "coordinates": [-79.5886128, 9.0052296]}, "properties": {"altura_m": 14, "diametro_copa_m": 12.1, "en_bosque_osm": false, "copa_separada": true}}, {"type": "Feature", "geometry": {"type": "Point", "coordinates": [-79.5784419, 8.9946011]}, "properties": {"altura_m": 14, "diametro_copa_m": 13.8, "en_bosque_osm": true, "copa_separada": false}}, {"type": "Feature", "geometry": {"type": "Point", "coordinates": [-79.578002, 9.0060668]}, "properties": {"altura_m": 14, "diametro_copa_m": 15.7, "en_bosque_osm": false, "copa_separada": false}}, {"type": "Feature", "geometry": {"type": "Point", "coordinates": [-79.5833021, 8.9953005]}, "properties": {"altura_m": 14, "diametro_copa_m": 7.9, "en_bosque_osm": false, "copa_separada": true}}, {"type": "Feature", "geometry": {"type": "Point", "coordinates": [-79.5853835, 8.9961482]}, "properties": {"altura_m": 14, "diametro_copa_m": 19.8, "en_bosque_osm": true, "copa_separada": true}}, {"type": "Feature", "geometry": {"type": "Point", "coordinates": [-79.5750087, 8.9984477]}, "properties": {"altura_m": 14, "diametro_copa_m": 14.5, "en_bosque_osm": true, "copa_separada": true}}, {"type": "Feature", "geometry": {"type": "Point", "coordinates": [-79.5847934, 9.0054522]}, "properties": {"altura_m": 14, "diametro_copa_m": 18.8, "en_bosque_osm": false, "copa_separada": false}}, {"type": "Feature", "geometry": {"type": "Point", "coordinates": [-79.573968, 9.0016798]}, "properties": {"altura_m": 14, "diametro_copa_m": 15.7, "en_bosque_osm": true, "copa_separada": false}}, {"type": "Feature", "geometry": {"type": "Point", "coordinates": [-79.5849865, 8.9957138]}, "properties": {"altura_m": 13, "diametro_copa_m": 18.9, "en_bosque_osm": true, "copa_separada": false}}, {"type": "Feature", "geometry": {"type": "Point", "coordinates": [-79.5793324, 8.9984054]}, "properties": {"altura_m": 13, "diametro_copa_m": 19.8, "en_bosque_osm": false, "copa_separada": true}}, {"type": "Feature", "geometry": {"type": "Point", "coordinates": [-79.5851045, 8.9957879]}, "properties": {"altura_m": 13, "diametro_copa_m": 19.4, "en_bosque_osm": true, "copa_separada": false}}, {"type": "Feature", "geometry": {"type": "Point", "coordinates": [-79.5780235, 9.0061409]}, "properties": {"altura_m": 13, "diametro_copa_m": 17.1, "en_bosque_osm": false, "copa_separada": false}}, {"type": "Feature", "geometry": {"type": "Point", "coordinates": [-79.5764249, 9.00417]}, "properties": {"altura_m": 13, "diametro_copa_m": 19.3, "en_bosque_osm": false, "copa_separada": true}}, {"type": "Feature", "geometry": {"type": "Point", "coordinates": [-79.5746439, 9.007243]}, "properties": {"altura_m": 13, "diametro_copa_m": 19.4, "en_bosque_osm": false, "copa_separada": false}}, {"type": "Feature", "geometry": {"type": "Point", "coordinates": [-79.5824545, 8.9967205]}, "properties": {"altura_m": 13, "diametro_copa_m": 16.8, "en_bosque_osm": false, "copa_separada": false}}, {"type": "Feature", "geometry": {"type": "Point", "coordinates": [-79.5768648, 9.0048588]}, "properties": {"altura_m": 13, "diametro_copa_m": 17.3, "en_bosque_osm": false, "copa_separada": true}}, {"type": "Feature", "geometry": {"type": "Point", "coordinates": [-79.5852118, 8.9959469]}, "properties": {"altura_m": 13, "diametro_copa_m": 18.7, "en_bosque_osm": true, "copa_separada": false}}, {"type": "Feature", "geometry": {"type": "Point", "coordinates": [-79.5740109, 8.9923969]}, "properties": {"altura_m": 13, "diametro_copa_m": 16.6, "en_bosque_osm": true, "copa_separada": false}}, {"type": "Feature", "geometry": {"type": "Point", "coordinates": [-79.5740538, 8.9969536]}, "properties": {"altura_m": 13, "diametro_copa_m": 16.1, "en_bosque_osm": false, "copa_separada": false}}, {"type": "Feature", "geometry": {"type": "Point", "coordinates": [-79.5740538, 8.9970066]}, "properties": {"altura_m": 13, "diametro_copa_m": 14.9, "en_bosque_osm": false, "copa_separada": false}}, {"type": "Feature", "geometry": {"type": "Point", "coordinates": [-79.5767253, 9.0036295]}, "properties": {"altura_m": 13, "diametro_copa_m": 19.5, "en_bosque_osm": false, "copa_separada": false}}, {"type": "Feature", "geometry": {"type": "Point", "coordinates": [-79.583978, 9.0058548]}, "properties": {"altura_m": 13, "diametro_copa_m": 17.9, "en_bosque_osm": false, "copa_separada": false}}, {"type": "Feature", "geometry": {"type": "Point", "coordinates": [-79.587143, 9.0060986]}, "properties": {"altura_m": 13, "diametro_copa_m": 19.0, "en_bosque_osm": false, "copa_separada": true}}, {"type": "Feature", "geometry": {"type": "Point", "coordinates": [-79.5790964, 8.9955336]}, "properties": {"altura_m": 13, "diametro_copa_m": 18.8, "en_bosque_osm": true, "copa_separada": true}}, {"type": "Feature", "geometry": {"type": "Point", "coordinates": [-79.5772295, 8.9985007]}, "properties": {"altura_m": 13, "diametro_copa_m": 19.3, "en_bosque_osm": true, "copa_separada": false}}, {"type": "Feature", "geometry": {"type": "Point", "coordinates": [-79.5799868, 8.9968264]}, "properties": {"altura_m": 13, "diametro_copa_m": 19.8, "en_bosque_osm": false, "copa_separada": false}}, {"type": "Feature", "geometry": {"type": "Point", "coordinates": [-79.5748799, 9.0047952]}, "properties": {"altura_m": 13, "diametro_copa_m": 17.3, "en_bosque_osm": false, "copa_separada": false}}, {"type": "Feature", "geometry": {"type": "Point", "coordinates": [-79.5870786, 8.9972185]}, "properties": {"altura_m": 13, "diametro_copa_m": 18.1, "en_bosque_osm": true, "copa_separada": false}}, {"type": "Feature", "geometry": {"type": "Point", "coordinates": [-79.5824545, 8.9966463]}, "properties": {"altura_m": 13, "diametro_copa_m": 16.7, "en_bosque_osm": false, "copa_separada": false}}, {"type": "Feature", "geometry": {"type": "Point", "coordinates": [-79.5850616, 8.9962118]}, "properties": {"altura_m": 13, "diametro_copa_m": 14.5, "en_bosque_osm": true, "copa_separada": false}}, {"type": "Feature", "geometry": {"type": "Point", "coordinates": [-79.5791929, 8.9918989]}, "properties": {"altura_m": 13, "diametro_copa_m": 16.8, "en_bosque_osm": true, "copa_separada": true}}, {"type": "Feature", "geometry": {"type": "Point", "coordinates": [-79.5751589, 8.9999419]}, "properties": {"altura_m": 14, "diametro_copa_m": 11.8, "en_bosque_osm": true, "copa_separada": true}}, {"type": "Feature", "geometry": {"type": "Point", "coordinates": [-79.5873683, 9.0063211]}, "properties": {"altura_m": 13, "diametro_copa_m": 14.7, "en_bosque_osm": false, "copa_separada": false}}, {"type": "Feature", "geometry": {"type": "Point", "coordinates": [-79.5746546, 9.0004293]}, "properties": {"altura_m": 13, "diametro_copa_m": 18.1, "en_bosque_osm": true, "copa_separada": false}}, {"type": "Feature", "geometry": {"type": "Point", "coordinates": [-79.5897501, 8.9983206]}, "properties": {"altura_m": 13, "diametro_copa_m": 17.5, "en_bosque_osm": true, "copa_separada": false}}, {"type": "Feature", "geometry": {"type": "Point", "coordinates": [-79.5740109, 8.9925241]}, "properties": {"altura_m": 13, "diametro_copa_m": 17.6, "en_bosque_osm": true, "copa_separada": false}}, {"type": "Feature", "geometry": {"type": "Point", "coordinates": [-79.586628, 8.9992637]}, "properties": {"altura_m": 13, "diametro_copa_m": 17.8, "en_bosque_osm": false, "copa_separada": true}}, {"type": "Feature", "geometry": {"type": "Point", "coordinates": [-79.5755666, 8.9999419]}, "properties": {"altura_m": 13, "diametro_copa_m": 18.2, "en_bosque_osm": true, "copa_separada": true}}, {"type": "Feature", "geometry": {"type": "Point", "coordinates": [-79.5736461, 9.0013936]}, "properties": {"altura_m": 13, "diametro_copa_m": 14.0, "en_bosque_osm": true, "copa_separada": false}}, {"type": "Feature", "geometry": {"type": "Point", "coordinates": [-79.5756095, 8.9993803]}, "properties": {"altura_m": 13, "diametro_copa_m": 14.5, "en_bosque_osm": true, "copa_separada": true}}, {"type": "Feature", "geometry": {"type": "Point", "coordinates": [-79.5771974, 8.9980981]}, "properties": {"altura_m": 13, "diametro_copa_m": 19.0, "en_bosque_osm": true, "copa_separada": true}}, {"type": "Feature", "geometry": {"type": "Point", "coordinates": [-79.5760172, 9.0026441]}, "properties": {"altura_m": 13, "diametro_copa_m": 17.7, "en_bosque_osm": false, "copa_separada": false}}, {"type": "Feature", "geometry": {"type": "Point", "coordinates": [-79.5819395, 9.0068509]}, "properties": {"altura_m": 13, "diametro_copa_m": 18.8, "en_bosque_osm": false, "copa_separada": false}}, {"type": "Feature", "geometry": {"type": "Point", "coordinates": [-79.5851367, 9.005325]}, "properties": {"altura_m": 13, "diametro_copa_m": 16.9, "en_bosque_osm": false, "copa_separada": false}}, {"type": "Feature", "geometry": {"type": "Point", "coordinates": [-79.5820361, 9.0056747]}, "properties": {"altura_m": 13, "diametro_copa_m": 16.1, "en_bosque_osm": false, "copa_separada": false}}, {"type": "Feature", "geometry": {"type": "Point", "coordinates": [-79.5807164, 9.007137]}, "properties": {"altura_m": 13, "diametro_copa_m": 17.5, "en_bosque_osm": false, "copa_separada": false}}, {"type": "Feature", "geometry": {"type": "Point", "coordinates": [-79.5840102, 9.0037249]}, "properties": {"altura_m": 13, "diametro_copa_m": 14.1, "en_bosque_osm": false, "copa_separada": false}}, {"type": "Feature", "geometry": {"type": "Point", "coordinates": [-79.5838278, 8.9932659]}, "properties": {"altura_m": 13, "diametro_copa_m": 17.4, "en_bosque_osm": true, "copa_separada": false}}, {"type": "Feature", "geometry": {"type": "Point", "coordinates": [-79.5746439, 9.006035]}, "properties": {"altura_m": 13, "diametro_copa_m": 16.5, "en_bosque_osm": false, "copa_separada": false}}, {"type": "Feature", "geometry": {"type": "Point", "coordinates": [-79.5809095, 9.006586]}, "properties": {"altura_m": 13, "diametro_copa_m": 15.5, "en_bosque_osm": false, "copa_separada": false}}, {"type": "Feature", "geometry": {"type": "Point", "coordinates": [-79.5746546, 9.0057807]}, "properties": {"altura_m": 13, "diametro_copa_m": 16.7, "en_bosque_osm": false, "copa_separada": true}}, {"type": "Feature", "geometry": {"type": "Point", "coordinates": [-79.583581, 8.9955548]}, "properties": {"altura_m": 13, "diametro_copa_m": 17.6, "en_bosque_osm": false, "copa_separada": true}}, {"type": "Feature", "geometry": {"type": "Point", "coordinates": [-79.5738929, 8.997102]}, "properties": {"altura_m": 13, "diametro_copa_m": 16.4, "en_bosque_osm": false, "copa_separada": false}}, {"type": "Feature", "geometry": {"type": "Point", "coordinates": [-79.5897394, 8.9919731]}, "properties": {"altura_m": 13, "diametro_copa_m": 15.9, "en_bosque_osm": false, "copa_separada": false}}, {"type": "Feature", "geometry": {"type": "Point", "coordinates": [-79.5776802, 8.9966781]}, "properties": {"altura_m": 13, "diametro_copa_m": 14.5, "en_bosque_osm": true, "copa_separada": true}}, {"type": "Feature", "geometry": {"type": "Point", "coordinates": [-79.576382, 9.0033328]}, "properties": {"altura_m": 13, "diametro_copa_m": 18.1, "en_bosque_osm": false, "copa_separada": false}}, {"type": "Feature", "geometry": {"type": "Point", "coordinates": [-79.5742791, 9.0014784]}, "properties": {"altura_m": 14, "diametro_copa_m": 13.8, "en_bosque_osm": true, "copa_separada": true}}, {"type": "Feature", "geometry": {"type": "Point", "coordinates": [-79.5763498, 8.9984266]}, "properties": {"altura_m": 13, "diametro_copa_m": 14.0, "en_bosque_osm": true, "copa_separada": false}}, {"type": "Feature", "geometry": {"type": "Point", "coordinates": [-79.5787852, 8.9938063]}, "properties": {"altura_m": 13, "diametro_copa_m": 15.9, "en_bosque_osm": true, "copa_separada": true}}, {"type": "Feature", "geometry": {"type": "Point", "coordinates": [-79.574483, 9.0025381]}, "properties": {"altura_m": 13, "diametro_copa_m": 19.4, "en_bosque_osm": false, "copa_separada": false}}, {"type": "Feature", "geometry": {"type": "Point", "coordinates": [-79.5756631, 8.9996134]}, "properties": {"altura_m": 13, "diametro_copa_m": 13.4, "en_bosque_osm": true, "copa_separada": true}}, {"type": "Feature", "geometry": {"type": "Point", "coordinates": [-79.5838814, 8.993393]}, "properties": {"altura_m": 13, "diametro_copa_m": 15.7, "en_bosque_osm": true, "copa_separada": false}}, {"type": "Feature", "geometry": {"type": "Point", "coordinates": [-79.5753198, 9.0003658]}, "properties": {"altura_m": 13, "diametro_copa_m": 14.5, "en_bosque_osm": true, "copa_separada": true}}, {"type": "Feature", "geometry": {"type": "Point", "coordinates": [-79.5827871, 8.9945905]}, "properties": {"altura_m": 13, "diametro_copa_m": 18.9, "en_bosque_osm": false, "copa_separada": true}}, {"type": "Feature", "geometry": {"type": "Point", "coordinates": [-79.5790427, 8.9971549]}, "properties": {"altura_m": 13, "diametro_copa_m": 11.2, "en_bosque_osm": false, "copa_separada": true}}, {"type": "Feature", "geometry": {"type": "Point", "coordinates": [-79.5746224, 9.0018069]}, "properties": {"altura_m": 13, "diametro_copa_m": 11.9, "en_bosque_osm": false, "copa_separada": false}}, {"type": "Feature", "geometry": {"type": "Point", "coordinates": [-79.5760494, 9.0052508]}, "properties": {"altura_m": 13, "diametro_copa_m": 19.2, "en_bosque_osm": false, "copa_separada": true}}, {"type": "Feature", "geometry": {"type": "Point", "coordinates": [-79.576854, 9.0013407]}, "properties": {"altura_m": 13, "diametro_copa_m": 14.1, "en_bosque_osm": false, "copa_separada": false}}, {"type": "Feature", "geometry": {"type": "Point", "coordinates": [-79.5838492, 8.9933507]}, "properties": {"altura_m": 13, "diametro_copa_m": 12.8, "en_bosque_osm": true, "copa_separada": false}}, {"type": "Feature", "geometry": {"type": "Point", "coordinates": [-79.5806306, 9.0040004]}, "properties": {"altura_m": 13, "diametro_copa_m": 14.5, "en_bosque_osm": false, "copa_separada": false}}, {"type": "Feature", "geometry": {"type": "Point", "coordinates": [-79.5778196, 8.9945799]}, "properties": {"altura_m": 13, "diametro_copa_m": 19.4, "en_bosque_osm": true, "copa_separada": true}}, {"type": "Feature", "geometry": {"type": "Point", "coordinates": [-79.5805447, 8.9946965]}, "properties": {"altura_m": 13, "diametro_copa_m": 19.1, "en_bosque_osm": true, "copa_separada": true}}, {"type": "Feature", "geometry": {"type": "Point", "coordinates": [-79.5781415, 9.0059396]}, "properties": {"altura_m": 13, "diametro_copa_m": 18.9, "en_bosque_osm": false, "copa_separada": true}}, {"type": "Feature", "geometry": {"type": "Point", "coordinates": [-79.582948, 9.0052826]}, "properties": {"altura_m": 13, "diametro_copa_m": 18.3, "en_bosque_osm": false, "copa_separada": true}}, {"type": "Feature", "geometry": {"type": "Point", "coordinates": [-79.5759528, 9.0027606]}, "properties": {"altura_m": 13, "diametro_copa_m": 14.1, "en_bosque_osm": false, "copa_separada": false}}, {"type": "Feature", "geometry": {"type": "Point", "coordinates": [-79.5814352, 8.9977696]}, "properties": {"altura_m": 13, "diametro_copa_m": 13.2, "en_bosque_osm": false, "copa_separada": false}}, {"type": "Feature", "geometry": {"type": "Point", "coordinates": [-79.5899861, 8.9999101]}, "properties": {"altura_m": 13, "diametro_copa_m": 16.8, "en_bosque_osm": true, "copa_separada": true}}, {"type": "Feature", "geometry": {"type": "Point", "coordinates": [-79.5772188, 9.0044773]}, "properties": {"altura_m": 13, "diametro_copa_m": 14.8, "en_bosque_osm": false, "copa_separada": false}}, {"type": "Feature", "geometry": {"type": "Point", "coordinates": [-79.5779162, 8.9963496]}, "properties": {"altura_m": 13, "diametro_copa_m": 12.8, "en_bosque_osm": true, "copa_separada": true}}, {"type": "Feature", "geometry": {"type": "Point", "coordinates": [-79.582197, 9.0069357]}, "properties": {"altura_m": 13, "diametro_copa_m": 13.8, "en_bosque_osm": false, "copa_separada": false}}, {"type": "Feature", "geometry": {"type": "Point", "coordinates": [-79.5809524, 9.0065224]}, "properties": {"altura_m": 13, "diametro_copa_m": 13.5, "en_bosque_osm": false, "copa_separada": false}}, {"type": "Feature", "geometry": {"type": "Point", "coordinates": [-79.5869069, 8.9974093]}, "properties": {"altura_m": 13, "diametro_copa_m": 12.6, "en_bosque_osm": true, "copa_separada": true}}, {"type": "Feature", "geometry": {"type": "Point", "coordinates": [-79.5760172, 8.9987762]}, "properties": {"altura_m": 13, "diametro_copa_m": 9.0, "en_bosque_osm": true, "copa_separada": false}}, {"type": "Feature", "geometry": {"type": "Point", "coordinates": [-79.5744508, 9.0002492]}, "properties": {"altura_m": 13, "diametro_copa_m": 13.4, "en_bosque_osm": true, "copa_separada": false}}, {"type": "Feature", "geometry": {"type": "Point", "coordinates": [-79.5843749, 9.0039157]}, "properties": {"altura_m": 13, "diametro_copa_m": 13.0, "en_bosque_osm": false, "copa_separada": true}}, {"type": "Feature", "geometry": {"type": "Point", "coordinates": [-79.5897394, 8.9927678]}, "properties": {"altura_m": 13, "diametro_copa_m": 17.8, "en_bosque_osm": false, "copa_separada": true}}, {"type": "Feature", "geometry": {"type": "Point", "coordinates": [-79.5802765, 9.0012559]}, "properties": {"altura_m": 13, "diametro_copa_m": 14.4, "en_bosque_osm": false, "copa_separada": true}}, {"type": "Feature", "geometry": {"type": "Point", "coordinates": [-79.5848256, 9.0050919]}, "properties": {"altura_m": 13, "diametro_copa_m": 14.1, "en_bosque_osm": false, "copa_separada": false}}, {"type": "Feature", "geometry": {"type": "Point", "coordinates": [-79.5752983, 8.9979921]}, "properties": {"altura_m": 13, "diametro_copa_m": 17.8, "en_bosque_osm": true, "copa_separada": true}}, {"type": "Feature", "geometry": {"type": "Point", "coordinates": [-79.5750087, 9.0005565]}, "properties": {"altura_m": 13, "diametro_copa_m": 14.8, "en_bosque_osm": true, "copa_separada": false}}, {"type": "Feature", "geometry": {"type": "Point", "coordinates": [-79.585126, 8.9962118]}, "properties": {"altura_m": 13, "diametro_copa_m": 13.1, "en_bosque_osm": true, "copa_separada": false}}, {"type": "Feature", "geometry": {"type": "Point", "coordinates": [-79.5822292, 9.0069887]}, "properties": {"altura_m": 13, "diametro_copa_m": 13.8, "en_bosque_osm": false, "copa_separada": false}}, {"type": "Feature", "geometry": {"type": "Point", "coordinates": [-79.5747726, 9.0001856]}, "properties": {"altura_m": 13, "diametro_copa_m": 9.1, "en_bosque_osm": true, "copa_separada": true}}, {"type": "Feature", "geometry": {"type": "Point", "coordinates": [-79.5743435, 9.0019871]}, "properties": {"altura_m": 13, "diametro_copa_m": 17.0, "en_bosque_osm": true, "copa_separada": true}}, {"type": "Feature", "geometry": {"type": "Point", "coordinates": [-79.581682, 8.9971549]}, "properties": {"altura_m": 12, "diametro_copa_m": 13.2, "en_bosque_osm": false, "copa_separada": true}}, {"type": "Feature", "geometry": {"type": "Point", "coordinates": [-79.5741825, 8.9967417]}, "properties": {"altura_m": 13, "diametro_copa_m": 15.5, "en_bosque_osm": false, "copa_separada": false}}, {"type": "Feature", "geometry": {"type": "Point", "coordinates": [-79.5757811, 8.9991895]}, "properties": {"altura_m": 13, "diametro_copa_m": 13.4, "en_bosque_osm": true, "copa_separada": false}}, {"type": "Feature", "geometry": {"type": "Point", "coordinates": [-79.5783561, 9.0046468]}, "properties": {"altura_m": 12, "diametro_copa_m": 12.9, "en_bosque_osm": false, "copa_separada": false}}, {"type": "Feature", "geometry": {"type": "Point", "coordinates": [-79.5783775, 9.0046362]}, "properties": {"altura_m": 12, "diametro_copa_m": 5.8, "en_bosque_osm": false, "copa_separada": false}}, {"type": "Feature", "geometry": {"type": "Point", "coordinates": [-79.578399, 9.0046256]}, "properties": {"altura_m": 12, "diametro_copa_m": 12.1, "en_bosque_osm": false, "copa_separada": false}}, {"type": "Feature", "geometry": {"type": "Point", "coordinates": [-79.5783775, 9.004615]}, "properties": {"altura_m": 12, "diametro_copa_m": 10.9, "en_bosque_osm": false, "copa_separada": false}}, {"type": "Feature", "geometry": {"type": "Point", "coordinates": [-79.5770257, 9.0029726]}, "properties": {"altura_m": 12, "diametro_copa_m": 13.1, "en_bosque_osm": false, "copa_separada": false}}, {"type": "Feature", "geometry": {"type": "Point", "coordinates": [-79.5770257, 9.0029514]}, "properties": {"altura_m": 12, "diametro_copa_m": 13.8, "en_bosque_osm": false, "copa_separada": false}}, {"type": "Feature", "geometry": {"type": "Point", "coordinates": [-79.579032, 8.9959681]}, "properties": {"altura_m": 12, "diametro_copa_m": 18.1, "en_bosque_osm": true, "copa_separada": true}}, {"type": "Feature", "geometry": {"type": "Point", "coordinates": [-79.5828407, 9.004721]}, "properties": {"altura_m": 12, "diametro_copa_m": 18.1, "en_bosque_osm": false, "copa_separada": false}}, {"type": "Feature", "geometry": {"type": "Point", "coordinates": [-79.5779162, 9.0074761]}, "properties": {"altura_m": 12, "diametro_copa_m": 18.0, "en_bosque_osm": false, "copa_separada": false}}, {"type": "Feature", "geometry": {"type": "Point", "coordinates": [-79.5795577, 9.0076245]}, "properties": {"altura_m": 12, "diametro_copa_m": 18.0, "en_bosque_osm": false, "copa_separada": true}}, {"type": "Feature", "geometry": {"type": "Point", "coordinates": [-79.5760065, 9.0028984]}, "properties": {"altura_m": 12, "diametro_copa_m": 17.0, "en_bosque_osm": false, "copa_separada": true}}, {"type": "Feature", "geometry": {"type": "Point", "coordinates": [-79.5815854, 9.0053568]}, "properties": {"altura_m": 12, "diametro_copa_m": 18.1, "en_bosque_osm": false, "copa_separada": true}}, {"type": "Feature", "geometry": {"type": "Point", "coordinates": [-79.5814138, 9.0055899]}, "properties": {"altura_m": 12, "diametro_copa_m": 18.1, "en_bosque_osm": false, "copa_separada": true}}, {"type": "Feature", "geometry": {"type": "Point", "coordinates": [-79.585244, 8.9958409]}, "properties": {"altura_m": 12, "diametro_copa_m": 16.1, "en_bosque_osm": true, "copa_separada": false}}, {"type": "Feature", "geometry": {"type": "Point", "coordinates": [-79.5814352, 8.9937639]}, "properties": {"altura_m": 12, "diametro_copa_m": 17.8, "en_bosque_osm": false, "copa_separada": false}}, {"type": "Feature", "geometry": {"type": "Point", "coordinates": [-79.5813172, 9.0076774]}, "properties": {"altura_m": 12, "diametro_copa_m": 17.9, "en_bosque_osm": false, "copa_separada": false}}, {"type": "Feature", "geometry": {"type": "Point", "coordinates": [-79.5880335, 8.9997723]}, "properties": {"altura_m": 12, "diametro_copa_m": 18.0, "en_bosque_osm": false, "copa_separada": true}}, {"type": "Feature", "geometry": {"type": "Point", "coordinates": [-79.5885055, 8.9965085]}, "properties": {"altura_m": 12, "diametro_copa_m": 17.9, "en_bosque_osm": false, "copa_separada": true}}, {"type": "Feature", "geometry": {"type": "Point", "coordinates": [-79.5736247, 8.9985855]}, "properties": {"altura_m": 12, "diametro_copa_m": 17.3, "en_bosque_osm": false, "copa_separada": false}}, {"type": "Feature", "geometry": {"type": "Point", "coordinates": [-79.586392, 9.002146]}, "properties": {"altura_m": 12, "diametro_copa_m": 16.5, "en_bosque_osm": false, "copa_separada": true}}, {"type": "Feature", "geometry": {"type": "Point", "coordinates": [-79.5773046, 8.998257]}, "properties": {"altura_m": 12, "diametro_copa_m": 18.1, "en_bosque_osm": true, "copa_separada": true}}, {"type": "Feature", "geometry": {"type": "Point", "coordinates": [-79.5881515, 9.0028772]}, "properties": {"altura_m": 12, "diametro_copa_m": 18.0, "en_bosque_osm": false, "copa_separada": true}}, {"type": "Feature", "geometry": {"type": "Point", "coordinates": [-79.589793, 8.9984689]}, "properties": {"altura_m": 12, "diametro_copa_m": 17.7, "en_bosque_osm": true, "copa_separada": false}}, {"type": "Feature", "geometry": {"type": "Point", "coordinates": [-79.5881622, 9.0070205]}, "properties": {"altura_m": 12, "diametro_copa_m": 15.5, "en_bosque_osm": false, "copa_separada": false}}, {"type": "Feature", "geometry": {"type": "Point", "coordinates": [-79.5746439, 9.0024639]}, "properties": {"altura_m": 12, "diametro_copa_m": 18.1, "en_bosque_osm": false, "copa_separada": false}}, {"type": "Feature", "geometry": {"type": "Point", "coordinates": [-79.58813, 9.0069357]}, "properties": {"altura_m": 12, "diametro_copa_m": 15.5, "en_bosque_osm": false, "copa_separada": false}}, {"type": "Feature", "geometry": {"type": "Point", "coordinates": [-79.5747083, 8.992683]}, "properties": {"altura_m": 12, "diametro_copa_m": 17.9, "en_bosque_osm": false, "copa_separada": true}}, {"type": "Feature", "geometry": {"type": "Point", "coordinates": [-79.5799439, 8.993658]}, "properties": {"altura_m": 12, "diametro_copa_m": 16.8, "en_bosque_osm": false, "copa_separada": true}}, {"type": "Feature", "geometry": {"type": "Point", "coordinates": [-79.5788603, 9.0066284]}, "properties": {"altura_m": 12, "diametro_copa_m": 18.1, "en_bosque_osm": false, "copa_separada": false}}, {"type": "Feature", "geometry": {"type": "Point", "coordinates": [-79.5792573, 9.0016268]}, "properties": {"altura_m": 12, "diametro_copa_m": 15.1, "en_bosque_osm": false, "copa_separada": true}}, {"type": "Feature", "geometry": {"type": "Point", "coordinates": [-79.5828193, 8.9961588]}, "properties": {"altura_m": 12, "diametro_copa_m": 15.4, "en_bosque_osm": false, "copa_separada": false}}, {"type": "Feature", "geometry": {"type": "Point", "coordinates": [-79.5813709, 8.9935732]}, "properties": {"altura_m": 12, "diametro_copa_m": 15.2, "en_bosque_osm": false, "copa_separada": false}}, {"type": "Feature", "geometry": {"type": "Point", "coordinates": [-79.5809739, 9.0030467]}, "properties": {"altura_m": 12, "diametro_copa_m": 15.6, "en_bosque_osm": false, "copa_separada": true}}, {"type": "Feature", "geometry": {"type": "Point", "coordinates": [-79.5806735, 9.0067026]}, "properties": {"altura_m": 12, "diametro_copa_m": 17.9, "en_bosque_osm": false, "copa_separada": false}}, {"type": "Feature", "geometry": {"type": "Point", "coordinates": [-79.5787745, 8.9963178]}, "properties": {"altura_m": 12, "diametro_copa_m": 14.6, "en_bosque_osm": true, "copa_separada": false}}, {"type": "Feature", "geometry": {"type": "Point", "coordinates": [-79.5851367, 8.9962966]}, "properties": {"altura_m": 12, "diametro_copa_m": 15.6, "en_bosque_osm": true, "copa_separada": false}}, {"type": "Feature", "geometry": {"type": "Point", "coordinates": [-79.5899325, 8.9980875]}, "properties": {"altura_m": 12, "diametro_copa_m": 17.4, "en_bosque_osm": true, "copa_separada": false}}, {"type": "Feature", "geometry": {"type": "Point", "coordinates": [-79.5883768, 9.0029831]}, "properties": {"altura_m": 12, "diametro_copa_m": 17.6, "en_bosque_osm": false, "copa_separada": true}}, {"type": "Feature", "geometry": {"type": "Point", "coordinates": [-79.5744615, 9.0000161]}, "properties": {"altura_m": 12, "diametro_copa_m": 16.8, "en_bosque_osm": true, "copa_separada": false}}, {"type": "Feature", "geometry": {"type": "Point", "coordinates": [-79.579901, 8.9945693]}, "properties": {"altura_m": 12, "diametro_copa_m": 16.6, "en_bosque_osm": true, "copa_separada": true}}, {"type": "Feature", "geometry": {"type": "Point", "coordinates": [-79.5869177, 8.9972185]}, "properties": {"altura_m": 12, "diametro_copa_m": 17.2, "en_bosque_osm": true, "copa_separada": false}}, {"type": "Feature", "geometry": {"type": "Point", "coordinates": [-79.5849865, 9.0034494]}, "properties": {"altura_m": 12, "diametro_copa_m": 10.5, "en_bosque_osm": false, "copa_separada": true}}, {"type": "Feature", "geometry": {"type": "Point", "coordinates": [-79.5736568, 9.0005459]}, "properties": {"altura_m": 12, "diametro_copa_m": 16.0, "en_bosque_osm": true, "copa_separada": true}}, {"type": "Feature", "geometry": {"type": "Point", "coordinates": [-79.5771759, 9.0019871]}, "properties": {"altura_m": 12, "diametro_copa_m": 15.7, "en_bosque_osm": false, "copa_separada": false}}, {"type": "Feature", "geometry": {"type": "Point", "coordinates": [-79.5764678, 9.0032693]}, "properties": {"altura_m": 12, "diametro_copa_m": 13.9, "en_bosque_osm": false, "copa_separada": false}}, {"type": "Feature", "geometry": {"type": "Point", "coordinates": [-79.5770793, 9.006533]}, "properties": {"altura_m": 12, "diametro_copa_m": 14.9, "en_bosque_osm": false, "copa_separada": false}}, {"type": "Feature", "geometry": {"type": "Point", "coordinates": [-79.5819395, 9.0069781]}, "properties": {"altura_m": 12, "diametro_copa_m": 16.3, "en_bosque_osm": false, "copa_separada": false}}, {"type": "Feature", "geometry": {"type": "Point", "coordinates": [-79.5769077, 9.0033964]}, "properties": {"altura_m": 12, "diametro_copa_m": 17.1, "en_bosque_osm": false, "copa_separada": true}}, {"type": "Feature", "geometry": {"type": "Point", "coordinates": [-79.5827549, 9.005929]}, "properties": {"altura_m": 12, "diametro_copa_m": 16.5, "en_bosque_osm": false, "copa_separada": false}}, {"type": "Feature", "geometry": {"type": "Point", "coordinates": [-79.5872825, 8.9965509]}, "properties": {"altura_m": 12, "diametro_copa_m": 17.0, "en_bosque_osm": true, "copa_separada": false}}, {"type": "Feature", "geometry": {"type": "Point", "coordinates": [-79.5806735, 9.0070416]}, "properties": {"altura_m": 12, "diametro_copa_m": 14.0, "en_bosque_osm": false, "copa_separada": false}}, {"type": "Feature", "geometry": {"type": "Point", "coordinates": [-79.5767146, 9.0015314]}, "properties": {"altura_m": 12, "diametro_copa_m": 13.2, "en_bosque_osm": false, "copa_separada": true}}, {"type": "Feature", "geometry": {"type": "Point", "coordinates": [-79.5827978, 8.9972715]}, "properties": {"altura_m": 12, "diametro_copa_m": 16.2, "en_bosque_osm": false, "copa_separada": false}}, {"type": "Feature", "geometry": {"type": "Point", "coordinates": [-79.5784741, 8.994156]}, "properties": {"altura_m": 12, "diametro_copa_m": 15.4, "en_bosque_osm": true, "copa_separada": false}}, {"type": "Feature", "geometry": {"type": "Point", "coordinates": [-79.5736676, 8.9972821]}, "properties": {"altura_m": 12, "diametro_copa_m": 16.1, "en_bosque_osm": false, "copa_separada": false}}, {"type": "Feature", "geometry": {"type": "Point", "coordinates": [-79.5783775, 9.000228]}, "properties": {"altura_m": 12, "diametro_copa_m": 14.3, "en_bosque_osm": false, "copa_separada": true}}, {"type": "Feature", "geometry": {"type": "Point", "coordinates": [-79.5898896, 8.992079]}, "properties": {"altura_m": 12, "diametro_copa_m": 17.2, "en_bosque_osm": false, "copa_separada": true}}, {"type": "Feature", "geometry": {"type": "Point", "coordinates": [-79.5831948, 8.9972503]}, "properties": {"altura_m": 12, "diametro_copa_m": 16.4, "en_bosque_osm": false, "copa_separada": false}}, {"type": "Feature", "geometry": {"type": "Point", "coordinates": [-79.5745044, 9.007296]}, "properties": {"altura_m": 12, "diametro_copa_m": 16.7, "en_bosque_osm": false, "copa_separada": false}}, {"type": "Feature", "geometry": {"type": "Point", "coordinates": [-79.5809203, 8.9957985]}, "properties": {"altura_m": 12, "diametro_copa_m": 17.1, "en_bosque_osm": false, "copa_separada": true}}, {"type": "Feature", "geometry": {"type": "Point", "coordinates": [-79.5808881, 9.0039898]}, "properties": {"altura_m": 12, "diametro_copa_m": 12.6, "en_bosque_osm": false, "copa_separada": true}}, {"type": "Feature", "geometry": {"type": "Point", "coordinates": [-79.5793753, 9.0075291]}, "properties": {"altura_m": 12, "diametro_copa_m": 17.7, "en_bosque_osm": false, "copa_separada": true}}, {"type": "Feature", "geometry": {"type": "Point", "coordinates": [-79.5829158, 8.9969324]}, "properties": {"altura_m": 12, "diametro_copa_m": 17.7, "en_bosque_osm": false, "copa_separada": true}}, {"type": "Feature", "geometry": {"type": "Point", "coordinates": [-79.5802551, 8.9983842]}, "properties": {"altura_m": 12, "diametro_copa_m": 17.3, "en_bosque_osm": false, "copa_separada": true}}, {"type": "Feature", "geometry": {"type": "Point", "coordinates": [-79.5846432, 8.992842]}, "properties": {"altura_m": 12, "diametro_copa_m": 17.7, "en_bosque_osm": true, "copa_separada": true}}, {"type": "Feature", "geometry": {"type": "Point", "coordinates": [-79.5878511, 8.9962224]}, "properties": {"altura_m": 12, "diametro_copa_m": 17.7, "en_bosque_osm": true, "copa_separada": true}}, {"type": "Feature", "geometry": {"type": "Point", "coordinates": [-79.5827442, 9.0033116]}, "properties": {"altura_m": 12, "diametro_copa_m": 12.1, "en_bosque_osm": false, "copa_separada": true}}, {"type": "Feature", "geometry": {"type": "Point", "coordinates": [-79.5838385, 9.0001432]}, "properties": {"altura_m": 12, "diametro_copa_m": 14.3, "en_bosque_osm": false, "copa_separada": true}}, {"type": "Feature", "geometry": {"type": "Point", "coordinates": [-79.5753627, 9.0010228]}, "properties": {"altura_m": 12, "diametro_copa_m": 16.3, "en_bosque_osm": false, "copa_separada": false}}, {"type": "Feature", "geometry": {"type": "Point", "coordinates": [-79.5746439, 9.000334]}, "properties": {"altura_m": 12, "diametro_copa_m": 13.1, "en_bosque_osm": true, "copa_separada": false}}, {"type": "Feature", "geometry": {"type": "Point", "coordinates": [-79.5845359, 9.0040428]}, "properties": {"altura_m": 12, "diametro_copa_m": 14.6, "en_bosque_osm": false, "copa_separada": false}}, {"type": "Feature", "geometry": {"type": "Point", "coordinates": [-79.5808773, 9.0073278]}, "properties": {"altura_m": 12, "diametro_copa_m": 13.0, "en_bosque_osm": false, "copa_separada": false}}, {"type": "Feature", "geometry": {"type": "Point", "coordinates": [-79.575706, 9.00346]}, "properties": {"altura_m": 12, "diametro_copa_m": 9.2, "en_bosque_osm": false, "copa_separada": true}}, {"type": "Feature", "geometry": {"type": "Point", "coordinates": [-79.5827442, 8.9988822]}, "properties": {"altura_m": 12, "diametro_copa_m": 17.0, "en_bosque_osm": false, "copa_separada": true}}, {"type": "Feature", "geometry": {"type": "Point", "coordinates": [-79.5850187, 9.0005989]}, "properties": {"altura_m": 12, "diametro_copa_m": 13.4, "en_bosque_osm": false, "copa_separada": true}}, {"type": "Feature", "geometry": {"type": "Point", "coordinates": [-79.5861559, 8.9956714]}, "properties": {"altura_m": 12, "diametro_copa_m": 15.9, "en_bosque_osm": true, "copa_separada": false}}, {"type": "Feature", "geometry": {"type": "Point", "coordinates": [-79.588527, 9.0049329]}, "properties": {"altura_m": 12, "diametro_copa_m": 10.6, "en_bosque_osm": false, "copa_separada": true}}, {"type": "Feature", "geometry": {"type": "Point", "coordinates": [-79.5823365, 9.0055263]}, "properties": {"altura_m": 12, "diametro_copa_m": 15.4, "en_bosque_osm": false, "copa_separada": true}}, {"type": "Feature", "geometry": {"type": "Point", "coordinates": [-79.57812, 9.0044349]}, "properties": {"altura_m": 12, "diametro_copa_m": 11.6, "en_bosque_osm": false, "copa_separada": false}}, {"type": "Feature", "geometry": {"type": "Point", "coordinates": [-79.5787316, 8.9962542]}, "properties": {"altura_m": 12, "diametro_copa_m": 14.7, "en_bosque_osm": true, "copa_separada": false}}, {"type": "Feature", "geometry": {"type": "Point", "coordinates": [-79.5849436, 9.0064164]}, "properties": {"altura_m": 12, "diametro_copa_m": 15.7, "en_bosque_osm": false, "copa_separada": true}}, {"type": "Feature", "geometry": {"type": "Point", "coordinates": [-79.5783024, 8.994262]}, "properties": {"altura_m": 12, "diametro_copa_m": 15.5, "en_bosque_osm": true, "copa_separada": false}}, {"type": "Feature", "geometry": {"type": "Point", "coordinates": [-79.5814031, 8.9936368]}, "properties": {"altura_m": 12, "diametro_copa_m": 13.5, "en_bosque_osm": false, "copa_separada": false}}, {"type": "Feature", "geometry": {"type": "Point", "coordinates": [-79.5770901, 9.0067979]}, "properties": {"altura_m": 12, "diametro_copa_m": 12.2, "en_bosque_osm": false, "copa_separada": false}}, {"type": "Feature", "geometry": {"type": "Point", "coordinates": [-79.5765536, 9.0005035]}, "properties": {"altura_m": 12, "diametro_copa_m": 10.4, "en_bosque_osm": false, "copa_separada": true}}, {"type": "Feature", "geometry": {"type": "Point", "coordinates": [-79.579665, 9.0036613]}, "properties": {"altura_m": 12, "diametro_copa_m": 9.5, "en_bosque_osm": false, "copa_separada": false}}, {"type": "Feature", "geometry": {"type": "Point", "coordinates": [-79.5816713, 8.9973033]}, "properties": {"altura_m": 12, "diametro_copa_m": 15.0, "en_bosque_osm": false, "copa_separada": true}}, {"type": "Feature", "geometry": {"type": "Point", "coordinates": [-79.5778089, 8.9996664]}, "properties": {"altura_m": 14, "diametro_copa_m": 6.8, "en_bosque_osm": false, "copa_separada": true}}, {"type": "Feature", "geometry": {"type": "Point", "coordinates": [-79.577251, 9.0019765]}, "properties": {"altura_m": 12, "diametro_copa_m": 13.7, "en_bosque_osm": false, "copa_separada": false}}, {"type": "Feature", "geometry": {"type": "Point", "coordinates": [-79.5823043, 9.0060456]}, "properties": {"altura_m": 12, "diametro_copa_m": 17.3, "en_bosque_osm": false, "copa_separada": true}}, {"type": "Feature", "geometry": {"type": "Point", "coordinates": [-79.5777553, 8.9997512]}, "properties": {"altura_m": 13, "diametro_copa_m": 6.1, "en_bosque_osm": false, "copa_separada": true}}, {"type": "Feature", "geometry": {"type": "Point", "coordinates": [-79.5748263, 9.0066284]}, "properties": {"altura_m": 12, "diametro_copa_m": 17.0, "en_bosque_osm": false, "copa_separada": false}}, {"type": "Feature", "geometry": {"type": "Point", "coordinates": [-79.5848148, 9.0065966]}, "properties": {"altura_m": 12, "diametro_copa_m": 12.8, "en_bosque_osm": false, "copa_separada": false}}, {"type": "Feature", "geometry": {"type": "Point", "coordinates": [-79.5898681, 9.0045938]}, "properties": {"altura_m": 12, "diametro_copa_m": 13.8, "en_bosque_osm": false, "copa_separada": true}}, {"type": "Feature", "geometry": {"type": "Point", "coordinates": [-79.5789462, 9.0006201]}, "properties": {"altura_m": 12, "diametro_copa_m": 7.2, "en_bosque_osm": false, "copa_separada": true}}, {"type": "Feature", "geometry": {"type": "Point", "coordinates": [-79.5847183, 9.0067979]}, "properties": {"altura_m": 12, "diametro_copa_m": 11.8, "en_bosque_osm": false, "copa_separada": false}}, {"type": "Feature", "geometry": {"type": "Point", "coordinates": [-79.5801371, 8.9954912]}, "properties": {"altura_m": 12, "diametro_copa_m": 15.2, "en_bosque_osm": false, "copa_separada": false}}, {"type": "Feature", "geometry": {"type": "Point", "coordinates": [-79.5787959, 9.0024215]}, "properties": {"altura_m": 12, "diametro_copa_m": 8.6, "en_bosque_osm": false, "copa_separada": true}}, {"type": "Feature", "geometry": {"type": "Point", "coordinates": [-79.5777016, 8.9956608]}, "properties": {"altura_m": 12, "diametro_copa_m": 14.7, "en_bosque_osm": true, "copa_separada": false}}, {"type": "Feature", "geometry": {"type": "Point", "coordinates": [-79.5776587, 8.996127]}, "properties": {"altura_m": 12, "diametro_copa_m": 11.4, "en_bosque_osm": true, "copa_separada": true}}, {"type": "Feature", "geometry": {"type": "Point", "coordinates": [-79.5815103, 8.9977907]}, "properties": {"altura_m": 11, "diametro_copa_m": 10.7, "en_bosque_osm": false, "copa_separada": false}}, {"type": "Feature", "geometry": {"type": "Point", "coordinates": [-79.5784955, 9.0038309]}, "properties": {"altura_m": 11, "diametro_copa_m": 12.5, "en_bosque_osm": false, "copa_separada": true}}, {"type": "Feature", "geometry": {"type": "Point", "coordinates": [-79.5893531, 8.9975894]}, "properties": {"altura_m": 11, "diametro_copa_m": 16.0, "en_bosque_osm": true, "copa_separada": true}}, {"type": "Feature", "geometry": {"type": "Point", "coordinates": [-79.5735925, 9.0025381]}, "properties": {"altura_m": 11, "diametro_copa_m": 14.5, "en_bosque_osm": true, "copa_separada": false}}, {"type": "Feature", "geometry": {"type": "Point", "coordinates": [-79.5788496, 9.0075397]}, "properties": {"altura_m": 11, "diametro_copa_m": 16.0, "en_bosque_osm": false, "copa_separada": true}}, {"type": "Feature", "geometry": {"type": "Point", "coordinates": [-79.5866924, 8.9966145]}, "properties": {"altura_m": 11, "diametro_copa_m": 16.0, "en_bosque_osm": true, "copa_separada": true}}, {"type": "Feature", "geometry": {"type": "Point", "coordinates": [-79.5764141, 9.0024215]}, "properties": {"altura_m": 11, "diametro_copa_m": 15.4, "en_bosque_osm": false, "copa_separada": true}}, {"type": "Feature", "geometry": {"type": "Point", "coordinates": [-79.5820897, 8.9962754]}, "properties": {"altura_m": 11, "diametro_copa_m": 15.6, "en_bosque_osm": false, "copa_separada": false}}, {"type": "Feature", "geometry": {"type": "Point", "coordinates": [-79.5850187, 8.9954912]}, "properties": {"altura_m": 11, "diametro_copa_m": 16.0, "en_bosque_osm": true, "copa_separada": true}}, {"type": "Feature", "geometry": {"type": "Point", "coordinates": [-79.5825403, 8.9968688]}, "properties": {"altura_m": 11, "diametro_copa_m": 16.0, "en_bosque_osm": false, "copa_separada": true}}, {"type": "Feature", "geometry": {"type": "Point", "coordinates": [-79.5804911, 9.0068933]}, "properties": {"altura_m": 11, "diametro_copa_m": 16.0, "en_bosque_osm": false, "copa_separada": true}}, {"type": "Feature", "geometry": {"type": "Point", "coordinates": [-79.5824223, 9.0010969]}, "properties": {"altura_m": 11, "diametro_copa_m": 16.0, "en_bosque_osm": false, "copa_separada": true}}, {"type": "Feature", "geometry": {"type": "Point", "coordinates": [-79.5787745, 8.9975894]}, "properties": {"altura_m": 11, "diametro_copa_m": 16.0, "en_bosque_osm": false, "copa_separada": true}}, {"type": "Feature", "geometry": {"type": "Point", "coordinates": [-79.5735281, 9.0025805]}, "properties": {"altura_m": 11, "diametro_copa_m": 14.5, "en_bosque_osm": true, "copa_separada": false}}, {"type": "Feature", "geometry": {"type": "Point", "coordinates": [-79.5768755, 9.0025699]}, "properties": {"altura_m": 11, "diametro_copa_m": 16.0, "en_bosque_osm": false, "copa_separada": true}}, {"type": "Feature", "geometry": {"type": "Point", "coordinates": [-79.579783, 9.007688]}, "properties": {"altura_m": 11, "diametro_copa_m": 14.1, "en_bosque_osm": false, "copa_separada": false}}, {"type": "Feature", "geometry": {"type": "Point", "coordinates": [-79.582315, 8.998861]}, "properties": {"altura_m": 11, "diametro_copa_m": 16.0, "en_bosque_osm": false, "copa_separada": true}}, {"type": "Feature", "geometry": {"type": "Point", "coordinates": [-79.5790105, 9.0065966]}, "properties": {"altura_m": 11, "diametro_copa_m": 16.0, "en_bosque_osm": false, "copa_separada": false}}, {"type": "Feature", "geometry": {"type": "Point", "coordinates": [-79.5742577, 8.9959469]}, "properties": {"altura_m": 11, "diametro_copa_m": 14.8, "en_bosque_osm": false, "copa_separada": false}}, {"type": "Feature", "geometry": {"type": "Point", "coordinates": [-79.5834523, 8.996943]}, "properties": {"altura_m": 11, "diametro_copa_m": 16.0, "en_bosque_osm": false, "copa_separada": true}}, {"type": "Feature", "geometry": {"type": "Point", "coordinates": [-79.5896964, 8.9986809]}, "properties": {"altura_m": 11, "diametro_copa_m": 15.0, "en_bosque_osm": true, "copa_separada": false}}, {"type": "Feature", "geometry": {"type": "Point", "coordinates": [-79.5740538, 8.9968158]}, "properties": {"altura_m": 11, "diametro_copa_m": 15.5, "en_bosque_osm": false, "copa_separada": false}}, {"type": "Feature", "geometry": {"type": "Point", "coordinates": [-79.578399, 8.9940818]}, "properties": {"altura_m": 11, "diametro_copa_m": 15.2, "en_bosque_osm": true, "copa_separada": false}}, {"type": "Feature", "geometry": {"type": "Point", "coordinates": [-79.5888381, 8.9970278]}, "properties": {"altura_m": 11, "diametro_copa_m": 15.9, "en_bosque_osm": false, "copa_separada": true}}, {"type": "Feature", "geometry": {"type": "Point", "coordinates": [-79.5854371, 8.9966887]}, "properties": {"altura_m": 11, "diametro_copa_m": 15.4, "en_bosque_osm": false, "copa_separada": false}}, {"type": "Feature", "geometry": {"type": "Point", "coordinates": [-79.5779484, 9.004117]}, "properties": {"altura_m": 11, "diametro_copa_m": 16.0, "en_bosque_osm": false, "copa_separada": true}}, {"type": "Feature", "geometry": {"type": "Point", "coordinates": [-79.5860272, 8.9956078]}, "properties": {"altura_m": 11, "diametro_copa_m": 16.0, "en_bosque_osm": true, "copa_separada": false}}, {"type": "Feature", "geometry": {"type": "Point", "coordinates": [-79.5806413, 9.0068403]}, "properties": {"altura_m": 11, "diametro_copa_m": 15.2, "en_bosque_osm": false, "copa_separada": false}}, {"type": "Feature", "geometry": {"type": "Point", "coordinates": [-79.5742469, 8.9958621]}, "properties": {"altura_m": 11, "diametro_copa_m": 14.5, "en_bosque_osm": false, "copa_separada": false}}, {"type": "Feature", "geometry": {"type": "Point", "coordinates": [-79.5897179, 8.9981087]}, "properties": {"altura_m": 11, "diametro_copa_m": 14.0, "en_bosque_osm": true, "copa_separada": false}}, {"type": "Feature", "geometry": {"type": "Point", "coordinates": [-79.5789569, 9.0000161]}, "properties": {"altura_m": 11, "diametro_copa_m": 14.2, "en_bosque_osm": false, "copa_separada": true}}, {"type": "Feature", "geometry": {"type": "Point", "coordinates": [-79.5819824, 9.0061197]}, "properties": {"altura_m": 11, "diametro_copa_m": 15.9, "en_bosque_osm": false, "copa_separada": true}}, {"type": "Feature", "geometry": {"type": "Point", "coordinates": [-79.5864563, 8.9991259]}, "properties": {"altura_m": 11, "diametro_copa_m": 15.0, "en_bosque_osm": false, "copa_separada": true}}, {"type": "Feature", "geometry": {"type": "Point", "coordinates": [-79.5895892, 8.9986279]}, "properties": {"altura_m": 11, "diametro_copa_m": 15.4, "en_bosque_osm": true, "copa_separada": false}}, {"type": "Feature", "geometry": {"type": "Point", "coordinates": [-79.5848577, 9.0007049]}, "properties": {"altura_m": 11, "diametro_copa_m": 14.5, "en_bosque_osm": false, "copa_separada": true}}, {"type": "Feature", "geometry": {"type": "Point", "coordinates": [-79.5808773, 9.0071688]}, "properties": {"altura_m": 11, "diametro_copa_m": 14.1, "en_bosque_osm": false, "copa_separada": true}}, {"type": "Feature", "geometry": {"type": "Point", "coordinates": [-79.5821541, 8.9963708]}, "properties": {"altura_m": 11, "diametro_copa_m": 15.5, "en_bosque_osm": false, "copa_separada": false}}, {"type": "Feature", "geometry": {"type": "Point", "coordinates": [-79.588012, 9.007031]}, "properties": {"altura_m": 11, "diametro_copa_m": 14.7, "en_bosque_osm": false, "copa_separada": false}}, {"type": "Feature", "geometry": {"type": "Point", "coordinates": [-79.5826154, 9.0059502]}, "properties": {"altura_m": 11, "diametro_copa_m": 15.9, "en_bosque_osm": false, "copa_separada": false}}, {"type": "Feature", "geometry": {"type": "Point", "coordinates": [-79.5756631, 9.0012771]}, "properties": {"altura_m": 11, "diametro_copa_m": 14.7, "en_bosque_osm": false, "copa_separada": true}}, {"type": "Feature", "geometry": {"type": "Point", "coordinates": [-79.5899003, 8.9917823]}, "properties": {"altura_m": 11, "diametro_copa_m": 12.3, "en_bosque_osm": false, "copa_separada": true}}, {"type": "Feature", "geometry": {"type": "Point", "coordinates": [-79.5896535, 8.9981298]}, "properties": {"altura_m": 11, "diametro_copa_m": 13.8, "en_bosque_osm": true, "copa_separada": false}}, {"type": "Feature", "geometry": {"type": "Point", "coordinates": [-79.5851796, 9.0065118]}, "properties": {"altura_m": 11, "diametro_copa_m": 14.9, "en_bosque_osm": false, "copa_separada": false}}, {"type": "Feature", "geometry": {"type": "Point", "coordinates": [-79.5791071, 9.0037037]}, "properties": {"altura_m": 11, "diametro_copa_m": 15.1, "en_bosque_osm": false, "copa_separada": true}}, {"type": "Feature", "geometry": {"type": "Point", "coordinates": [-79.5749121, 9.0004717]}, "properties": {"altura_m": 11, "diametro_copa_m": 14.0, "en_bosque_osm": true, "copa_separada": false}}, {"type": "Feature", "geometry": {"type": "Point", "coordinates": [-79.5826798, 9.0019447]}, "properties": {"altura_m": 11, "diametro_copa_m": 12.1, "en_bosque_osm": false, "copa_separada": true}}, {"type": "Feature", "geometry": {"type": "Point", "coordinates": [-79.5742469, 8.9966251]}, "properties": {"altura_m": 11, "diametro_copa_m": 14.9, "en_bosque_osm": false, "copa_separada": false}}, {"type": "Feature", "geometry": {"type": "Point", "coordinates": [-79.5827227, 9.0052932]}, "properties": {"altura_m": 11, "diametro_copa_m": 14.4, "en_bosque_osm": false, "copa_separada": true}}, {"type": "Feature", "geometry": {"type": "Point", "coordinates": [-79.5748692, 9.0008214]}, "properties": {"altura_m": 11, "diametro_copa_m": 12.3, "en_bosque_osm": true, "copa_separada": false}}, {"type": "Feature", "geometry": {"type": "Point", "coordinates": [-79.575706, 8.9986279]}, "properties": {"altura_m": 11, "diametro_copa_m": 11.8, "en_bosque_osm": true, "copa_separada": true}}, {"type": "Feature", "geometry": {"type": "Point", "coordinates": [-79.5849221, 9.0050601]}, "properties": {"altura_m": 11, "diametro_copa_m": 14.9, "en_bosque_osm": false, "copa_separada": false}}, {"type": "Feature", "geometry": {"type": "Point", "coordinates": [-79.5776158, 8.9991789]}, "properties": {"altura_m": 11, "diametro_copa_m": 13.5, "en_bosque_osm": false, "copa_separada": true}}, {"type": "Feature", "geometry": {"type": "Point", "coordinates": [-79.5738714, 8.9929586]}, "properties": {"altura_m": 11, "diametro_copa_m": 15.5, "en_bosque_osm": true, "copa_separada": true}}, {"type": "Feature", "geometry": {"type": "Point", "coordinates": [-79.5798152, 9.0076351]}, "properties": {"altura_m": 11, "diametro_copa_m": 13.9, "en_bosque_osm": false, "copa_separada": false}}, {"type": "Feature", "geometry": {"type": "Point", "coordinates": [-79.5762961, 9.0034388]}, "properties": {"altura_m": 11, "diametro_copa_m": 15.6, "en_bosque_osm": false, "copa_separada": false}}, {"type": "Feature", "geometry": {"type": "Point", "coordinates": [-79.5830875, 8.9971443]}, "properties": {"altura_m": 11, "diametro_copa_m": 14.9, "en_bosque_osm": false, "copa_separada": false}}, {"type": "Feature", "geometry": {"type": "Point", "coordinates": [-79.5871537, 9.0058124]}, "properties": {"altura_m": 11, "diametro_copa_m": 14.1, "en_bosque_osm": false, "copa_separada": true}}, {"type": "Feature", "geometry": {"type": "Point", "coordinates": [-79.5778947, 8.9953959]}, "properties": {"altura_m": 11, "diametro_copa_m": 13.2, "en_bosque_osm": true, "copa_separada": false}}, {"type": "Feature", "geometry": {"type": "Point", "coordinates": [-79.5839029, 8.9935838]}, "properties": {"altura_m": 11, "diametro_copa_m": 16.0, "en_bosque_osm": true, "copa_separada": true}}, {"type": "Feature", "geometry": {"type": "Point", "coordinates": [-79.5860594, 8.9966463]}, "properties": {"altura_m": 11, "diametro_copa_m": 14.8, "en_bosque_osm": true, "copa_separada": true}}, {"type": "Feature", "geometry": {"type": "Point", "coordinates": [-79.5778625, 8.9954594]}, "properties": {"altura_m": 11, "diametro_copa_m": 12.1, "en_bosque_osm": true, "copa_separada": false}}, {"type": "Feature", "geometry": {"type": "Point", "coordinates": [-79.5826154, 8.9970596]}, "properties": {"altura_m": 11, "diametro_copa_m": 13.3, "en_bosque_osm": false, "copa_separada": true}}, {"type": "Feature", "geometry": {"type": "Point", "coordinates": [-79.574204, 8.9987021]}, "properties": {"altura_m": 11, "diametro_copa_m": 15.9, "en_bosque_osm": true, "copa_separada": false}}, {"type": "Feature", "geometry": {"type": "Point", "coordinates": [-79.5796006, 9.0016056]}, "properties": {"altura_m": 11, "diametro_copa_m": 12.7, "en_bosque_osm": false, "copa_separada": true}}, {"type": "Feature", "geometry": {"type": "Point", "coordinates": [-79.5814138, 9.0026758]}, "properties": {"altura_m": 11, "diametro_copa_m": 15.8, "en_bosque_osm": false, "copa_separada": true}}, {"type": "Feature", "geometry": {"type": "Point", "coordinates": [-79.5768326, 9.0014148]}, "properties": {"altura_m": 12, "diametro_copa_m": 7.9, "en_bosque_osm": false, "copa_separada": false}}, {"type": "Feature", "geometry": {"type": "Point", "coordinates": [-79.5778518, 9.0047316]}, "properties": {"altura_m": 11, "diametro_copa_m": 14.8, "en_bosque_osm": false, "copa_separada": true}}, {"type": "Feature", "geometry": {"type": "Point", "coordinates": [-79.5867567, 8.9971655]}, "properties": {"altura_m": 11, "diametro_copa_m": 15.2, "en_bosque_osm": true, "copa_separada": false}}, {"type": "Feature", "geometry": {"type": "Point", "coordinates": [-79.5799547, 8.9986597]}, "properties": {"altura_m": 11, "diametro_copa_m": 14.6, "en_bosque_osm": false, "copa_separada": false}}, {"type": "Feature", "geometry": {"type": "Point", "coordinates": [-79.5739572, 8.9989352]}, "properties": {"altura_m": 11, "diametro_copa_m": 13.4, "en_bosque_osm": true, "copa_separada": false}}, {"type": "Feature", "geometry": {"type": "Point", "coordinates": [-79.5736676, 8.9922804]}, "properties": {"altura_m": 11, "diametro_copa_m": 14.5, "en_bosque_osm": true, "copa_separada": false}}, {"type": "Feature", "geometry": {"type": "Point", "coordinates": [-79.5818751, 9.006639]}, "properties": {"altura_m": 11, "diametro_copa_m": 12.2, "en_bosque_osm": false, "copa_separada": true}}, {"type": "Feature", "geometry": {"type": "Point", "coordinates": [-79.5829909, 9.0031527]}, "properties": {"altura_m": 11, "diametro_copa_m": 11.7, "en_bosque_osm": false, "copa_separada": false}}, {"type": "Feature", "geometry": {"type": "Point", "coordinates": [-79.5880442, 9.0016904]}, "properties": {"altura_m": 11, "diametro_copa_m": 14.5, "en_bosque_osm": true, "copa_separada": true}}, {"type": "Feature", "geometry": {"type": "Point", "coordinates": [-79.5810919, 9.0062681]}, "properties": {"altura_m": 11, "diametro_copa_m": 14.6, "en_bosque_osm": false, "copa_separada": true}}, {"type": "Feature", "geometry": {"type": "Point", "coordinates": [-79.5834737, 9.0016692]}, "properties": {"altura_m": 11, "diametro_copa_m": 11.0, "en_bosque_osm": false, "copa_separada": true}}, {"type": "Feature", "geometry": {"type": "Point", "coordinates": [-79.5805447, 9.0051872]}, "properties": {"altura_m": 11, "diametro_copa_m": 15.6, "en_bosque_osm": false, "copa_separada": true}}, {"type": "Feature", "geometry": {"type": "Point", "coordinates": [-79.5747941, 8.9998889]}, "properties": {"altura_m": 11, "diametro_copa_m": 13.2, "en_bosque_osm": true, "copa_separada": false}}, {"type": "Feature", "geometry": {"type": "Point", "coordinates": [-79.574322, 9.002803]}, "properties": {"altura_m": 11, "diametro_copa_m": 15.5, "en_bosque_osm": false, "copa_separada": true}}, {"type": "Feature", "geometry": {"type": "Point", "coordinates": [-79.5800405, 8.9987551]}, "properties": {"altura_m": 11, "diametro_copa_m": 12.6, "en_bosque_osm": false, "copa_separada": false}}, {"type": "Feature", "geometry": {"type": "Point", "coordinates": [-79.5789032, 9.0010228]}, "properties": {"altura_m": 11, "diametro_copa_m": 8.1, "en_bosque_osm": false, "copa_separada": true}}, {"type": "Feature", "geometry": {"type": "Point", "coordinates": [-79.5849865, 9.0038839]}, "properties": {"altura_m": 11, "diametro_copa_m": 12.3, "en_bosque_osm": false, "copa_separada": true}}, {"type": "Feature", "geometry": {"type": "Point", "coordinates": [-79.5775621, 8.9981934]}, "properties": {"altura_m": 11, "diametro_copa_m": 14.1, "en_bosque_osm": false, "copa_separada": true}}, {"type": "Feature", "geometry": {"type": "Point", "coordinates": [-79.5812743, 8.9998677]}, "properties": {"altura_m": 12, "diametro_copa_m": 6.2, "en_bosque_osm": false, "copa_separada": true}}, {"type": "Feature", "geometry": {"type": "Point", "coordinates": [-79.5812421, 8.9975152]}, "properties": {"altura_m": 10, "diametro_copa_m": 10.9, "en_bosque_osm": false, "copa_separada": false}}, {"type": "Feature", "geometry": {"type": "Point", "coordinates": [-79.5761352, 9.0017221]}, "properties": {"altura_m": 11, "diametro_copa_m": 12.1, "en_bosque_osm": false, "copa_separada": false}}, {"type": "Feature", "geometry": {"type": "Point", "coordinates": [-79.5799761, 9.0002704]}, "properties": {"altura_m": 11, "diametro_copa_m": 7.8, "en_bosque_osm": false, "copa_separada": true}}, {"type": "Feature", "geometry": {"type": "Point", "coordinates": [-79.5785814, 9.0044773]}, "properties": {"altura_m": 10, "diametro_copa_m": 14.3, "en_bosque_osm": false, "copa_separada": false}}, {"type": "Feature", "geometry": {"type": "Point", "coordinates": [-79.5748799, 9.0005459]}, "properties": {"altura_m": 11, "diametro_copa_m": 11.6, "en_bosque_osm": true, "copa_separada": false}}, {"type": "Feature", "geometry": {"type": "Point", "coordinates": [-79.5766824, 8.9978013]}, "properties": {"altura_m": 11, "diametro_copa_m": 8.6, "en_bosque_osm": true, "copa_separada": true}}, {"type": "Feature", "geometry": {"type": "Point", "coordinates": [-79.5788281, 9.007688]}, "properties": {"altura_m": 10, "diametro_copa_m": 15.1, "en_bosque_osm": false, "copa_separada": true}}, {"type": "Feature", "geometry": {"type": "Point", "coordinates": [-79.5764249, 9.0067237]}, "properties": {"altura_m": 10, "diametro_copa_m": 15.1, "en_bosque_osm": false, "copa_separada": true}}, {"type": "Feature", "geometry": {"type": "Point", "coordinates": [-79.5779698, 9.0013936]}, "properties": {"altura_m": 10, "diametro_copa_m": 11.4, "en_bosque_osm": false, "copa_separada": false}}, {"type": "Feature", "geometry": {"type": "Point", "coordinates": [-79.5779484, 9.001383]}, "properties": {"altura_m": 10, "diametro_copa_m": 5.3, "en_bosque_osm": false, "copa_separada": false}}, {"type": "Feature", "geometry": {"type": "Point", "coordinates": [-79.5779269, 9.0013725]}, "properties": {"altura_m": 10, "diametro_copa_m": 5.5, "en_bosque_osm": false, "copa_separada": false}}, {"type": "Feature", "geometry": {"type": "Point", "coordinates": [-79.5779484, 9.0013619]}, "properties": {"altura_m": 10, "diametro_copa_m": 7.4, "en_bosque_osm": false, "copa_separada": false}}, {"type": "Feature", "geometry": {"type": "Point", "coordinates": [-79.5779055, 9.0013619]}, "properties": {"altura_m": 10, "diametro_copa_m": 10.5, "en_bosque_osm": false, "copa_separada": false}}, {"type": "Feature", "geometry": {"type": "Point", "coordinates": [-79.5779269, 9.0013513]}, "properties": {"altura_m": 10, "diametro_copa_m": 7.6, "en_bosque_osm": false, "copa_separada": false}}, {"type": "Feature", "geometry": {"type": "Point", "coordinates": [-79.5801585, 8.9988716]}, "properties": {"altura_m": 10, "diametro_copa_m": 6.1, "en_bosque_osm": false, "copa_separada": false}}, {"type": "Feature", "geometry": {"type": "Point", "coordinates": [-79.5801371, 8.9988716]}, "properties": {"altura_m": 10, "diametro_copa_m": 5.2, "en_bosque_osm": false, "copa_separada": false}}, {"type": "Feature", "geometry": {"type": "Point", "coordinates": [-79.5801156, 8.9988716]}, "properties": {"altura_m": 10, "diametro_copa_m": 7.2, "en_bosque_osm": false, "copa_separada": false}}, {"type": "Feature", "geometry": {"type": "Point", "coordinates": [-79.5802122, 8.998861]}, "properties": {"altura_m": 10, "diametro_copa_m": 9.0, "en_bosque_osm": false, "copa_separada": false}}, {"type": "Feature", "geometry": {"type": "Point", "coordinates": [-79.5801907, 8.998861]}, "properties": {"altura_m": 10, "diametro_copa_m": 4.0, "en_bosque_osm": false, "copa_separada": false}}, {"type": "Feature", "geometry": {"type": "Point", "coordinates": [-79.5800941, 8.998861]}, "properties": {"altura_m": 10, "diametro_copa_m": 7.2, "en_bosque_osm": false, "copa_separada": false}}, {"type": "Feature", "geometry": {"type": "Point", "coordinates": [-79.5801692, 8.9988504]}, "properties": {"altura_m": 10, "diametro_copa_m": 3.0, "en_bosque_osm": false, "copa_separada": false}}, {"type": "Feature", "geometry": {"type": "Point", "coordinates": [-79.5801263, 8.9988504]}, "properties": {"altura_m": 10, "diametro_copa_m": 3.3, "en_bosque_osm": false, "copa_separada": false}}, {"type": "Feature", "geometry": {"type": "Point", "coordinates": [-79.5802122, 8.9988398]}, "properties": {"altura_m": 10, "diametro_copa_m": 8.1, "en_bosque_osm": false, "copa_separada": false}}, {"type": "Feature", "geometry": {"type": "Point", "coordinates": [-79.5801907, 8.9988398]}, "properties": {"altura_m": 10, "diametro_copa_m": 2.7, "en_bosque_osm": false, "copa_separada": false}}, {"type": "Feature", "geometry": {"type": "Point", "coordinates": [-79.5801049, 8.9988398]}, "properties": {"altura_m": 10, "diametro_copa_m": 3.0, "en_bosque_osm": false, "copa_separada": false}}, {"type": "Feature", "geometry": {"type": "Point", "coordinates": [-79.5800834, 8.9988398]}, "properties": {"altura_m": 10, "diametro_copa_m": 8.8, "en_bosque_osm": false, "copa_separada": false}}, {"type": "Feature", "geometry": {"type": "Point", "coordinates": [-79.5801692, 8.9988292]}, "properties": {"altura_m": 10, "diametro_copa_m": 2.3, "en_bosque_osm": false, "copa_separada": false}}, {"type": "Feature", "geometry": {"type": "Point", "coordinates": [-79.5801478, 8.9988292]}, "properties": {"altura_m": 10, "diametro_copa_m": 3.8, "en_bosque_osm": false, "copa_separada": false}}, {"type": "Feature", "geometry": {"type": "Point", "coordinates": [-79.5801263, 8.9988292]}, "properties": {"altura_m": 10, "diametro_copa_m": 3.5, "en_bosque_osm": false, "copa_separada": false}}, {"type": "Feature", "geometry": {"type": "Point", "coordinates": [-79.5801907, 8.9988186]}, "properties": {"altura_m": 10, "diametro_copa_m": 6.4, "en_bosque_osm": false, "copa_separada": false}}, {"type": "Feature", "geometry": {"type": "Point", "coordinates": [-79.5801692, 8.998808]}, "properties": {"altura_m": 10, "diametro_copa_m": 2.7, "en_bosque_osm": false, "copa_separada": false}}, {"type": "Feature", "geometry": {"type": "Point", "coordinates": [-79.5801478, 8.998808]}, "properties": {"altura_m": 10, "diametro_copa_m": 2.7, "en_bosque_osm": false, "copa_separada": false}}, {"type": "Feature", "geometry": {"type": "Point", "coordinates": [-79.5801585, 8.9987868]}, "properties": {"altura_m": 10, "diametro_copa_m": 5.2, "en_bosque_osm": false, "copa_separada": false}}, {"type": "Feature", "geometry": {"type": "Point", "coordinates": [-79.5801371, 8.9987868]}, "properties": {"altura_m": 10, "diametro_copa_m": 5.8, "en_bosque_osm": false, "copa_separada": false}}, {"type": "Feature", "geometry": {"type": "Point", "coordinates": [-79.5801478, 8.9987657]}, "properties": {"altura_m": 10, "diametro_copa_m": 5.2, "en_bosque_osm": false, "copa_separada": false}}, {"type": "Feature", "geometry": {"type": "Point", "coordinates": [-79.5801478, 8.9987445]}, "properties": {"altura_m": 10, "diametro_copa_m": 6.4, "en_bosque_osm": false, "copa_separada": false}}, {"type": "Feature", "geometry": {"type": "Point", "coordinates": [-79.5801371, 8.9987233]}, "properties": {"altura_m": 10, "diametro_copa_m": 9.8, "en_bosque_osm": false, "copa_separada": false}}, {"type": "Feature", "geometry": {"type": "Point", "coordinates": [-79.5800727, 8.9986809]}, "properties": {"altura_m": 10, "diametro_copa_m": 7.6, "en_bosque_osm": false, "copa_separada": false}}, {"type": "Feature", "geometry": {"type": "Point", "coordinates": [-79.5800512, 8.9986809]}, "properties": {"altura_m": 10, "diametro_copa_m": 5.8, "en_bosque_osm": false, "copa_separada": false}}, {"type": "Feature", "geometry": {"type": "Point", "coordinates": [-79.580062, 8.9986597]}, "properties": {"altura_m": 10, "diametro_copa_m": 6.1, "en_bosque_osm": false, "copa_separada": false}}, {"type": "Feature", "geometry": {"type": "Point", "coordinates": [-79.5800405, 8.9986597]}, "properties": {"altura_m": 10, "diametro_copa_m": 5.3, "en_bosque_osm": false, "copa_separada": false}}, {"type": "Feature", "geometry": {"type": "Point", "coordinates": [-79.5800405, 8.9986385]}, "properties": {"altura_m": 10, "diametro_copa_m": 9.9, "en_bosque_osm": false, "copa_separada": false}}, {"type": "Feature", "geometry": {"type": "Point", "coordinates": [-79.580931, 8.9967946]}, "properties": {"altura_m": 10, "diametro_copa_m": 15.1, "en_bosque_osm": false, "copa_separada": true}}, {"type": "Feature", "geometry": {"type": "Point", "coordinates": [-79.5818751, 9.0059078]}, "properties": {"altura_m": 10, "diametro_copa_m": 15.1, "en_bosque_osm": false, "copa_separada": false}}, {"type": "Feature", "geometry": {"type": "Point", "coordinates": [-79.5819717, 8.9984372]}, "properties": {"altura_m": 10, "diametro_copa_m": 15.1, "en_bosque_osm": false, "copa_separada": true}}, {"type": "Feature", "geometry": {"type": "Point", "coordinates": [-79.5770901, 8.9996982]}, "properties": {"altura_m": 10, "diametro_copa_m": 13.1, "en_bosque_osm": false, "copa_separada": true}}, {"type": "Feature", "geometry": {"type": "Point", "coordinates": [-79.5812636, 8.9934248]}, "properties": {"altura_m": 10, "diametro_copa_m": 15.1, "en_bosque_osm": false, "copa_separada": true}}, {"type": "Feature", "geometry": {"type": "Point", "coordinates": [-79.5896106, 8.9987445]}, "properties": {"altura_m": 10, "diametro_copa_m": 14.4, "en_bosque_osm": true, "copa_separada": false}}, {"type": "Feature", "geometry": {"type": "Point", "coordinates": [-79.5766395, 9.0023156]}, "properties": {"altura_m": 10, "diametro_copa_m": 15.0, "en_bosque_osm": false, "copa_separada": true}}, {"type": "Feature", "geometry": {"type": "Point", "coordinates": [-79.5791822, 8.998914]}, "properties": {"altura_m": 10, "diametro_copa_m": 14.6, "en_bosque_osm": false, "copa_separada": true}}, {"type": "Feature", "geometry": {"type": "Point", "coordinates": [-79.5898681, 9.0036719]}, "properties": {"altura_m": 10, "diametro_copa_m": 15.1, "en_bosque_osm": true, "copa_separada": true}}, {"type": "Feature", "geometry": {"type": "Point", "coordinates": [-79.5808988, 9.0049117]}, "properties": {"altura_m": 10, "diametro_copa_m": 15.1, "en_bosque_osm": false, "copa_separada": true}}, {"type": "Feature", "geometry": {"type": "Point", "coordinates": [-79.581961, 9.0058018]}, "properties": {"altura_m": 10, "diametro_copa_m": 14.5, "en_bosque_osm": false, "copa_separada": false}}, {"type": "Feature", "geometry": {"type": "Point", "coordinates": [-79.5786994, 9.0044985]}, "properties": {"altura_m": 10, "diametro_copa_m": 14.1, "en_bosque_osm": false, "copa_separada": false}}, {"type": "Feature", "geometry": {"type": "Point", "coordinates": [-79.5743542, 8.9957562]}, "properties": {"altura_m": 10, "diametro_copa_m": 15.1, "en_bosque_osm": true, "copa_separada": true}}, {"type": "Feature", "geometry": {"type": "Point", "coordinates": [-79.5746439, 9.002252]}, "properties": {"altura_m": 10, "diametro_copa_m": 14.8, "en_bosque_osm": false, "copa_separada": true}}, {"type": "Feature", "geometry": {"type": "Point", "coordinates": [-79.5817893, 8.9945905]}, "properties": {"altura_m": 10, "diametro_copa_m": 14.1, "en_bosque_osm": false, "copa_separada": false}}, {"type": "Feature", "geometry": {"type": "Point", "coordinates": [-79.5796328, 8.9957562]}, "properties": {"altura_m": 10, "diametro_copa_m": 15.1, "en_bosque_osm": false, "copa_separada": true}}, {"type": "Feature", "geometry": {"type": "Point", "coordinates": [-79.5779376, 9.0072748]}, "properties": {"altura_m": 10, "diametro_copa_m": 15.1, "en_bosque_osm": false, "copa_separada": true}}, {"type": "Feature", "geometry": {"type": "Point", "coordinates": [-79.576736, 9.0012029]}, "properties": {"altura_m": 10, "diametro_copa_m": 14.8, "en_bosque_osm": false, "copa_separada": true}}, {"type": "Feature", "geometry": {"type": "Point", "coordinates": [-79.5803624, 8.9920684]}, "properties": {"altura_m": 10, "diametro_copa_m": 15.1, "en_bosque_osm": false, "copa_separada": true}}, {"type": "Feature", "geometry": {"type": "Point", "coordinates": [-79.5823365, 8.9976954]}, "properties": {"altura_m": 10, "diametro_copa_m": 15.1, "en_bosque_osm": false, "copa_separada": true}}, {"type": "Feature", "geometry": {"type": "Point", "coordinates": [-79.5820897, 8.9978649]}, "properties": {"altura_m": 10, "diametro_copa_m": 14.0, "en_bosque_osm": false, "copa_separada": true}}, {"type": "Feature", "geometry": {"type": "Point", "coordinates": [-79.5817571, 9.005929]}, "properties": {"altura_m": 10, "diametro_copa_m": 14.4, "en_bosque_osm": false, "copa_separada": false}}, {"type": "Feature", "geometry": {"type": "Point", "coordinates": [-79.5829802, 8.9976106]}, "properties": {"altura_m": 10, "diametro_copa_m": 15.1, "en_bosque_osm": false, "copa_separada": true}}, {"type": "Feature", "geometry": {"type": "Point", "coordinates": [-79.5824652, 8.9986173]}, "properties": {"altura_m": 10, "diametro_copa_m": 14.6, "en_bosque_osm": false, "copa_separada": true}}, {"type": "Feature", "geometry": {"type": "Point", "coordinates": [-79.5745581, 8.9994227]}, "properties": {"altura_m": 10, "diametro_copa_m": 14.3, "en_bosque_osm": true, "copa_separada": true}}, {"type": "Feature", "geometry": {"type": "Point", "coordinates": [-79.5820575, 8.9973245]}, "properties": {"altura_m": 10, "diametro_copa_m": 14.3, "en_bosque_osm": false, "copa_separada": true}}, {"type": "Feature", "geometry": {"type": "Point", "coordinates": [-79.577648, 9.0027076]}, "properties": {"altura_m": 10, "diametro_copa_m": 14.4, "en_bosque_osm": false, "copa_separada": true}}, {"type": "Feature", "geometry": {"type": "Point", "coordinates": [-79.5798688, 9.0069781]}, "properties": {"altura_m": 10, "diametro_copa_m": 13.8, "en_bosque_osm": false, "copa_separada": true}}, {"type": "Feature", "geometry": {"type": "Point", "coordinates": [-79.5888489, 9.0007366]}, "properties": {"altura_m": 10, "diametro_copa_m": 15.1, "en_bosque_osm": false, "copa_separada": true}}, {"type": "Feature", "geometry": {"type": "Point", "coordinates": [-79.5855551, 8.9966993]}, "properties": {"altura_m": 10, "diametro_copa_m": 13.0, "en_bosque_osm": false, "copa_separada": false}}, {"type": "Feature", "geometry": {"type": "Point", "coordinates": [-79.5886987, 8.996784]}, "properties": {"altura_m": 10, "diametro_copa_m": 14.9, "en_bosque_osm": false, "copa_separada": false}}, {"type": "Feature", "geometry": {"type": "Point", "coordinates": [-79.5817786, 8.9944951]}, "properties": {"altura_m": 10, "diametro_copa_m": 13.3, "en_bosque_osm": false, "copa_separada": false}}, {"type": "Feature", "geometry": {"type": "Point", "coordinates": [-79.5788711, 9.0045832]}, "properties": {"altura_m": 10, "diametro_copa_m": 14.8, "en_bosque_osm": false, "copa_separada": true}}, {"type": "Feature", "geometry": {"type": "Point", "coordinates": [-79.5881193, 9.0019235]}, "properties": {"altura_m": 10, "diametro_copa_m": 14.1, "en_bosque_osm": true, "copa_separada": false}}, {"type": "Feature", "geometry": {"type": "Point", "coordinates": [-79.5812529, 9.0055369]}, "properties": {"altura_m": 10, "diametro_copa_m": 14.8, "en_bosque_osm": false, "copa_separada": true}}, {"type": "Feature", "geometry": {"type": "Point", "coordinates": [-79.580652, 9.0055581]}, "properties": {"altura_m": 10, "diametro_copa_m": 13.5, "en_bosque_osm": false, "copa_separada": true}}, {"type": "Feature", "geometry": {"type": "Point", "coordinates": [-79.5885806, 8.9966887]}, "properties": {"altura_m": 10, "diametro_copa_m": 14.1, "en_bosque_osm": false, "copa_separada": false}}, {"type": "Feature", "geometry": {"type": "Point", "coordinates": [-79.5758777, 9.0032269]}, "properties": {"altura_m": 10, "diametro_copa_m": 11.7, "en_bosque_osm": false, "copa_separada": true}}, {"type": "Feature", "geometry": {"type": "Point", "coordinates": [-79.575867, 9.0072748]}, "properties": {"altura_m": 10, "diametro_copa_m": 13.6, "en_bosque_osm": false, "copa_separada": true}}, {"type": "Feature", "geometry": {"type": "Point", "coordinates": [-79.5814245, 8.998363]}, "properties": {"altura_m": 10, "diametro_copa_m": 14.8, "en_bosque_osm": false, "copa_separada": false}}, {"type": "Feature", "geometry": {"type": "Point", "coordinates": [-79.5786136, 9.0037779]}, "properties": {"altura_m": 10, "diametro_copa_m": 9.2, "en_bosque_osm": false, "copa_separada": false}}, {"type": "Feature", "geometry": {"type": "Point", "coordinates": [-79.5889776, 8.9972609]}, "properties": {"altura_m": 10, "diametro_copa_m": 14.9, "en_bosque_osm": true, "copa_separada": true}}, {"type": "Feature", "geometry": {"type": "Point", "coordinates": [-79.5738821, 8.9922592]}, "properties": {"altura_m": 10, "diametro_copa_m": 14.1, "en_bosque_osm": true, "copa_separada": true}}, {"type": "Feature", "geometry": {"type": "Point", "coordinates": [-79.5760494, 8.9916551]}, "properties": {"altura_m": 10, "diametro_copa_m": 14.1, "en_bosque_osm": true, "copa_separada": true}}, {"type": "Feature", "geometry": {"type": "Point", "coordinates": [-79.5800512, 8.9953853]}, "properties": {"altura_m": 10, "diametro_copa_m": 13.9, "en_bosque_osm": false, "copa_separada": false}}, {"type": "Feature", "geometry": {"type": "Point", "coordinates": [-79.5805984, 8.9981828]}, "properties": {"altura_m": 10, "diametro_copa_m": 14.0, "en_bosque_osm": false, "copa_separada": true}}, {"type": "Feature", "geometry": {"type": "Point", "coordinates": [-79.5899861, 8.9930539]}, "properties": {"altura_m": 10, "diametro_copa_m": 11.8, "en_bosque_osm": false, "copa_separada": false}}, {"type": "Feature", "geometry": {"type": "Point", "coordinates": [-79.5798581, 8.9943892]}, "properties": {"altura_m": 10, "diametro_copa_m": 14.6, "en_bosque_osm": true, "copa_separada": true}}, {"type": "Feature", "geometry": {"type": "Point", "coordinates": [-79.5830768, 9.0031527]}, "properties": {"altura_m": 10, "diametro_copa_m": 12.2, "en_bosque_osm": false, "copa_separada": false}}, {"type": "Feature", "geometry": {"type": "Point", "coordinates": [-79.5828944, 8.9973775]}, "properties": {"altura_m": 10, "diametro_copa_m": 12.3, "en_bosque_osm": false, "copa_separada": false}}, {"type": "Feature", "geometry": {"type": "Point", "coordinates": [-79.5747619, 9.0040004]}, "properties": {"altura_m": 10, "diametro_copa_m": 14.5, "en_bosque_osm": false, "copa_separada": true}}, {"type": "Feature", "geometry": {"type": "Point", "coordinates": [-79.5810168, 8.9931281]}, "properties": {"altura_m": 10, "diametro_copa_m": 14.6, "en_bosque_osm": false, "copa_separada": true}}, {"type": "Feature", "geometry": {"type": "Point", "coordinates": [-79.5827012, 8.9965933]}, "properties": {"altura_m": 10, "diametro_copa_m": 14.6, "en_bosque_osm": false, "copa_separada": true}}, {"type": "Feature", "geometry": {"type": "Point", "coordinates": [-79.5886557, 8.9966781]}, "properties": {"altura_m": 10, "diametro_copa_m": 12.8, "en_bosque_osm": false, "copa_separada": false}}, {"type": "Feature", "geometry": {"type": "Point", "coordinates": [-79.5849436, 8.9969112]}, "properties": {"altura_m": 10, "diametro_copa_m": 14.6, "en_bosque_osm": false, "copa_separada": true}}, {"type": "Feature", "geometry": {"type": "Point", "coordinates": [-79.5781415, 8.994919]}, "properties": {"altura_m": 10, "diametro_copa_m": 14.3, "en_bosque_osm": true, "copa_separada": false}}, {"type": "Feature", "geometry": {"type": "Point", "coordinates": [-79.5746975, 8.9986597]}, "properties": {"altura_m": 10, "diametro_copa_m": 11.7, "en_bosque_osm": true, "copa_separada": false}}, {"type": "Feature", "geometry": {"type": "Point", "coordinates": [-79.5777553, 8.9947495]}, "properties": {"altura_m": 10, "diametro_copa_m": 14.6, "en_bosque_osm": true, "copa_separada": false}}, {"type": "Feature", "geometry": {"type": "Point", "coordinates": [-79.5823043, 9.004562]}, "properties": {"altura_m": 10, "diametro_copa_m": 12.7, "en_bosque_osm": false, "copa_separada": true}}, {"type": "Feature", "geometry": {"type": "Point", "coordinates": [-79.5786028, 9.0038309]}, "properties": {"altura_m": 10, "diametro_copa_m": 9.0, "en_bosque_osm": false, "copa_separada": false}}, {"type": "Feature", "geometry": {"type": "Point", "coordinates": [-79.582433, 9.0056853]}, "properties": {"altura_m": 10, "diametro_copa_m": 13.8, "en_bosque_osm": false, "copa_separada": false}}, {"type": "Feature", "geometry": {"type": "Point", "coordinates": [-79.5794397, 8.9930222]}, "properties": {"altura_m": 10, "diametro_copa_m": 13.7, "en_bosque_osm": false, "copa_separada": true}}, {"type": "Feature", "geometry": {"type": "Point", "coordinates": [-79.581961, 8.9995604]}, "properties": {"altura_m": 10, "diametro_copa_m": 13.8, "en_bosque_osm": false, "copa_separada": true}}, {"type": "Feature", "geometry": {"type": "Point", "coordinates": [-79.5812314, 8.9974622]}, "properties": {"altura_m": 10, "diametro_copa_m": 9.7, "en_bosque_osm": false, "copa_separada": false}}, {"type": "Feature", "geometry": {"type": "Point", "coordinates": [-79.5818322, 8.9959469]}, "properties": {"altura_m": 10, "diametro_copa_m": 14.6, "en_bosque_osm": false, "copa_separada": true}}, {"type": "Feature", "geometry": {"type": "Point", "coordinates": [-79.5816069, 9.0026229]}, "properties": {"altura_m": 10, "diametro_copa_m": 11.1, "en_bosque_osm": false, "copa_separada": true}}, {"type": "Feature", "geometry": {"type": "Point", "coordinates": [-79.5822614, 9.0005141]}, "properties": {"altura_m": 10, "diametro_copa_m": 12.5, "en_bosque_osm": false, "copa_separada": true}}, {"type": "Feature", "geometry": {"type": "Point", "coordinates": [-79.5805447, 9.0067555]}, "properties": {"altura_m": 10, "diametro_copa_m": 11.1, "en_bosque_osm": false, "copa_separada": false}}, {"type": "Feature", "geometry": {"type": "Point", "coordinates": [-79.5838707, 9.0032905]}, "properties": {"altura_m": 10, "diametro_copa_m": 9.3, "en_bosque_osm": false, "copa_separada": true}}, {"type": "Feature", "geometry": {"type": "Point", "coordinates": [-79.5761888, 9.0030997]}, "properties": {"altura_m": 10, "diametro_copa_m": 12.5, "en_bosque_osm": false, "copa_separada": true}}, {"type": "Feature", "geometry": {"type": "Point", "coordinates": [-79.5753735, 8.9987021]}, "properties": {"altura_m": 10, "diametro_copa_m": 14.0, "en_bosque_osm": true, "copa_separada": false}}, {"type": "Feature", "geometry": {"type": "Point", "coordinates": [-79.5772081, 8.9988822]}, "properties": {"altura_m": 10, "diametro_copa_m": 14.1, "en_bosque_osm": false, "copa_separada": false}}, {"type": "Feature", "geometry": {"type": "Point", "coordinates": [-79.5745473, 9.000122]}, "properties": {"altura_m": 10, "diametro_copa_m": 12.3, "en_bosque_osm": true, "copa_separada": false}}, {"type": "Feature", "geometry": {"type": "Point", "coordinates": [-79.5821326, 8.9975046]}, "properties": {"altura_m": 10, "diametro_copa_m": 13.3, "en_bosque_osm": false, "copa_separada": true}}, {"type": "Feature", "geometry": {"type": "Point", "coordinates": [-79.5868533, 8.9971126]}, "properties": {"altura_m": 10, "diametro_copa_m": 14.1, "en_bosque_osm": true, "copa_separada": false}}, {"type": "Feature", "geometry": {"type": "Point", "coordinates": [-79.5748477, 9.0006625]}, "properties": {"altura_m": 10, "diametro_copa_m": 13.4, "en_bosque_osm": true, "copa_separada": false}}, {"type": "Feature", "geometry": {"type": "Point", "coordinates": [-79.5778733, 8.9930857]}, "properties": {"altura_m": 10, "diametro_copa_m": 14.6, "en_bosque_osm": false, "copa_separada": true}}, {"type": "Feature", "geometry": {"type": "Point", "coordinates": [-79.5847075, 8.9968158]}, "properties": {"altura_m": 10, "diametro_copa_m": 11.8, "en_bosque_osm": false, "copa_separada": true}}, {"type": "Feature", "geometry": {"type": "Point", "coordinates": [-79.5862954, 8.9994756]}, "properties": {"altura_m": 10, "diametro_copa_m": 12.6, "en_bosque_osm": true, "copa_separada": false}}, {"type": "Feature", "geometry": {"type": "Point", "coordinates": [-79.5751052, 9.000387]}, "properties": {"altura_m": 10, "diametro_copa_m": 13.8, "en_bosque_osm": true, "copa_separada": true}}, {"type": "Feature", "geometry": {"type": "Point", "coordinates": [-79.5801263, 9.0017115]}, "properties": {"altura_m": 10, "diametro_copa_m": 14.6, "en_bosque_osm": false, "copa_separada": true}}, {"type": "Feature", "geometry": {"type": "Point", "coordinates": [-79.5808666, 9.0021036]}, "properties": {"altura_m": 10, "diametro_copa_m": 7.4, "en_bosque_osm": false, "copa_separada": true}}, {"type": "Feature", "geometry": {"type": "Point", "coordinates": [-79.5788925, 9.0011605]}, "properties": {"altura_m": 10, "diametro_copa_m": 8.2, "en_bosque_osm": false, "copa_separada": true}}, {"type": "Feature", "geometry": {"type": "Point", "coordinates": [-79.5813709, 8.9998359]}, "properties": {"altura_m": 11, "diametro_copa_m": 8.4, "en_bosque_osm": false, "copa_separada": true}}, {"type": "Feature", "geometry": {"type": "Point", "coordinates": [-79.5895462, 8.9984901]}, "properties": {"altura_m": 10, "diametro_copa_m": 14.3, "en_bosque_osm": true, "copa_separada": true}}, {"type": "Feature", "geometry": {"type": "Point", "coordinates": [-79.5789569, 8.9976318]}, "properties": {"altura_m": 10, "diametro_copa_m": 13.1, "en_bosque_osm": false, "copa_separada": false}}, {"type": "Feature", "geometry": {"type": "Point", "coordinates": [-79.5801692, 9.0070946]}, "properties": {"altura_m": 10, "diametro_copa_m": 13.6, "en_bosque_osm": false, "copa_separada": false}}, {"type": "Feature", "geometry": {"type": "Point", "coordinates": [-79.57547, 8.998257]}, "properties": {"altura_m": 11, "diametro_copa_m": 6.7, "en_bosque_osm": true, "copa_separada": true}}, {"type": "Feature", "geometry": {"type": "Point", "coordinates": [-79.5885699, 9.0054734]}, "properties": {"altura_m": 11, "diametro_copa_m": 7.0, "en_bosque_osm": false, "copa_separada": true}}, {"type": "Feature", "geometry": {"type": "Point", "coordinates": [-79.5774441, 8.9983312]}, "properties": {"altura_m": 10, "diametro_copa_m": 12.1, "en_bosque_osm": true, "copa_separada": false}}, {"type": "Feature", "geometry": {"type": "Point", "coordinates": [-79.5817893, 8.9997406]}, "properties": {"altura_m": 10, "diametro_copa_m": 9.3, "en_bosque_osm": false, "copa_separada": true}}, {"type": "Feature", "geometry": {"type": "Point", "coordinates": [-79.5821433, 8.9985007]}, "properties": {"altura_m": 10, "diametro_copa_m": 12.1, "en_bosque_osm": false, "copa_separada": false}}, {"type": "Feature", "geometry": {"type": "Point", "coordinates": [-79.5808666, 8.9916551]}, "properties": {"altura_m": 10, "diametro_copa_m": 13.4, "en_bosque_osm": false, "copa_separada": true}}, {"type": "Feature", "geometry": {"type": "Point", "coordinates": [-79.5788174, 8.9948024]}, "properties": {"altura_m": 10, "diametro_copa_m": 11.1, "en_bosque_osm": true, "copa_separada": true}}, {"type": "Feature", "geometry": {"type": "Point", "coordinates": [-79.5849007, 9.0023368]}, "properties": {"altura_m": 10, "diametro_copa_m": 7.3, "en_bosque_osm": false, "copa_separada": true}}, {"type": "Feature", "geometry": {"type": "Point", "coordinates": [-79.5826691, 9.0057383]}, "properties": {"altura_m": 10, "diametro_copa_m": 12.9, "en_bosque_osm": false, "copa_separada": true}}, {"type": "Feature", "geometry": {"type": "Point", "coordinates": [-79.5829802, 9.0036295]}, "properties": {"altura_m": 10, "diametro_copa_m": 7.8, "en_bosque_osm": false, "copa_separada": true}}, {"type": "Feature", "geometry": {"type": "Point", "coordinates": [-79.5818108, 8.9999949]}, "properties": {"altura_m": 10, "diametro_copa_m": 8.6, "en_bosque_osm": false, "copa_separada": true}}, {"type": "Feature", "geometry": {"type": "Point", "coordinates": [-79.5788174, 8.9944315]}, "properties": {"altura_m": 10, "diametro_copa_m": 7.2, "en_bosque_osm": true, "copa_separada": true}}, {"type": "Feature", "geometry": {"type": "Point", "coordinates": [-79.5821112, 8.9984583]}, "properties": {"altura_m": 10, "diametro_copa_m": 12.2, "en_bosque_osm": false, "copa_separada": false}}, {"type": "Feature", "geometry": {"type": "Point", "coordinates": [-79.5789891, 8.9957456]}, "properties": {"altura_m": 10, "diametro_copa_m": 12.5, "en_bosque_osm": true, "copa_separada": false}}, {"type": "Feature", "geometry": {"type": "Point", "coordinates": [-79.5796757, 8.9934248]}, "properties": {"altura_m": 10, "diametro_copa_m": 10.6, "en_bosque_osm": false, "copa_separada": true}}, {"type": "Feature", "geometry": {"type": "Point", "coordinates": [-79.5736783, 8.9974516]}, "properties": {"altura_m": 10, "diametro_copa_m": 12.1, "en_bosque_osm": false, "copa_separada": true}}, {"type": "Feature", "geometry": {"type": "Point", "coordinates": [-79.5772617, 9.0049647]}, "properties": {"altura_m": 10, "diametro_copa_m": 11.1, "en_bosque_osm": false, "copa_separada": true}}, {"type": "Feature", "geometry": {"type": "Point", "coordinates": [-79.5789569, 9.0004823]}, "properties": {"altura_m": 10, "diametro_copa_m": 7.4, "en_bosque_osm": false, "copa_separada": true}}, {"type": "Feature", "geometry": {"type": "Point", "coordinates": [-79.5842784, 9.0037461]}, "properties": {"altura_m": 10, "diametro_copa_m": 7.8, "en_bosque_osm": false, "copa_separada": true}}, {"type": "Feature", "geometry": {"type": "Point", "coordinates": [-79.5828085, 8.9964873]}, "properties": {"altura_m": 9, "diametro_copa_m": 11.0, "en_bosque_osm": false, "copa_separada": true}}, {"type": "Feature", "geometry": {"type": "Point", "coordinates": [-79.5820897, 9.0059608]}, "properties": {"altura_m": 10, "diametro_copa_m": 13.3, "en_bosque_osm": false, "copa_separada": true}}, {"type": "Feature", "geometry": {"type": "Point", "coordinates": [-79.5881944, 9.0019447]}, "properties": {"altura_m": 10, "diametro_copa_m": 12.3, "en_bosque_osm": true, "copa_separada": false}}, {"type": "Feature", "geometry": {"type": "Point", "coordinates": [-79.5878296, 9.0024957]}, "properties": {"altura_m": 9, "diametro_copa_m": 10.6, "en_bosque_osm": false, "copa_separada": false}}, {"type": "Feature", "geometry": {"type": "Point", "coordinates": [-79.5878189, 9.0024745]}, "properties": {"altura_m": 9, "diametro_copa_m": 10.6, "en_bosque_osm": false, "copa_separada": false}}, {"type": "Feature", "geometry": {"type": "Point", "coordinates": [-79.5795899, 8.9966887]}, "properties": {"altura_m": 9, "diametro_copa_m": 12.9, "en_bosque_osm": false, "copa_separada": true}}, {"type": "Feature", "geometry": {"type": "Point", "coordinates": [-79.5819395, 9.0029726]}, "properties": {"altura_m": 9, "diametro_copa_m": 12.6, "en_bosque_osm": false, "copa_separada": true}}, {"type": "Feature", "geometry": {"type": "Point", "coordinates": [-79.5775836, 8.997653]}, "properties": {"altura_m": 9, "diametro_copa_m": 13.4, "en_bosque_osm": true, "copa_separada": false}}, {"type": "Feature", "geometry": {"type": "Point", "coordinates": [-79.5874327, 9.0024109]}, "properties": {"altura_m": 9, "diametro_copa_m": 13.4, "en_bosque_osm": false, "copa_separada": true}}, {"type": "Feature", "geometry": {"type": "Point", "coordinates": [-79.5871323, 9.002252]}, "properties": {"altura_m": 9, "diametro_copa_m": 10.6, "en_bosque_osm": false, "copa_separada": false}}, {"type": "Feature", "geometry": {"type": "Point", "coordinates": [-79.5871108, 9.0022414]}, "properties": {"altura_m": 9, "diametro_copa_m": 10.6, "en_bosque_osm": false, "copa_separada": false}}, {"type": "Feature", "geometry": {"type": "Point", "coordinates": [-79.5793646, 8.9997406]}, "properties": {"altura_m": 9, "diametro_copa_m": 13.4, "en_bosque_osm": false, "copa_separada": true}}, {"type": "Feature", "geometry": {"type": "Point", "coordinates": [-79.5793753, 8.9981722]}, "properties": {"altura_m": 9, "diametro_copa_m": 13.4, "en_bosque_osm": false, "copa_separada": true}}, {"type": "Feature", "geometry": {"type": "Point", "coordinates": [-79.5770364, 8.9961482]}, "properties": {"altura_m": 9, "diametro_copa_m": 13.3, "en_bosque_osm": true, "copa_separada": false}}, {"type": "Feature", "geometry": {"type": "Point", "coordinates": [-79.5780127, 9.0042547]}, "properties": {"altura_m": 9, "diametro_copa_m": 13.4, "en_bosque_osm": false, "copa_separada": true}}, {"type": "Feature", "geometry": {"type": "Point", "coordinates": [-79.5895141, 8.9982782]}, "properties": {"altura_m": 9, "diametro_copa_m": 13.4, "en_bosque_osm": true, "copa_separada": true}}, {"type": "Feature", "geometry": {"type": "Point", "coordinates": [-79.589911, 8.992291]}, "properties": {"altura_m": 9, "diametro_copa_m": 13.2, "en_bosque_osm": false, "copa_separada": true}}, {"type": "Feature", "geometry": {"type": "Point", "coordinates": [-79.5775729, 8.9956714]}, "properties": {"altura_m": 9, "diametro_copa_m": 13.2, "en_bosque_osm": true, "copa_separada": false}}, {"type": "Feature", "geometry": {"type": "Point", "coordinates": [-79.5752769, 9.0034176]}, "properties": {"altura_m": 9, "diametro_copa_m": 13.4, "en_bosque_osm": false, "copa_separada": true}}, {"type": "Feature", "geometry": {"type": "Point", "coordinates": [-79.5743328, 8.9925877]}, "properties": {"altura_m": 9, "diametro_copa_m": 13.4, "en_bosque_osm": true, "copa_separada": true}}, {"type": "Feature", "geometry": {"type": "Point", "coordinates": [-79.5739894, 9.0070205]}, "properties": {"altura_m": 9, "diametro_copa_m": 13.4, "en_bosque_osm": false, "copa_separada": true}}, {"type": "Feature", "geometry": {"type": "Point", "coordinates": [-79.5797186, 9.0013513]}, "properties": {"altura_m": 9, "diametro_copa_m": 13.4, "en_bosque_osm": false, "copa_separada": true}}, {"type": "Feature", "geometry": {"type": "Point", "coordinates": [-79.5790534, 8.9957244]}, "properties": {"altura_m": 9, "diametro_copa_m": 12.3, "en_bosque_osm": true, "copa_separada": false}}, {"type": "Feature", "geometry": {"type": "Point", "coordinates": [-79.5781844, 8.9945693]}, "properties": {"altura_m": 9, "diametro_copa_m": 13.4, "en_bosque_osm": true, "copa_separada": true}}, {"type": "Feature", "geometry": {"type": "Point", "coordinates": [-79.5760172, 9.0036189]}, "properties": {"altura_m": 9, "diametro_copa_m": 13.4, "en_bosque_osm": false, "copa_separada": false}}, {"type": "Feature", "geometry": {"type": "Point", "coordinates": [-79.5811241, 8.9993803]}, "properties": {"altura_m": 9, "diametro_copa_m": 13.0, "en_bosque_osm": false, "copa_separada": true}}, {"type": "Feature", "geometry": {"type": "Point", "coordinates": [-79.5792036, 8.9957138]}, "properties": {"altura_m": 9, "diametro_copa_m": 13.4, "en_bosque_osm": true, "copa_separada": true}}, {"type": "Feature", "geometry": {"type": "Point", "coordinates": [-79.5792036, 9.0061939]}, "properties": {"altura_m": 9, "diametro_copa_m": 13.4, "en_bosque_osm": false, "copa_separada": true}}, {"type": "Feature", "geometry": {"type": "Point", "coordinates": [-79.5776909, 8.9975788]}, "properties": {"altura_m": 9, "diametro_copa_m": 13.4, "en_bosque_osm": true, "copa_separada": false}}, {"type": "Feature", "geometry": {"type": "Point", "coordinates": [-79.5772832, 8.9960529]}, "properties": {"altura_m": 9, "diametro_copa_m": 13.4, "en_bosque_osm": true, "copa_separada": true}}, {"type": "Feature", "geometry": {"type": "Point", "coordinates": [-79.5758562, 9.0060986]}, "properties": {"altura_m": 9, "diametro_copa_m": 13.0, "en_bosque_osm": false, "copa_separada": true}}, {"type": "Feature", "geometry": {"type": "Point", "coordinates": [-79.5785921, 9.0076245]}, "properties": {"altura_m": 9, "diametro_copa_m": 13.4, "en_bosque_osm": false, "copa_separada": true}}, {"type": "Feature", "geometry": {"type": "Point", "coordinates": [-79.5782166, 9.0034388]}, "properties": {"altura_m": 9, "diametro_copa_m": 13.4, "en_bosque_osm": false, "copa_separada": true}}, {"type": "Feature", "geometry": {"type": "Point", "coordinates": [-79.5781737, 9.0070628]}, "properties": {"altura_m": 9, "diametro_copa_m": 13.0, "en_bosque_osm": false, "copa_separada": false}}, {"type": "Feature", "geometry": {"type": "Point", "coordinates": [-79.5774763, 8.9957244]}, "properties": {"altura_m": 9, "diametro_copa_m": 13.2, "en_bosque_osm": true, "copa_separada": false}}, {"type": "Feature", "geometry": {"type": "Point", "coordinates": [-79.5825832, 8.9964344]}, "properties": {"altura_m": 9, "diametro_copa_m": 13.3, "en_bosque_osm": false, "copa_separada": true}}, {"type": "Feature", "geometry": {"type": "Point", "coordinates": [-79.5832699, 9.0030573]}, "properties": {"altura_m": 9, "diametro_copa_m": 13.4, "en_bosque_osm": false, "copa_separada": false}}, {"type": "Feature", "geometry": {"type": "Point", "coordinates": [-79.5789676, 9.0059184]}, "properties": {"altura_m": 9, "diametro_copa_m": 13.4, "en_bosque_osm": false, "copa_separada": true}}, {"type": "Feature", "geometry": {"type": "Point", "coordinates": [-79.5790642, 9.0044773]}, "properties": {"altura_m": 9, "diametro_copa_m": 13.3, "en_bosque_osm": false, "copa_separada": true}}, {"type": "Feature", "geometry": {"type": "Point", "coordinates": [-79.5824867, 9.0055899]}, "properties": {"altura_m": 10, "diametro_copa_m": 10.5, "en_bosque_osm": false, "copa_separada": false}}, {"type": "Feature", "geometry": {"type": "Point", "coordinates": [-79.5805555, 9.0057595]}, "properties": {"altura_m": 9, "diametro_copa_m": 13.3, "en_bosque_osm": false, "copa_separada": true}}, {"type": "Feature", "geometry": {"type": "Point", "coordinates": [-79.5786887, 9.0063953]}, "properties": {"altura_m": 9, "diametro_copa_m": 13.4, "en_bosque_osm": false, "copa_separada": true}}, {"type": "Feature", "geometry": {"type": "Point", "coordinates": [-79.5811348, 8.9934142]}, "properties": {"altura_m": 9, "diametro_copa_m": 12.8, "en_bosque_osm": false, "copa_separada": true}}, {"type": "Feature", "geometry": {"type": "Point", "coordinates": [-79.5760172, 9.0020189]}, "properties": {"altura_m": 9, "diametro_copa_m": 12.4, "en_bosque_osm": false, "copa_separada": true}}, {"type": "Feature", "geometry": {"type": "Point", "coordinates": [-79.5773797, 8.9959045]}, "properties": {"altura_m": 9, "diametro_copa_m": 13.4, "en_bosque_osm": true, "copa_separada": true}}, {"type": "Feature", "geometry": {"type": "Point", "coordinates": [-79.577133, 8.9987868]}, "properties": {"altura_m": 9, "diametro_copa_m": 13.2, "en_bosque_osm": true, "copa_separada": false}}, {"type": "Feature", "geometry": {"type": "Point", "coordinates": [-79.5781629, 8.9948236]}, "properties": {"altura_m": 9, "diametro_copa_m": 12.6, "en_bosque_osm": true, "copa_separada": false}}, {"type": "Feature", "geometry": {"type": "Point", "coordinates": [-79.579783, 9.0073066]}, "properties": {"altura_m": 9, "diametro_copa_m": 13.4, "en_bosque_osm": false, "copa_separada": true}}, {"type": "Feature", "geometry": {"type": "Point", "coordinates": [-79.5782488, 9.0071264]}, "properties": {"altura_m": 9, "diametro_copa_m": 13.0, "en_bosque_osm": false, "copa_separada": false}}, {"type": "Feature", "geometry": {"type": "Point", "coordinates": [-79.5798796, 9.0056005]}, "properties": {"altura_m": 9, "diametro_copa_m": 12.1, "en_bosque_osm": false, "copa_separada": true}}, {"type": "Feature", "geometry": {"type": "Point", "coordinates": [-79.5769291, 8.9979179]}, "properties": {"altura_m": 10, "diametro_copa_m": 10.5, "en_bosque_osm": true, "copa_separada": true}}, {"type": "Feature", "geometry": {"type": "Point", "coordinates": [-79.5890098, 8.9975682]}, "properties": {"altura_m": 9, "diametro_copa_m": 13.4, "en_bosque_osm": true, "copa_separada": true}}, {"type": "Feature", "geometry": {"type": "Point", "coordinates": [-79.5808344, 8.9980239]}, "properties": {"altura_m": 9, "diametro_copa_m": 13.4, "en_bosque_osm": false, "copa_separada": true}}, {"type": "Feature", "geometry": {"type": "Point", "coordinates": [-79.5760601, 9.0023368]}, "properties": {"altura_m": 9, "diametro_copa_m": 13.1, "en_bosque_osm": false, "copa_separada": true}}, {"type": "Feature", "geometry": {"type": "Point", "coordinates": [-79.5793002, 9.0064376]}, "properties": {"altura_m": 9, "diametro_copa_m": 13.4, "en_bosque_osm": false, "copa_separada": true}}, {"type": "Feature", "geometry": {"type": "Point", "coordinates": [-79.5789783, 8.9977378]}, "properties": {"altura_m": 9, "diametro_copa_m": 11.5, "en_bosque_osm": false, "copa_separada": false}}, {"type": "Feature", "geometry": {"type": "Point", "coordinates": [-79.5765429, 9.0014042]}, "properties": {"altura_m": 10, "diametro_copa_m": 5.6, "en_bosque_osm": false, "copa_separada": true}}, {"type": "Feature", "geometry": {"type": "Point", "coordinates": [-79.5805447, 9.0012771]}, "properties": {"altura_m": 10, "diametro_copa_m": 6.5, "en_bosque_osm": false, "copa_separada": true}}, {"type": "Feature", "geometry": {"type": "Point", "coordinates": [-79.5774978, 9.0025275]}, "properties": {"altura_m": 9, "diametro_copa_m": 13.4, "en_bosque_osm": false, "copa_separada": true}}, {"type": "Feature", "geometry": {"type": "Point", "coordinates": [-79.5836668, 9.0009274]}, "properties": {"altura_m": 9, "diametro_copa_m": 11.8, "en_bosque_osm": false, "copa_separada": true}}, {"type": "Feature", "geometry": {"type": "Point", "coordinates": [-79.5806628, 8.9983948]}, "properties": {"altura_m": 9, "diametro_copa_m": 12.0, "en_bosque_osm": false, "copa_separada": true}}, {"type": "Feature", "geometry": {"type": "Point", "coordinates": [-79.5750516, 9.0063635]}, "properties": {"altura_m": 9, "diametro_copa_m": 13.3, "en_bosque_osm": false, "copa_separada": true}}, {"type": "Feature", "geometry": {"type": "Point", "coordinates": [-79.5827978, 9.0036189]}, "properties": {"altura_m": 9, "diametro_copa_m": 12.0, "en_bosque_osm": false, "copa_separada": true}}, {"type": "Feature", "geometry": {"type": "Point", "coordinates": [-79.5889883, 8.9954594]}, "properties": {"altura_m": 9, "diametro_copa_m": 13.0, "en_bosque_osm": false, "copa_separada": false}}, {"type": "Feature", "geometry": {"type": "Point", "coordinates": [-79.5852762, 8.9955124]}, "properties": {"altura_m": 9, "diametro_copa_m": 13.4, "en_bosque_osm": true, "copa_separada": true}}, {"type": "Feature", "geometry": {"type": "Point", "coordinates": [-79.586392, 8.9957562]}, "properties": {"altura_m": 9, "diametro_copa_m": 12.6, "en_bosque_osm": true, "copa_separada": true}}, {"type": "Feature", "geometry": {"type": "Point", "coordinates": [-79.574601, 8.998416]}, "properties": {"altura_m": 9, "diametro_copa_m": 13.4, "en_bosque_osm": true, "copa_separada": true}}, {"type": "Feature", "geometry": {"type": "Point", "coordinates": [-79.5800834, 8.9976212]}, "properties": {"altura_m": 9, "diametro_copa_m": 12.1, "en_bosque_osm": false, "copa_separada": true}}, {"type": "Feature", "geometry": {"type": "Point", "coordinates": [-79.5748585, 8.9967205]}, "properties": {"altura_m": 9, "diametro_copa_m": 13.4, "en_bosque_osm": false, "copa_separada": true}}, {"type": "Feature", "geometry": {"type": "Point", "coordinates": [-79.5800512, 9.0072536]}, "properties": {"altura_m": 9, "diametro_copa_m": 13.4, "en_bosque_osm": false, "copa_separada": true}}, {"type": "Feature", "geometry": {"type": "Point", "coordinates": [-79.589396, 8.9984795]}, "properties": {"altura_m": 9, "diametro_copa_m": 12.8, "en_bosque_osm": true, "copa_separada": false}}, {"type": "Feature", "geometry": {"type": "Point", "coordinates": [-79.5766287, 8.9916975]}, "properties": {"altura_m": 9, "diametro_copa_m": 13.4, "en_bosque_osm": false, "copa_separada": true}}, {"type": "Feature", "geometry": {"type": "Point", "coordinates": [-79.5785706, 9.0035236]}, "properties": {"altura_m": 9, "diametro_copa_m": 13.0, "en_bosque_osm": false, "copa_separada": true}}, {"type": "Feature", "geometry": {"type": "Point", "coordinates": [-79.5749014, 9.0001856]}, "properties": {"altura_m": 9, "diametro_copa_m": 12.4, "en_bosque_osm": true, "copa_separada": false}}, {"type": "Feature", "geometry": {"type": "Point", "coordinates": [-79.5788174, 9.0033222]}, "properties": {"altura_m": 9, "diametro_copa_m": 11.1, "en_bosque_osm": false, "copa_separada": false}}, {"type": "Feature", "geometry": {"type": "Point", "coordinates": [-79.5833664, 9.0029726]}, "properties": {"altura_m": 9, "diametro_copa_m": 13.4, "en_bosque_osm": false, "copa_separada": false}}, {"type": "Feature", "geometry": {"type": "Point", "coordinates": [-79.5761888, 9.0024745]}, "properties": {"altura_m": 9, "diametro_copa_m": 12.4, "en_bosque_osm": false, "copa_separada": true}}, {"type": "Feature", "geometry": {"type": "Point", "coordinates": [-79.5805018, 9.0040746]}, "properties": {"altura_m": 9, "diametro_copa_m": 10.8, "en_bosque_osm": false, "copa_separada": false}}, {"type": "Feature", "geometry": {"type": "Point", "coordinates": [-79.5843213, 9.0009698]}, "properties": {"altura_m": 9, "diametro_copa_m": 13.1, "en_bosque_osm": false, "copa_separada": true}}, {"type": "Feature", "geometry": {"type": "Point", "coordinates": [-79.5810812, 8.9969324]}, "properties": {"altura_m": 9, "diametro_copa_m": 9.5, "en_bosque_osm": false, "copa_separada": true}}, {"type": "Feature", "geometry": {"type": "Point", "coordinates": [-79.5754915, 8.9977907]}, "properties": {"altura_m": 9, "diametro_copa_m": 13.1, "en_bosque_osm": true, "copa_separada": true}}, {"type": "Feature", "geometry": {"type": "Point", "coordinates": [-79.580062, 8.9981828]}, "properties": {"altura_m": 9, "diametro_copa_m": 12.2, "en_bosque_osm": false, "copa_separada": true}}, {"type": "Feature", "geometry": {"type": "Point", "coordinates": [-79.5835488, 8.9971443]}, "properties": {"altura_m": 9, "diametro_copa_m": 12.9, "en_bosque_osm": false, "copa_separada": true}}, {"type": "Feature", "geometry": {"type": "Point", "coordinates": [-79.5825081, 9.005876]}, "properties": {"altura_m": 9, "diametro_copa_m": 13.1, "en_bosque_osm": false, "copa_separada": false}}, {"type": "Feature", "geometry": {"type": "Point", "coordinates": [-79.5830553, 8.9968794]}, "properties": {"altura_m": 9, "diametro_copa_m": 11.1, "en_bosque_osm": false, "copa_separada": true}}, {"type": "Feature", "geometry": {"type": "Point", "coordinates": [-79.5749658, 8.9997194]}, "properties": {"altura_m": 10, "diametro_copa_m": 8.2, "en_bosque_osm": true, "copa_separada": false}}, {"type": "Feature", "geometry": {"type": "Point", "coordinates": [-79.577133, 8.9962118]}, "properties": {"altura_m": 9, "diametro_copa_m": 12.0, "en_bosque_osm": true, "copa_separada": false}}, {"type": "Feature", "geometry": {"type": "Point", "coordinates": [-79.575706, 9.0021248]}, "properties": {"altura_m": 9, "diametro_copa_m": 12.8, "en_bosque_osm": false, "copa_separada": true}}, {"type": "Feature", "geometry": {"type": "Point", "coordinates": [-79.5748263, 8.9994015]}, "properties": {"altura_m": 9, "diametro_copa_m": 11.4, "en_bosque_osm": true, "copa_separada": false}}, {"type": "Feature", "geometry": {"type": "Point", "coordinates": [-79.5772403, 8.9995498]}, "properties": {"altura_m": 9, "diametro_copa_m": 12.6, "en_bosque_osm": false, "copa_separada": true}}, {"type": "Feature", "geometry": {"type": "Point", "coordinates": [-79.5801692, 9.0004505]}, "properties": {"altura_m": 9, "diametro_copa_m": 11.6, "en_bosque_osm": false, "copa_separada": false}}, {"type": "Feature", "geometry": {"type": "Point", "coordinates": [-79.5798474, 9.0019977]}, "properties": {"altura_m": 9, "diametro_copa_m": 11.0, "en_bosque_osm": false, "copa_separada": true}}, {"type": "Feature", "geometry": {"type": "Point", "coordinates": [-79.5782702, 8.9939759]}, "properties": {"altura_m": 9, "diametro_copa_m": 11.9, "en_bosque_osm": true, "copa_separada": false}}, {"type": "Feature", "geometry": {"type": "Point", "coordinates": [-79.5824008, 8.9978543]}, "properties": {"altura_m": 9, "diametro_copa_m": 13.1, "en_bosque_osm": false, "copa_separada": true}}, {"type": "Feature", "geometry": {"type": "Point", "coordinates": [-79.5789462, 9.0060774]}, "properties": {"altura_m": 9, "diametro_copa_m": 12.6, "en_bosque_osm": false, "copa_separada": true}}, {"type": "Feature", "geometry": {"type": "Point", "coordinates": [-79.5741396, 8.9961694]}, "properties": {"altura_m": 9, "diametro_copa_m": 11.6, "en_bosque_osm": false, "copa_separada": true}}, {"type": "Feature", "geometry": {"type": "Point", "coordinates": [-79.5769828, 9.0064376]}, "properties": {"altura_m": 9, "diametro_copa_m": 12.3, "en_bosque_osm": false, "copa_separada": false}}, {"type": "Feature", "geometry": {"type": "Point", "coordinates": [-79.5739894, 8.9936474]}, "properties": {"altura_m": 9, "diametro_copa_m": 9.0, "en_bosque_osm": true, "copa_separada": true}}, {"type": "Feature", "geometry": {"type": "Point", "coordinates": [-79.5758562, 8.9987233]}, "properties": {"altura_m": 11, "diametro_copa_m": 5.5, "en_bosque_osm": true, "copa_separada": true}}, {"type": "Feature", "geometry": {"type": "Point", "coordinates": [-79.589675, 8.9968158]}, "properties": {"altura_m": 9, "diametro_copa_m": 9.2, "en_bosque_osm": false, "copa_separada": true}}, {"type": "Feature", "geometry": {"type": "Point", "coordinates": [-79.5788174, 9.0032481]}, "properties": {"altura_m": 9, "diametro_copa_m": 10.7, "en_bosque_osm": false, "copa_separada": false}}, {"type": "Feature", "geometry": {"type": "Point", "coordinates": [-79.5784955, 9.0037037]}, "properties": {"altura_m": 9, "diametro_copa_m": 7.2, "en_bosque_osm": false, "copa_separada": true}}, {"type": "Feature", "geometry": {"type": "Point", "coordinates": [-79.5810597, 9.0053992]}, "properties": {"altura_m": 9, "diametro_copa_m": 13.0, "en_bosque_osm": false, "copa_separada": true}}, {"type": "Feature", "geometry": {"type": "Point", "coordinates": [-79.5826798, 8.9963284]}, "properties": {"altura_m": 9, "diametro_copa_m": 5.3, "en_bosque_osm": false, "copa_separada": true}}, {"type": "Feature", "geometry": {"type": "Point", "coordinates": [-79.5814031, 8.9984795]}, "properties": {"altura_m": 9, "diametro_copa_m": 11.5, "en_bosque_osm": false, "copa_separada": false}}, {"type": "Feature", "geometry": {"type": "Point", "coordinates": [-79.5869499, 9.0060774]}, "properties": {"altura_m": 9, "diametro_copa_m": 11.0, "en_bosque_osm": false, "copa_separada": true}}, {"type": "Feature", "geometry": {"type": "Point", "coordinates": [-79.5791715, 8.9971549]}, "properties": {"altura_m": 9, "diametro_copa_m": 10.6, "en_bosque_osm": false, "copa_separada": false}}, {"type": "Feature", "geometry": {"type": "Point", "coordinates": [-79.5795577, 9.0065966]}, "properties": {"altura_m": 9, "diametro_copa_m": 13.1, "en_bosque_osm": false, "copa_separada": true}}, {"type": "Feature", "geometry": {"type": "Point", "coordinates": [-79.5835596, 9.0036295]}, "properties": {"altura_m": 9, "diametro_copa_m": 8.4, "en_bosque_osm": false, "copa_separada": true}}, {"type": "Feature", "geometry": {"type": "Point", "coordinates": [-79.5790105, 8.9918883]}, "properties": {"altura_m": 9, "diametro_copa_m": 10.0, "en_bosque_osm": true, "copa_separada": true}}, {"type": "Feature", "geometry": {"type": "Point", "coordinates": [-79.5771115, 9.0045091]}, "properties": {"altura_m": 9, "diametro_copa_m": 10.4, "en_bosque_osm": false, "copa_separada": false}}, {"type": "Feature", "geometry": {"type": "Point", "coordinates": [-79.5762425, 9.0017115]}, "properties": {"altura_m": 9, "diametro_copa_m": 10.7, "en_bosque_osm": false, "copa_separada": false}}, {"type": "Feature", "geometry": {"type": "Point", "coordinates": [-79.5743542, 8.9964026]}, "properties": {"altura_m": 9, "diametro_copa_m": 12.3, "en_bosque_osm": false, "copa_separada": false}}, {"type": "Feature", "geometry": {"type": "Point", "coordinates": [-79.5818859, 8.9970066]}, "properties": {"altura_m": 9, "diametro_copa_m": 8.6, "en_bosque_osm": false, "copa_separada": false}}, {"type": "Feature", "geometry": {"type": "Point", "coordinates": [-79.5768218, 9.000228]}, "properties": {"altura_m": 9, "diametro_copa_m": 11.8, "en_bosque_osm": false, "copa_separada": false}}, {"type": "Feature", "geometry": {"type": "Point", "coordinates": [-79.5856624, 8.9995074]}, "properties": {"altura_m": 9, "diametro_copa_m": 9.0, "en_bosque_osm": false, "copa_separada": true}}, {"type": "Feature", "geometry": {"type": "Point", "coordinates": [-79.5811992, 8.995078]}, "properties": {"altura_m": 9, "diametro_copa_m": 12.4, "en_bosque_osm": false, "copa_separada": true}}, {"type": "Feature", "geometry": {"type": "Point", "coordinates": [-79.5781522, 8.9965191]}, "properties": {"altura_m": 9, "diametro_copa_m": 10.4, "en_bosque_osm": true, "copa_separada": false}}, {"type": "Feature", "geometry": {"type": "Point", "coordinates": [-79.5829802, 8.9944739]}, "properties": {"altura_m": 9, "diametro_copa_m": 11.2, "en_bosque_osm": false, "copa_separada": true}}, {"type": "Feature", "geometry": {"type": "Point", "coordinates": [-79.5806735, 9.0062575]}, "properties": {"altura_m": 9, "diametro_copa_m": 8.0, "en_bosque_osm": false, "copa_separada": true}}, {"type": "Feature", "geometry": {"type": "Point", "coordinates": [-79.5761567, 9.0044455]}, "properties": {"altura_m": 9, "diametro_copa_m": 12.1, "en_bosque_osm": false, "copa_separada": true}}, {"type": "Feature", "geometry": {"type": "Point", "coordinates": [-79.5802014, 9.0071794]}, "properties": {"altura_m": 9, "diametro_copa_m": 12.6, "en_bosque_osm": false, "copa_separada": false}}, {"type": "Feature", "geometry": {"type": "Point", "coordinates": [-79.577766, 8.9959893]}, "properties": {"altura_m": 9, "diametro_copa_m": 10.8, "en_bosque_osm": true, "copa_separada": false}}, {"type": "Feature", "geometry": {"type": "Point", "coordinates": [-79.5825725, 9.0053674]}, "properties": {"altura_m": 9, "diametro_copa_m": 10.8, "en_bosque_osm": false, "copa_separada": true}}, {"type": "Feature", "geometry": {"type": "Point", "coordinates": [-79.5775407, 8.9993591]}, "properties": {"altura_m": 9, "diametro_copa_m": 11.2, "en_bosque_osm": false, "copa_separada": false}}, {"type": "Feature", "geometry": {"type": "Point", "coordinates": [-79.5771437, 8.9961164]}, "properties": {"altura_m": 9, "diametro_copa_m": 12.1, "en_bosque_osm": true, "copa_separada": false}}, {"type": "Feature", "geometry": {"type": "Point", "coordinates": [-79.5829695, 9.006035]}, "properties": {"altura_m": 9, "diametro_copa_m": 12.1, "en_bosque_osm": false, "copa_separada": false}}, {"type": "Feature", "geometry": {"type": "Point", "coordinates": [-79.5850294, 9.00275]}, "properties": {"altura_m": 9, "diametro_copa_m": 6.4, "en_bosque_osm": false, "copa_separada": true}}, {"type": "Feature", "geometry": {"type": "Point", "coordinates": [-79.5750409, 9.0042124]}, "properties": {"altura_m": 9, "diametro_copa_m": 12.5, "en_bosque_osm": false, "copa_separada": true}}, {"type": "Feature", "geometry": {"type": "Point", "coordinates": [-79.5823901, 8.9996558]}, "properties": {"altura_m": 9, "diametro_copa_m": 9.4, "en_bosque_osm": false, "copa_separada": true}}, {"type": "Feature", "geometry": {"type": "Point", "coordinates": [-79.5803516, 9.0014996]}, "properties": {"altura_m": 9, "diametro_copa_m": 10.0, "en_bosque_osm": false, "copa_separada": true}}, {"type": "Feature", "geometry": {"type": "Point", "coordinates": [-79.5865851, 9.0033222]}, "properties": {"altura_m": 9, "diametro_copa_m": 9.1, "en_bosque_osm": false, "copa_separada": false}}, {"type": "Feature", "geometry": {"type": "Point", "coordinates": [-79.5762532, 9.0069675]}, "properties": {"altura_m": 9, "diametro_copa_m": 12.4, "en_bosque_osm": false, "copa_separada": true}}, {"type": "Feature", "geometry": {"type": "Point", "coordinates": [-79.5761245, 9.0035554]}, "properties": {"altura_m": 9, "diametro_copa_m": 12.6, "en_bosque_osm": false, "copa_separada": false}}, {"type": "Feature", "geometry": {"type": "Point", "coordinates": [-79.5798152, 9.0036931]}, "properties": {"altura_m": 10, "diametro_copa_m": 5.8, "en_bosque_osm": false, "copa_separada": true}}, {"type": "Feature", "geometry": {"type": "Point", "coordinates": [-79.5814567, 8.9974516]}, "properties": {"altura_m": 9, "diametro_copa_m": 6.0, "en_bosque_osm": false, "copa_separada": true}}, {"type": "Feature", "geometry": {"type": "Point", "coordinates": [-79.5753305, 9.0019341]}, "properties": {"altura_m": 8, "diametro_copa_m": 8.8, "en_bosque_osm": false, "copa_separada": true}}, {"type": "Feature", "geometry": {"type": "Point", "coordinates": [-79.5779055, 8.9997935]}, "properties": {"altura_m": 11, "diametro_copa_m": 4.8, "en_bosque_osm": false, "copa_separada": true}}, {"type": "Feature", "geometry": {"type": "Point", "coordinates": [-79.5800405, 9.0014148]}, "properties": {"altura_m": 9, "diametro_copa_m": 6.9, "en_bosque_osm": false, "copa_separada": true}}, {"type": "Feature", "geometry": {"type": "Point", "coordinates": [-79.5817893, 8.9956184]}, "properties": {"altura_m": 8, "diametro_copa_m": 8.3, "en_bosque_osm": false, "copa_separada": true}}, {"type": "Feature", "geometry": {"type": "Point", "coordinates": [-79.5892673, 8.9978013]}, "properties": {"altura_m": 9, "diametro_copa_m": 12.6, "en_bosque_osm": true, "copa_separada": true}}, {"type": "Feature", "geometry": {"type": "Point", "coordinates": [-79.5899432, 9.002697]}, "properties": {"altura_m": 9, "diametro_copa_m": 11.1, "en_bosque_osm": true, "copa_separada": false}}, {"type": "Feature", "geometry": {"type": "Point", "coordinates": [-79.5897715, 8.9967099]}, "properties": {"altura_m": 9, "diametro_copa_m": 8.2, "en_bosque_osm": false, "copa_separada": true}}, {"type": "Feature", "geometry": {"type": "Point", "coordinates": [-79.5857482, 9.0043607]}, "properties": {"altura_m": 9, "diametro_copa_m": 8.2, "en_bosque_osm": false, "copa_separada": true}}, {"type": "Feature", "geometry": {"type": "Point", "coordinates": [-79.5894282, 8.9983948]}, "properties": {"altura_m": 8, "diametro_copa_m": 9.8, "en_bosque_osm": true, "copa_separada": false}}, {"type": "Feature", "geometry": {"type": "Point", "coordinates": [-79.5894068, 8.9983948]}, "properties": {"altura_m": 8, "diametro_copa_m": 8.6, "en_bosque_osm": true, "copa_separada": false}}, {"type": "Feature", "geometry": {"type": "Point", "coordinates": [-79.5813065, 9.002803]}, "properties": {"altura_m": 8, "diametro_copa_m": 12.0, "en_bosque_osm": false, "copa_separada": true}}, {"type": "Feature", "geometry": {"type": "Point", "coordinates": [-79.5783024, 9.0037461]}, "properties": {"altura_m": 8, "diametro_copa_m": 11.7, "en_bosque_osm": false, "copa_separada": true}}, {"type": "Feature", "geometry": {"type": "Point", "coordinates": [-79.589793, 9.0027712]}, "properties": {"altura_m": 8, "diametro_copa_m": 11.7, "en_bosque_osm": true, "copa_separada": false}}, {"type": "Feature", "geometry": {"type": "Point", "coordinates": [-79.5793538, 9.0062257]}, "properties": {"altura_m": 8, "diametro_copa_m": 12.0, "en_bosque_osm": false, "copa_separada": true}}, {"type": "Feature", "geometry": {"type": "Point", "coordinates": [-79.5897823, 9.002856]}, "properties": {"altura_m": 8, "diametro_copa_m": 11.7, "en_bosque_osm": true, "copa_separada": false}}, {"type": "Feature", "geometry": {"type": "Point", "coordinates": [-79.580019, 8.9975046]}, "properties": {"altura_m": 8, "diametro_copa_m": 11.9, "en_bosque_osm": false, "copa_separada": true}}, {"type": "Feature", "geometry": {"type": "Point", "coordinates": [-79.5800083, 9.0057807]}, "properties": {"altura_m": 8, "diametro_copa_m": 11.7, "en_bosque_osm": false, "copa_separada": false}}, {"type": "Feature", "geometry": {"type": "Point", "coordinates": [-79.57812, 9.00719]}, "properties": {"altura_m": 8, "diametro_copa_m": 12.0, "en_bosque_osm": false, "copa_separada": true}}, {"type": "Feature", "geometry": {"type": "Point", "coordinates": [-79.588645, 8.9969642]}, "properties": {"altura_m": 8, "diametro_copa_m": 12.0, "en_bosque_osm": true, "copa_separada": true}}, {"type": "Feature", "geometry": {"type": "Point", "coordinates": [-79.5877116, 9.0031209]}, "properties": {"altura_m": 8, "diametro_copa_m": 12.0, "en_bosque_osm": false, "copa_separada": true}}, {"type": "Feature", "geometry": {"type": "Point", "coordinates": [-79.5767146, 9.0002492]}, "properties": {"altura_m": 8, "diametro_copa_m": 11.8, "en_bosque_osm": false, "copa_separada": false}}, {"type": "Feature", "geometry": {"type": "Point", "coordinates": [-79.5762854, 9.0019341]}, "properties": {"altura_m": 8, "diametro_copa_m": 12.0, "en_bosque_osm": false, "copa_separada": true}}, {"type": "Feature", "geometry": {"type": "Point", "coordinates": [-79.581564, 9.002909]}, "properties": {"altura_m": 8, "diametro_copa_m": 12.0, "en_bosque_osm": false, "copa_separada": true}}, {"type": "Feature", "geometry": {"type": "Point", "coordinates": [-79.576103, 8.9966251]}, "properties": {"altura_m": 8, "diametro_copa_m": 12.0, "en_bosque_osm": true, "copa_separada": true}}, {"type": "Feature", "geometry": {"type": "Point", "coordinates": [-79.5898896, 9.002697]}, "properties": {"altura_m": 8, "diametro_copa_m": 10.6, "en_bosque_osm": true, "copa_separada": false}}, {"type": "Feature", "geometry": {"type": "Point", "coordinates": [-79.5773368, 8.9962118]}, "properties": {"altura_m": 8, "diametro_copa_m": 12.0, "en_bosque_osm": true, "copa_separada": true}}, {"type": "Feature", "geometry": {"type": "Point", "coordinates": [-79.5787101, 9.0037673]}, "properties": {"altura_m": 8, "diametro_copa_m": 11.0, "en_bosque_osm": false, "copa_separada": false}}, {"type": "Feature", "geometry": {"type": "Point", "coordinates": [-79.5748263, 9.002697]}, "properties": {"altura_m": 8, "diametro_copa_m": 11.4, "en_bosque_osm": false, "copa_separada": true}}, {"type": "Feature", "geometry": {"type": "Point", "coordinates": [-79.5743864, 8.9963072]}, "properties": {"altura_m": 8, "diametro_copa_m": 11.8, "en_bosque_osm": false, "copa_separada": false}}, {"type": "Feature", "geometry": {"type": "Point", "coordinates": [-79.5774012, 8.9984054]}, "properties": {"altura_m": 8, "diametro_copa_m": 11.2, "en_bosque_osm": true, "copa_separada": false}}, {"type": "Feature", "geometry": {"type": "Point", "coordinates": [-79.5781308, 8.9923969]}, "properties": {"altura_m": 8, "diametro_copa_m": 12.0, "en_bosque_osm": true, "copa_separada": true}}, {"type": "Feature", "geometry": {"type": "Point", "coordinates": [-79.5800298, 9.0058654]}, "properties": {"altura_m": 8, "diametro_copa_m": 11.8, "en_bosque_osm": false, "copa_separada": false}}, {"type": "Feature", "geometry": {"type": "Point", "coordinates": [-79.5819824, 8.994972]}, "properties": {"altura_m": 8, "diametro_copa_m": 12.0, "en_bosque_osm": false, "copa_separada": true}}, {"type": "Feature", "geometry": {"type": "Point", "coordinates": [-79.5790642, 9.0039686]}, "properties": {"altura_m": 8, "diametro_copa_m": 11.8, "en_bosque_osm": false, "copa_separada": true}}, {"type": "Feature", "geometry": {"type": "Point", "coordinates": [-79.5812099, 8.9917717]}, "properties": {"altura_m": 8, "diametro_copa_m": 11.9, "en_bosque_osm": true, "copa_separada": false}}, {"type": "Feature", "geometry": {"type": "Point", "coordinates": [-79.5774656, 8.9961482]}, "properties": {"altura_m": 8, "diametro_copa_m": 11.8, "en_bosque_osm": true, "copa_separada": true}}, {"type": "Feature", "geometry": {"type": "Point", "coordinates": [-79.5769506, 8.9995922]}, "properties": {"altura_m": 8, "diametro_copa_m": 10.7, "en_bosque_osm": false, "copa_separada": true}}, {"type": "Feature", "geometry": {"type": "Point", "coordinates": [-79.5817571, 8.998204]}, "properties": {"altura_m": 8, "diametro_copa_m": 11.6, "en_bosque_osm": false, "copa_separada": true}}, {"type": "Feature", "geometry": {"type": "Point", "coordinates": [-79.5886987, 8.9997088]}, "properties": {"altura_m": 8, "diametro_copa_m": 12.0, "en_bosque_osm": false, "copa_separada": true}}, {"type": "Feature", "geometry": {"type": "Point", "coordinates": [-79.5761674, 9.0015738]}, "properties": {"altura_m": 8, "diametro_copa_m": 12.0, "en_bosque_osm": false, "copa_separada": true}}, {"type": "Feature", "geometry": {"type": "Point", "coordinates": [-79.5898896, 8.9974305]}, "properties": {"altura_m": 8, "diametro_copa_m": 11.8, "en_bosque_osm": false, "copa_separada": true}}, {"type": "Feature", "geometry": {"type": "Point", "coordinates": [-79.5867246, 8.996943]}, "properties": {"altura_m": 8, "diametro_copa_m": 12.0, "en_bosque_osm": true, "copa_separada": true}}, {"type": "Feature", "geometry": {"type": "Point", "coordinates": [-79.5754807, 9.0063211]}, "properties": {"altura_m": 8, "diametro_copa_m": 11.7, "en_bosque_osm": false, "copa_separada": true}}, {"type": "Feature", "geometry": {"type": "Point", "coordinates": [-79.5771008, 8.996286]}, "properties": {"altura_m": 8, "diametro_copa_m": 11.4, "en_bosque_osm": true, "copa_separada": false}}, {"type": "Feature", "geometry": {"type": "Point", "coordinates": [-79.5829695, 8.9977907]}, "properties": {"altura_m": 8, "diametro_copa_m": 12.0, "en_bosque_osm": false, "copa_separada": true}}, {"type": "Feature", "geometry": {"type": "Point", "coordinates": [-79.5769935, 8.9962648]}, "properties": {"altura_m": 8, "diametro_copa_m": 11.9, "en_bosque_osm": true, "copa_separada": false}}, {"type": "Feature", "geometry": {"type": "Point", "coordinates": [-79.5807593, 8.9977166]}, "properties": {"altura_m": 8, "diametro_copa_m": 8.6, "en_bosque_osm": false, "copa_separada": true}}, {"type": "Feature", "geometry": {"type": "Point", "coordinates": [-79.5774978, 8.9994227]}, "properties": {"altura_m": 8, "diametro_copa_m": 10.8, "en_bosque_osm": false, "copa_separada": false}}, {"type": "Feature", "geometry": {"type": "Point", "coordinates": [-79.5746653, 8.9962118]}, "properties": {"altura_m": 8, "diametro_copa_m": 12.0, "en_bosque_osm": false, "copa_separada": true}}, {"type": "Feature", "geometry": {"type": "Point", "coordinates": [-79.581285, 9.0047316]}, "properties": {"altura_m": 8, "diametro_copa_m": 12.0, "en_bosque_osm": false, "copa_separada": true}}, {"type": "Feature", "geometry": {"type": "Point", "coordinates": [-79.5882266, 8.9998995]}, "properties": {"altura_m": 8, "diametro_copa_m": 12.0, "en_bosque_osm": false, "copa_separada": true}}, {"type": "Feature", "geometry": {"type": "Point", "coordinates": [-79.5756202, 8.9967417]}, "properties": {"altura_m": 8, "diametro_copa_m": 11.9, "en_bosque_osm": true, "copa_separada": false}}, {"type": "Feature", "geometry": {"type": "Point", "coordinates": [-79.5756739, 8.9969854]}, "properties": {"altura_m": 8, "diametro_copa_m": 11.8, "en_bosque_osm": true, "copa_separada": true}}, {"type": "Feature", "geometry": {"type": "Point", "coordinates": [-79.5772188, 8.9961906]}, "properties": {"altura_m": 8, "diametro_copa_m": 10.9, "en_bosque_osm": true, "copa_separada": false}}, {"type": "Feature", "geometry": {"type": "Point", "coordinates": [-79.5799654, 9.0064906]}, "properties": {"altura_m": 8, "diametro_copa_m": 12.0, "en_bosque_osm": false, "copa_separada": true}}, {"type": "Feature", "geometry": {"type": "Point", "coordinates": [-79.5820253, 8.996784]}, "properties": {"altura_m": 8, "diametro_copa_m": 11.5, "en_bosque_osm": false, "copa_separada": true}}, {"type": "Feature", "geometry": {"type": "Point", "coordinates": [-79.5802336, 8.9928208]}, "properties": {"altura_m": 8, "diametro_copa_m": 11.9, "en_bosque_osm": false, "copa_separada": true}}, {"type": "Feature", "geometry": {"type": "Point", "coordinates": [-79.5761674, 9.0018917]}, "properties": {"altura_m": 8, "diametro_copa_m": 11.6, "en_bosque_osm": false, "copa_separada": false}}, {"type": "Feature", "geometry": {"type": "Point", "coordinates": [-79.577884, 8.992789]}, "properties": {"altura_m": 8, "diametro_copa_m": 11.1, "en_bosque_osm": false, "copa_separada": true}}, {"type": "Feature", "geometry": {"type": "Point", "coordinates": [-79.5800405, 8.9932023]}, "properties": {"altura_m": 8, "diametro_copa_m": 12.0, "en_bosque_osm": false, "copa_separada": true}}, {"type": "Feature", "geometry": {"type": "Point", "coordinates": [-79.58283, 9.0056959]}, "properties": {"altura_m": 8, "diametro_copa_m": 11.9, "en_bosque_osm": false, "copa_separada": true}}, {"type": "Feature", "geometry": {"type": "Point", "coordinates": [-79.577487, 8.9956078]}, "properties": {"altura_m": 8, "diametro_copa_m": 11.5, "en_bosque_osm": true, "copa_separada": false}}, {"type": "Feature", "geometry": {"type": "Point", "coordinates": [-79.5796864, 9.0071052]}, "properties": {"altura_m": 8, "diametro_copa_m": 12.0, "en_bosque_osm": false, "copa_separada": true}}, {"type": "Feature", "geometry": {"type": "Point", "coordinates": [-79.5812636, 8.9918565]}, "properties": {"altura_m": 8, "diametro_copa_m": 11.7, "en_bosque_osm": true, "copa_separada": false}}, {"type": "Feature", "geometry": {"type": "Point", "coordinates": [-79.5816498, 9.0043077]}, "properties": {"altura_m": 8, "diametro_copa_m": 10.7, "en_bosque_osm": false, "copa_separada": true}}, {"type": "Feature", "geometry": {"type": "Point", "coordinates": [-79.5823472, 9.0043289]}, "properties": {"altura_m": 8, "diametro_copa_m": 8.6, "en_bosque_osm": false, "copa_separada": true}}, {"type": "Feature", "geometry": {"type": "Point", "coordinates": [-79.5778625, 8.9947812]}, "properties": {"altura_m": 8, "diametro_copa_m": 11.5, "en_bosque_osm": true, "copa_separada": false}}, {"type": "Feature", "geometry": {"type": "Point", "coordinates": [-79.5778411, 8.9988186]}, "properties": {"altura_m": 8, "diametro_copa_m": 11.5, "en_bosque_osm": false, "copa_separada": true}}, {"type": "Feature", "geometry": {"type": "Point", "coordinates": [-79.5767682, 9.0005141]}, "properties": {"altura_m": 8, "diametro_copa_m": 11.3, "en_bosque_osm": false, "copa_separada": false}}, {"type": "Feature", "geometry": {"type": "Point", "coordinates": [-79.578635, 8.9939123]}, "properties": {"altura_m": 8, "diametro_copa_m": 10.9, "en_bosque_osm": true, "copa_separada": true}}, {"type": "Feature", "geometry": {"type": "Point", "coordinates": [-79.5735281, 8.9940501]}, "properties": {"altura_m": 8, "diametro_copa_m": 12.0, "en_bosque_osm": true, "copa_separada": true}}, {"type": "Feature", "geometry": {"type": "Point", "coordinates": [-79.5803516, 8.9970702]}, "properties": {"altura_m": 8, "diametro_copa_m": 10.7, "en_bosque_osm": false, "copa_separada": true}}, {"type": "Feature", "geometry": {"type": "Point", "coordinates": [-79.588409, 8.999677]}, "properties": {"altura_m": 8, "diametro_copa_m": 12.0, "en_bosque_osm": false, "copa_separada": true}}, {"type": "Feature", "geometry": {"type": "Point", "coordinates": [-79.5824438, 8.996286]}, "properties": {"altura_m": 8, "diametro_copa_m": 11.8, "en_bosque_osm": false, "copa_separada": true}}, {"type": "Feature", "geometry": {"type": "Point", "coordinates": [-79.5775943, 8.995523]}, "properties": {"altura_m": 8, "diametro_copa_m": 10.3, "en_bosque_osm": true, "copa_separada": false}}, {"type": "Feature", "geometry": {"type": "Point", "coordinates": [-79.5762103, 9.0018175]}, "properties": {"altura_m": 8, "diametro_copa_m": 11.6, "en_bosque_osm": false, "copa_separada": false}}, {"type": "Feature", "geometry": {"type": "Point", "coordinates": [-79.5775514, 8.995523]}, "properties": {"altura_m": 8, "diametro_copa_m": 9.7, "en_bosque_osm": true, "copa_separada": false}}, {"type": "Feature", "geometry": {"type": "Point", "coordinates": [-79.574322, 8.99618]}, "properties": {"altura_m": 8, "diametro_copa_m": 12.0, "en_bosque_osm": false, "copa_separada": true}}, {"type": "Feature", "geometry": {"type": "Point", "coordinates": [-79.5776694, 9.0024745]}, "properties": {"altura_m": 8, "diametro_copa_m": 11.3, "en_bosque_osm": false, "copa_separada": true}}, {"type": "Feature", "geometry": {"type": "Point", "coordinates": [-79.5759099, 8.9966887]}, "properties": {"altura_m": 8, "diametro_copa_m": 12.0, "en_bosque_osm": true, "copa_separada": true}}, {"type": "Feature", "geometry": {"type": "Point", "coordinates": [-79.5824545, 8.9959257]}, "properties": {"altura_m": 8, "diametro_copa_m": 8.8, "en_bosque_osm": false, "copa_separada": true}}, {"type": "Feature", "geometry": {"type": "Point", "coordinates": [-79.5812099, 8.9941242]}, "properties": {"altura_m": 8, "diametro_copa_m": 11.6, "en_bosque_osm": false, "copa_separada": false}}, {"type": "Feature", "geometry": {"type": "Point", "coordinates": [-79.5775299, 9.0020612]}, "properties": {"altura_m": 8, "diametro_copa_m": 10.8, "en_bosque_osm": false, "copa_separada": true}}, {"type": "Feature", "geometry": {"type": "Point", "coordinates": [-79.5769399, 9.001648]}, "properties": {"altura_m": 8, "diametro_copa_m": 11.5, "en_bosque_osm": false, "copa_separada": true}}, {"type": "Feature", "geometry": {"type": "Point", "coordinates": [-79.5747083, 8.9968476]}, "properties": {"altura_m": 8, "diametro_copa_m": 11.9, "en_bosque_osm": false, "copa_separada": false}}, {"type": "Feature", "geometry": {"type": "Point", "coordinates": [-79.5787208, 9.0038415]}, "properties": {"altura_m": 8, "diametro_copa_m": 11.2, "en_bosque_osm": false, "copa_separada": false}}, {"type": "Feature", "geometry": {"type": "Point", "coordinates": [-79.5740967, 8.9986173]}, "properties": {"altura_m": 8, "diametro_copa_m": 12.0, "en_bosque_osm": false, "copa_separada": false}}, {"type": "Feature", "geometry": {"type": "Point", "coordinates": [-79.5819288, 8.9986067]}, "properties": {"altura_m": 8, "diametro_copa_m": 10.1, "en_bosque_osm": false, "copa_separada": true}}, {"type": "Feature", "geometry": {"type": "Point", "coordinates": [-79.575749, 8.9977272]}, "properties": {"altura_m": 8, "diametro_copa_m": 12.0, "en_bosque_osm": true, "copa_separada": true}}, {"type": "Feature", "geometry": {"type": "Point", "coordinates": [-79.5784419, 8.9934036]}, "properties": {"altura_m": 8, "diametro_copa_m": 11.8, "en_bosque_osm": true, "copa_separada": true}}, {"type": "Feature", "geometry": {"type": "Point", "coordinates": [-79.5765107, 9.0009168]}, "properties": {"altura_m": 8, "diametro_copa_m": 11.6, "en_bosque_osm": false, "copa_separada": true}}, {"type": "Feature", "geometry": {"type": "Point", "coordinates": [-79.5788925, 8.996233]}, "properties": {"altura_m": 8, "diametro_copa_m": 11.8, "en_bosque_osm": true, "copa_separada": true}}, {"type": "Feature", "geometry": {"type": "Point", "coordinates": [-79.5811348, 9.0047846]}, "properties": {"altura_m": 8, "diametro_copa_m": 11.5, "en_bosque_osm": false, "copa_separada": true}}, {"type": "Feature", "geometry": {"type": "Point", "coordinates": [-79.5777123, 8.9949402]}, "properties": {"altura_m": 8, "diametro_copa_m": 12.0, "en_bosque_osm": true, "copa_separada": true}}, {"type": "Feature", "geometry": {"type": "Point", "coordinates": [-79.5788925, 8.9971231]}, "properties": {"altura_m": 8, "diametro_copa_m": 9.4, "en_bosque_osm": false, "copa_separada": true}}, {"type": "Feature", "geometry": {"type": "Point", "coordinates": [-79.5765536, 9.0012029]}, "properties": {"altura_m": 8, "diametro_copa_m": 10.8, "en_bosque_osm": false, "copa_separada": true}}, {"type": "Feature", "geometry": {"type": "Point", "coordinates": [-79.5786779, 9.0030149]}, "properties": {"altura_m": 8, "diametro_copa_m": 11.9, "en_bosque_osm": false, "copa_separada": true}}, {"type": "Feature", "geometry": {"type": "Point", "coordinates": [-79.5868855, 8.9994862]}, "properties": {"altura_m": 8, "diametro_copa_m": 11.1, "en_bosque_osm": false, "copa_separada": true}}, {"type": "Feature", "geometry": {"type": "Point", "coordinates": [-79.5843642, 8.9969006]}, "properties": {"altura_m": 8, "diametro_copa_m": 11.0, "en_bosque_osm": true, "copa_separada": true}}, {"type": "Feature", "geometry": {"type": "Point", "coordinates": [-79.5857482, 8.996339]}, "properties": {"altura_m": 8, "diametro_copa_m": 10.7, "en_bosque_osm": true, "copa_separada": false}}, {"type": "Feature", "geometry": {"type": "Point", "coordinates": [-79.5806091, 8.9959151]}, "properties": {"altura_m": 8, "diametro_copa_m": 11.1, "en_bosque_osm": false, "copa_separada": true}}, {"type": "Feature", "geometry": {"type": "Point", "coordinates": [-79.5838921, 9.0037143]}, "properties": {"altura_m": 8, "diametro_copa_m": 10.5, "en_bosque_osm": false, "copa_separada": false}}, {"type": "Feature", "geometry": {"type": "Point", "coordinates": [-79.5844822, 8.9924075]}, "properties": {"altura_m": 8, "diametro_copa_m": 9.3, "en_bosque_osm": false, "copa_separada": true}}, {"type": "Feature", "geometry": {"type": "Point", "coordinates": [-79.5863061, 8.9995604]}, "properties": {"altura_m": 8, "diametro_copa_m": 10.3, "en_bosque_osm": true, "copa_separada": false}}, {"type": "Feature", "geometry": {"type": "Point", "coordinates": [-79.5756953, 9.001489]}, "properties": {"altura_m": 8, "diametro_copa_m": 10.5, "en_bosque_osm": false, "copa_separada": true}}, {"type": "Feature", "geometry": {"type": "Point", "coordinates": [-79.5774656, 8.9975894]}, "properties": {"altura_m": 8, "diametro_copa_m": 10.5, "en_bosque_osm": true, "copa_separada": true}}, {"type": "Feature", "geometry": {"type": "Point", "coordinates": [-79.5817893, 8.9957244]}, "properties": {"altura_m": 8, "diametro_copa_m": 5.5, "en_bosque_osm": false, "copa_separada": false}}, {"type": "Feature", "geometry": {"type": "Point", "coordinates": [-79.5895248, 8.9930539]}, "properties": {"altura_m": 8, "diametro_copa_m": 11.1, "en_bosque_osm": false, "copa_separada": true}}, {"type": "Feature", "geometry": {"type": "Point", "coordinates": [-79.5848363, 9.006692]}, "properties": {"altura_m": 8, "diametro_copa_m": 10.0, "en_bosque_osm": false, "copa_separada": false}}, {"type": "Feature", "geometry": {"type": "Point", "coordinates": [-79.5856731, 9.0007261]}, "properties": {"altura_m": 8, "diametro_copa_m": 10.9, "en_bosque_osm": false, "copa_separada": true}}, {"type": "Feature", "geometry": {"type": "Point", "coordinates": [-79.5809524, 8.9970172]}, "properties": {"altura_m": 8, "diametro_copa_m": 8.1, "en_bosque_osm": false, "copa_separada": false}}, {"type": "Feature", "geometry": {"type": "Point", "coordinates": [-79.5789032, 9.0034812]}, "properties": {"altura_m": 8, "diametro_copa_m": 10.7, "en_bosque_osm": false, "copa_separada": true}}, {"type": "Feature", "geometry": {"type": "Point", "coordinates": [-79.5786565, 8.9932447]}, "properties": {"altura_m": 8, "diametro_copa_m": 10.5, "en_bosque_osm": true, "copa_separada": true}}, {"type": "Feature", "geometry": {"type": "Point", "coordinates": [-79.5861452, 8.9993803]}, "properties": {"altura_m": 8, "diametro_copa_m": 10.7, "en_bosque_osm": true, "copa_separada": true}}, {"type": "Feature", "geometry": {"type": "Point", "coordinates": [-79.5781522, 8.9925347]}, "properties": {"altura_m": 8, "diametro_copa_m": 10.4, "en_bosque_osm": true, "copa_separada": true}}, {"type": "Feature", "geometry": {"type": "Point", "coordinates": [-79.5800405, 9.0044667]}, "properties": {"altura_m": 8, "diametro_copa_m": 9.9, "en_bosque_osm": false, "copa_separada": true}}, {"type": "Feature", "geometry": {"type": "Point", "coordinates": [-79.5811026, 8.9964132]}, "properties": {"altura_m": 8, "diametro_copa_m": 8.2, "en_bosque_osm": false, "copa_separada": true}}, {"type": "Feature", "geometry": {"type": "Point", "coordinates": [-79.5787959, 9.0030997]}, "properties": {"altura_m": 8, "diametro_copa_m": 10.4, "en_bosque_osm": false, "copa_separada": true}}, {"type": "Feature", "geometry": {"type": "Point", "coordinates": [-79.5813923, 8.9919201]}, "properties": {"altura_m": 8, "diametro_copa_m": 10.9, "en_bosque_osm": true, "copa_separada": true}}, {"type": "Feature", "geometry": {"type": "Point", "coordinates": [-79.5771544, 8.9999737]}, "properties": {"altura_m": 8, "diametro_copa_m": 11.1, "en_bosque_osm": false, "copa_separada": true}}, {"type": "Feature", "geometry": {"type": "Point", "coordinates": [-79.5822077, 8.9955442]}, "properties": {"altura_m": 8, "diametro_copa_m": 9.3, "en_bosque_osm": false, "copa_separada": true}}, {"type": "Feature", "geometry": {"type": "Point", "coordinates": [-79.5784419, 9.0065224]}, "properties": {"altura_m": 8, "diametro_copa_m": 11.1, "en_bosque_osm": false, "copa_separada": true}}, {"type": "Feature", "geometry": {"type": "Point", "coordinates": [-79.5802122, 9.002803]}, "properties": {"altura_m": 8, "diametro_copa_m": 7.6, "en_bosque_osm": false, "copa_separada": true}}, {"type": "Feature", "geometry": {"type": "Point", "coordinates": [-79.5857053, 8.9962648]}, "properties": {"altura_m": 8, "diametro_copa_m": 10.6, "en_bosque_osm": true, "copa_separada": false}}, {"type": "Feature", "geometry": {"type": "Point", "coordinates": [-79.5792895, 9.0002704]}, "properties": {"altura_m": 9, "diametro_copa_m": 7.4, "en_bosque_osm": false, "copa_separada": true}}, {"type": "Feature", "geometry": {"type": "Point", "coordinates": [-79.5892566, 8.9961376]}, "properties": {"altura_m": 8, "diametro_copa_m": 11.0, "en_bosque_osm": false, "copa_separada": true}}, {"type": "Feature", "geometry": {"type": "Point", "coordinates": [-79.5865422, 9.0050071]}, "properties": {"altura_m": 9, "diametro_copa_m": 6.1, "en_bosque_osm": false, "copa_separada": true}}, {"type": "Feature", "geometry": {"type": "Point", "coordinates": [-79.5886665, 9.002856]}, "properties": {"altura_m": 8, "diametro_copa_m": 10.4, "en_bosque_osm": false, "copa_separada": true}}, {"type": "Feature", "geometry": {"type": "Point", "coordinates": [-79.582315, 9.0018811]}, "properties": {"altura_m": 8, "diametro_copa_m": 8.5, "en_bosque_osm": false, "copa_separada": true}}, {"type": "Feature", "geometry": {"type": "Point", "coordinates": [-79.581564, 9.0038839]}, "properties": {"altura_m": 8, "diametro_copa_m": 11.1, "en_bosque_osm": false, "copa_separada": true}}, {"type": "Feature", "geometry": {"type": "Point", "coordinates": [-79.5745366, 8.9957138]}, "properties": {"altura_m": 8, "diametro_copa_m": 11.1, "en_bosque_osm": true, "copa_separada": true}}, {"type": "Feature", "geometry": {"type": "Point", "coordinates": [-79.5856195, 8.9937745]}, "properties": {"altura_m": 8, "diametro_copa_m": 11.1, "en_bosque_osm": true, "copa_separada": true}}, {"type": "Feature", "geometry": {"type": "Point", "coordinates": [-79.5802443, 9.0059608]}, "properties": {"altura_m": 8, "diametro_copa_m": 9.5, "en_bosque_osm": false, "copa_separada": true}}, {"type": "Feature", "geometry": {"type": "Point", "coordinates": [-79.5822614, 8.9929162]}, "properties": {"altura_m": 8, "diametro_copa_m": 10.5, "en_bosque_osm": true, "copa_separada": false}}, {"type": "Feature", "geometry": {"type": "Point", "coordinates": [-79.5818322, 9.0036613]}, "properties": {"altura_m": 8, "diametro_copa_m": 8.8, "en_bosque_osm": false, "copa_separada": true}}, {"type": "Feature", "geometry": {"type": "Point", "coordinates": [-79.5746117, 8.9992425]}, "properties": {"altura_m": 8, "diametro_copa_m": 10.6, "en_bosque_osm": true, "copa_separada": true}}, {"type": "Feature", "geometry": {"type": "Point", "coordinates": [-79.5802551, 9.0036719]}, "properties": {"altura_m": 8, "diametro_copa_m": 11.0, "en_bosque_osm": false, "copa_separada": true}}, {"type": "Feature", "geometry": {"type": "Point", "coordinates": [-79.5780235, 9.0031527]}, "properties": {"altura_m": 8, "diametro_copa_m": 10.9, "en_bosque_osm": false, "copa_separada": true}}, {"type": "Feature", "geometry": {"type": "Point", "coordinates": [-79.577487, 8.9958621]}, "properties": {"altura_m": 8, "diametro_copa_m": 10.7, "en_bosque_osm": true, "copa_separada": false}}, {"type": "Feature", "geometry": {"type": "Point", "coordinates": [-79.5825296, 9.0057277]}, "properties": {"altura_m": 8, "diametro_copa_m": 8.8, "en_bosque_osm": false, "copa_separada": false}}, {"type": "Feature", "geometry": {"type": "Point", "coordinates": [-79.5748799, 8.9983312]}, "properties": {"altura_m": 8, "diametro_copa_m": 9.0, "en_bosque_osm": true, "copa_separada": false}}, {"type": "Feature", "geometry": {"type": "Point", "coordinates": [-79.574483, 8.9963284]}, "properties": {"altura_m": 8, "diametro_copa_m": 10.5, "en_bosque_osm": false, "copa_separada": false}}, {"type": "Feature", "geometry": {"type": "Point", "coordinates": [-79.5860594, 8.9992637]}, "properties": {"altura_m": 8, "diametro_copa_m": 10.8, "en_bosque_osm": true, "copa_separada": true}}, {"type": "Feature", "geometry": {"type": "Point", "coordinates": [-79.5844071, 8.995682]}, "properties": {"altura_m": 8, "diametro_copa_m": 10.4, "en_bosque_osm": true, "copa_separada": true}}, {"type": "Feature", "geometry": {"type": "Point", "coordinates": [-79.5737963, 9.0006837]}, "properties": {"altura_m": 8, "diametro_copa_m": 10.5, "en_bosque_osm": true, "copa_separada": true}}, {"type": "Feature", "geometry": {"type": "Point", "coordinates": [-79.574837, 8.9984583]}, "properties": {"altura_m": 8, "diametro_copa_m": 8.9, "en_bosque_osm": true, "copa_separada": true}}, {"type": "Feature", "geometry": {"type": "Point", "coordinates": [-79.5818429, 8.9924711]}, "properties": {"altura_m": 8, "diametro_copa_m": 10.3, "en_bosque_osm": true, "copa_separada": true}}, {"type": "Feature", "geometry": {"type": "Point", "coordinates": [-79.576339, 8.9916869]}, "properties": {"altura_m": 8, "diametro_copa_m": 11.1, "en_bosque_osm": false, "copa_separada": true}}, {"type": "Feature", "geometry": {"type": "Point", "coordinates": [-79.5831948, 9.00417]}, "properties": {"altura_m": 8, "diametro_copa_m": 10.8, "en_bosque_osm": false, "copa_separada": true}}, {"type": "Feature", "geometry": {"type": "Point", "coordinates": [-79.5744186, 8.9964555]}, "properties": {"altura_m": 8, "diametro_copa_m": 10.6, "en_bosque_osm": false, "copa_separada": false}}, {"type": "Feature", "geometry": {"type": "Point", "coordinates": [-79.5746761, 8.9985643]}, "properties": {"altura_m": 8, "diametro_copa_m": 10.6, "en_bosque_osm": true, "copa_separada": false}}, {"type": "Feature", "geometry": {"type": "Point", "coordinates": [-79.5800083, 9.000122]}, "properties": {"altura_m": 8, "diametro_copa_m": 10.6, "en_bosque_osm": false, "copa_separada": true}}, {"type": "Feature", "geometry": {"type": "Point", "coordinates": [-79.5753949, 9.0001644]}, "properties": {"altura_m": 8, "diametro_copa_m": 9.8, "en_bosque_osm": true, "copa_separada": true}}, {"type": "Feature", "geometry": {"type": "Point", "coordinates": [-79.585362, 8.9983524]}, "properties": {"altura_m": 8, "diametro_copa_m": 10.1, "en_bosque_osm": true, "copa_separada": true}}, {"type": "Feature", "geometry": {"type": "Point", "coordinates": [-79.5853084, 8.9982464]}, "properties": {"altura_m": 8, "diametro_copa_m": 10.6, "en_bosque_osm": true, "copa_separada": true}}, {"type": "Feature", "geometry": {"type": "Point", "coordinates": [-79.5790856, 8.99831]}, "properties": {"altura_m": 8, "diametro_copa_m": 9.0, "en_bosque_osm": false, "copa_separada": true}}, {"type": "Feature", "geometry": {"type": "Point", "coordinates": [-79.5829695, 9.004064]}, "properties": {"altura_m": 8, "diametro_copa_m": 9.9, "en_bosque_osm": false, "copa_separada": true}}, {"type": "Feature", "geometry": {"type": "Point", "coordinates": [-79.5849328, 9.0065542]}, "properties": {"altura_m": 8, "diametro_copa_m": 10.5, "en_bosque_osm": false, "copa_separada": false}}, {"type": "Feature", "geometry": {"type": "Point", "coordinates": [-79.5791285, 9.0050707]}, "properties": {"altura_m": 8, "diametro_copa_m": 10.4, "en_bosque_osm": false, "copa_separada": true}}, {"type": "Feature", "geometry": {"type": "Point", "coordinates": [-79.5755129, 8.9992531]}, "properties": {"altura_m": 8, "diametro_copa_m": 9.3, "en_bosque_osm": true, "copa_separada": true}}, {"type": "Feature", "geometry": {"type": "Point", "coordinates": [-79.5874756, 8.9978437]}, "properties": {"altura_m": 8, "diametro_copa_m": 10.4, "en_bosque_osm": true, "copa_separada": false}}, {"type": "Feature", "geometry": {"type": "Point", "coordinates": [-79.5758562, 8.99689]}, "properties": {"altura_m": 8, "diametro_copa_m": 10.7, "en_bosque_osm": true, "copa_separada": true}}, {"type": "Feature", "geometry": {"type": "Point", "coordinates": [-79.577884, 8.9961694]}, "properties": {"altura_m": 8, "diametro_copa_m": 9.2, "en_bosque_osm": true, "copa_separada": true}}, {"type": "Feature", "geometry": {"type": "Point", "coordinates": [-79.5770793, 8.9975258]}, "properties": {"altura_m": 8, "diametro_copa_m": 8.4, "en_bosque_osm": true, "copa_separada": true}}, {"type": "Feature", "geometry": {"type": "Point", "coordinates": [-79.5828622, 8.9962648]}, "properties": {"altura_m": 8, "diametro_copa_m": 9.6, "en_bosque_osm": false, "copa_separada": false}}, {"type": "Feature", "geometry": {"type": "Point", "coordinates": [-79.5867031, 9.0033116]}, "properties": {"altura_m": 8, "diametro_copa_m": 7.4, "en_bosque_osm": false, "copa_separada": false}}, {"type": "Feature", "geometry": {"type": "Point", "coordinates": [-79.5769613, 8.9974093]}, "properties": {"altura_m": 8, "diametro_copa_m": 7.0, "en_bosque_osm": true, "copa_separada": true}}, {"type": "Feature", "geometry": {"type": "Point", "coordinates": [-79.5874648, 8.9979391]}, "properties": {"altura_m": 8, "diametro_copa_m": 10.5, "en_bosque_osm": true, "copa_separada": false}}, {"type": "Feature", "geometry": {"type": "Point", "coordinates": [-79.5745581, 9.0002068]}, "properties": {"altura_m": 8, "diametro_copa_m": 8.2, "en_bosque_osm": true, "copa_separada": false}}, {"type": "Feature", "geometry": {"type": "Point", "coordinates": [-79.5803731, 8.9963284]}, "properties": {"altura_m": 8, "diametro_copa_m": 10.8, "en_bosque_osm": false, "copa_separada": false}}, {"type": "Feature", "geometry": {"type": "Point", "coordinates": [-79.5738285, 8.9990306]}, "properties": {"altura_m": 8, "diametro_copa_m": 10.6, "en_bosque_osm": true, "copa_separada": true}}, {"type": "Feature", "geometry": {"type": "Point", "coordinates": [-79.5775729, 8.9959045]}, "properties": {"altura_m": 8, "diametro_copa_m": 10.0, "en_bosque_osm": true, "copa_separada": false}}, {"type": "Feature", "geometry": {"type": "Point", "coordinates": [-79.5821004, 8.9951733]}, "properties": {"altura_m": 8, "diametro_copa_m": 8.3, "en_bosque_osm": false, "copa_separada": true}}, {"type": "Feature", "geometry": {"type": "Point", "coordinates": [-79.5853405, 8.992736]}, "properties": {"altura_m": 8, "diametro_copa_m": 8.7, "en_bosque_osm": false, "copa_separada": true}}, {"type": "Feature", "geometry": {"type": "Point", "coordinates": [-79.5750409, 9.0000373]}, "properties": {"altura_m": 8, "diametro_copa_m": 9.3, "en_bosque_osm": true, "copa_separada": true}}, {"type": "Feature", "geometry": {"type": "Point", "coordinates": [-79.5737427, 8.9917929]}, "properties": {"altura_m": 8, "diametro_copa_m": 8.2, "en_bosque_osm": false, "copa_separada": true}}, {"type": "Feature", "geometry": {"type": "Point", "coordinates": [-79.5805662, 8.9932341]}, "properties": {"altura_m": 7, "diametro_copa_m": 10.4, "en_bosque_osm": false, "copa_separada": true}}, {"type": "Feature", "geometry": {"type": "Point", "coordinates": [-79.5883553, 9.0020612]}, "properties": {"altura_m": 7, "diametro_copa_m": 10.4, "en_bosque_osm": true, "copa_separada": true}}, {"type": "Feature", "geometry": {"type": "Point", "coordinates": [-79.5804482, 8.9962966]}, "properties": {"altura_m": 7, "diametro_copa_m": 10.2, "en_bosque_osm": false, "copa_separada": false}}, {"type": "Feature", "geometry": {"type": "Point", "coordinates": [-79.5814567, 8.9965297]}, "properties": {"altura_m": 7, "diametro_copa_m": 10.1, "en_bosque_osm": false, "copa_separada": false}}, {"type": "Feature", "geometry": {"type": "Point", "coordinates": [-79.5789032, 9.0055581]}, "properties": {"altura_m": 7, "diametro_copa_m": 10.4, "en_bosque_osm": false, "copa_separada": true}}, {"type": "Feature", "geometry": {"type": "Point", "coordinates": [-79.5745902, 8.9939229]}, "properties": {"altura_m": 7, "diametro_copa_m": 10.4, "en_bosque_osm": false, "copa_separada": true}}, {"type": "Feature", "geometry": {"type": "Point", "coordinates": [-79.579429, 8.999518]}, "properties": {"altura_m": 7, "diametro_copa_m": 10.4, "en_bosque_osm": false, "copa_separada": true}}, {"type": "Feature", "geometry": {"type": "Point", "coordinates": [-79.5809524, 9.0045303]}, "properties": {"altura_m": 7, "diametro_copa_m": 10.0, "en_bosque_osm": false, "copa_separada": true}}, {"type": "Feature", "geometry": {"type": "Point", "coordinates": [-79.5789247, 9.0053674]}, "properties": {"altura_m": 7, "diametro_copa_m": 10.4, "en_bosque_osm": false, "copa_separada": true}}, {"type": "Feature", "geometry": {"type": "Point", "coordinates": [-79.581446, 8.9964555]}, "properties": {"altura_m": 7, "diametro_copa_m": 10.1, "en_bosque_osm": false, "copa_separada": false}}, {"type": "Feature", "geometry": {"type": "Point", "coordinates": [-79.5807808, 8.9926089]}, "properties": {"altura_m": 7, "diametro_copa_m": 10.4, "en_bosque_osm": false, "copa_separada": true}}, {"type": "Feature", "geometry": {"type": "Point", "coordinates": [-79.5858877, 9.0012877]}, "properties": {"altura_m": 7, "diametro_copa_m": 10.4, "en_bosque_osm": false, "copa_separada": true}}, {"type": "Feature", "geometry": {"type": "Point", "coordinates": [-79.577015, 8.9963814]}, "properties": {"altura_m": 7, "diametro_copa_m": 10.4, "en_bosque_osm": true, "copa_separada": true}}, {"type": "Feature", "geometry": {"type": "Point", "coordinates": [-79.5760494, 8.992895]}, "properties": {"altura_m": 7, "diametro_copa_m": 10.4, "en_bosque_osm": false, "copa_separada": true}}, {"type": "Feature", "geometry": {"type": "Point", "coordinates": [-79.5761674, 8.9929904]}, "properties": {"altura_m": 7, "diametro_copa_m": 10.4, "en_bosque_osm": false, "copa_separada": true}}, {"type": "Feature", "geometry": {"type": "Point", "coordinates": [-79.5821863, 8.998257]}, "properties": {"altura_m": 7, "diametro_copa_m": 10.4, "en_bosque_osm": false, "copa_separada": true}}, {"type": "Feature", "geometry": {"type": "Point", "coordinates": [-79.5780235, 8.9924711]}, "properties": {"altura_m": 7, "diametro_copa_m": 10.4, "en_bosque_osm": true, "copa_separada": true}}, {"type": "Feature", "geometry": {"type": "Point", "coordinates": [-79.5809524, 9.0034706]}, "properties": {"altura_m": 7, "diametro_copa_m": 10.4, "en_bosque_osm": false, "copa_separada": true}}, {"type": "Feature", "geometry": {"type": "Point", "coordinates": [-79.5821648, 9.0052826]}, "properties": {"altura_m": 7, "diametro_copa_m": 10.4, "en_bosque_osm": false, "copa_separada": true}}, {"type": "Feature", "geometry": {"type": "Point", "coordinates": [-79.5776372, 8.9945587]}, "properties": {"altura_m": 7, "diametro_copa_m": 10.4, "en_bosque_osm": true, "copa_separada": true}}, {"type": "Feature", "geometry": {"type": "Point", "coordinates": [-79.5811885, 8.9940395]}, "properties": {"altura_m": 7, "diametro_copa_m": 10.3, "en_bosque_osm": false, "copa_separada": false}}, {"type": "Feature", "geometry": {"type": "Point", "coordinates": [-79.5835488, 8.9977802]}, "properties": {"altura_m": 7, "diametro_copa_m": 10.4, "en_bosque_osm": false, "copa_separada": true}}, {"type": "Feature", "geometry": {"type": "Point", "coordinates": [-79.5772939, 8.9991683]}, "properties": {"altura_m": 7, "diametro_copa_m": 10.4, "en_bosque_osm": false, "copa_separada": true}}, {"type": "Feature", "geometry": {"type": "Point", "coordinates": [-79.5822614, 9.0058124]}, "properties": {"altura_m": 7, "diametro_copa_m": 10.4, "en_bosque_osm": false, "copa_separada": true}}, {"type": "Feature", "geometry": {"type": "Point", "coordinates": [-79.5746439, 8.9982676]}, "properties": {"altura_m": 7, "diametro_copa_m": 10.4, "en_bosque_osm": false, "copa_separada": true}}, {"type": "Feature", "geometry": {"type": "Point", "coordinates": [-79.5855444, 9.0005353]}, "properties": {"altura_m": 7, "diametro_copa_m": 10.4, "en_bosque_osm": false, "copa_separada": true}}, {"type": "Feature", "geometry": {"type": "Point", "coordinates": [-79.5831626, 8.9966675]}, "properties": {"altura_m": 7, "diametro_copa_m": 10.4, "en_bosque_osm": false, "copa_separada": true}}, {"type": "Feature", "geometry": {"type": "Point", "coordinates": [-79.5745044, 8.996392]}, "properties": {"altura_m": 7, "diametro_copa_m": 9.9, "en_bosque_osm": false, "copa_separada": false}}, {"type": "Feature", "geometry": {"type": "Point", "coordinates": [-79.5738392, 8.9984901]}, "properties": {"altura_m": 7, "diametro_copa_m": 10.2, "en_bosque_osm": false, "copa_separada": true}}, {"type": "Feature", "geometry": {"type": "Point", "coordinates": [-79.5735603, 8.9996558]}, "properties": {"altura_m": 7, "diametro_copa_m": 10.4, "en_bosque_osm": true, "copa_separada": true}}, {"type": "Feature", "geometry": {"type": "Point", "coordinates": [-79.5798045, 9.0012347]}, "properties": {"altura_m": 7, "diametro_copa_m": 10.4, "en_bosque_osm": false, "copa_separada": true}}, {"type": "Feature", "geometry": {"type": "Point", "coordinates": [-79.5811026, 8.9951945]}, "properties": {"altura_m": 7, "diametro_copa_m": 10.4, "en_bosque_osm": false, "copa_separada": true}}, {"type": "Feature", "geometry": {"type": "Point", "coordinates": [-79.5773261, 9.0035872]}, "properties": {"altura_m": 7, "diametro_copa_m": 10.1, "en_bosque_osm": false, "copa_separada": false}}, {"type": "Feature", "geometry": {"type": "Point", "coordinates": [-79.5864778, 8.9995922]}, "properties": {"altura_m": 7, "diametro_copa_m": 10.4, "en_bosque_osm": false, "copa_separada": false}}, {"type": "Feature", "geometry": {"type": "Point", "coordinates": [-79.5797937, 9.0074549]}, "properties": {"altura_m": 7, "diametro_copa_m": 10.4, "en_bosque_osm": false, "copa_separada": true}}, {"type": "Feature", "geometry": {"type": "Point", "coordinates": [-79.5833342, 8.9974411]}, "properties": {"altura_m": 7, "diametro_copa_m": 10.4, "en_bosque_osm": false, "copa_separada": true}}, {"type": "Feature", "geometry": {"type": "Point", "coordinates": [-79.5849543, 8.9931599]}, "properties": {"altura_m": 7, "diametro_copa_m": 10.4, "en_bosque_osm": true, "copa_separada": true}}, {"type": "Feature", "geometry": {"type": "Point", "coordinates": [-79.5813494, 8.9972503]}, "properties": {"altura_m": 7, "diametro_copa_m": 10.4, "en_bosque_osm": false, "copa_separada": true}}, {"type": "Feature", "geometry": {"type": "Point", "coordinates": [-79.5890313, 8.9959151]}, "properties": {"altura_m": 7, "diametro_copa_m": 10.1, "en_bosque_osm": false, "copa_separada": true}}, {"type": "Feature", "geometry": {"type": "Point", "coordinates": [-79.5881622, 8.9995286]}, "properties": {"altura_m": 7, "diametro_copa_m": 10.4, "en_bosque_osm": false, "copa_separada": true}}, {"type": "Feature", "geometry": {"type": "Point", "coordinates": [-79.5867567, 8.9999525]}, "properties": {"altura_m": 7, "diametro_copa_m": 10.4, "en_bosque_osm": true, "copa_separada": true}}, {"type": "Feature", "geometry": {"type": "Point", "coordinates": [-79.5823579, 9.0038945]}, "properties": {"altura_m": 7, "diametro_copa_m": 10.0, "en_bosque_osm": false, "copa_separada": true}}, {"type": "Feature", "geometry": {"type": "Point", "coordinates": [-79.5736461, 8.9916551]}, "properties": {"altura_m": 7, "diametro_copa_m": 10.1, "en_bosque_osm": false, "copa_separada": true}}, {"type": "Feature", "geometry": {"type": "Point", "coordinates": [-79.5876151, 8.9985007]}, "properties": {"altura_m": 7, "diametro_copa_m": 10.0, "en_bosque_osm": false, "copa_separada": true}}, {"type": "Feature", "geometry": {"type": "Point", "coordinates": [-79.5755773, 8.9968158]}, "properties": {"altura_m": 7, "diametro_copa_m": 9.9, "en_bosque_osm": true, "copa_separada": false}}, {"type": "Feature", "geometry": {"type": "Point", "coordinates": [-79.5843428, 8.9967735]}, "properties": {"altura_m": 7, "diametro_copa_m": 10.4, "en_bosque_osm": true, "copa_separada": true}}, {"type": "Feature", "geometry": {"type": "Point", "coordinates": [-79.5787101, 8.9973881]}, "properties": {"altura_m": 7, "diametro_copa_m": 10.0, "en_bosque_osm": false, "copa_separada": true}}, {"type": "Feature", "geometry": {"type": "Point", "coordinates": [-79.5791178, 9.0064164]}, "properties": {"altura_m": 7, "diametro_copa_m": 10.4, "en_bosque_osm": false, "copa_separada": true}}, {"type": "Feature", "geometry": {"type": "Point", "coordinates": [-79.5814674, 8.9976106]}, "properties": {"altura_m": 7, "diametro_copa_m": 10.0, "en_bosque_osm": false, "copa_separada": true}}, {"type": "Feature", "geometry": {"type": "Point", "coordinates": [-79.5854693, 8.9984795]}, "properties": {"altura_m": 7, "diametro_copa_m": 10.2, "en_bosque_osm": true, "copa_separada": true}}, {"type": "Feature", "geometry": {"type": "Point", "coordinates": [-79.5822828, 8.996233]}, "properties": {"altura_m": 7, "diametro_copa_m": 9.8, "en_bosque_osm": false, "copa_separada": true}}, {"type": "Feature", "geometry": {"type": "Point", "coordinates": [-79.5800298, 9.005378]}, "properties": {"altura_m": 7, "diametro_copa_m": 9.4, "en_bosque_osm": false, "copa_separada": true}}, {"type": "Feature", "geometry": {"type": "Point", "coordinates": [-79.5767789, 9.0005883]}, "properties": {"altura_m": 7, "diametro_copa_m": 9.7, "en_bosque_osm": false, "copa_separada": false}}, {"type": "Feature", "geometry": {"type": "Point", "coordinates": [-79.5743542, 8.9965085]}, "properties": {"altura_m": 7, "diametro_copa_m": 10.0, "en_bosque_osm": false, "copa_separada": false}}, {"type": "Feature", "geometry": {"type": "Point", "coordinates": [-79.5798474, 9.0063635]}, "properties": {"altura_m": 7, "diametro_copa_m": 9.8, "en_bosque_osm": false, "copa_separada": false}}, {"type": "Feature", "geometry": {"type": "Point", "coordinates": [-79.5827012, 9.0031103]}, "properties": {"altura_m": 7, "diametro_copa_m": 10.4, "en_bosque_osm": false, "copa_separada": true}}, {"type": "Feature", "geometry": {"type": "Point", "coordinates": [-79.5821326, 9.0036084]}, "properties": {"altura_m": 7, "diametro_copa_m": 10.4, "en_bosque_osm": false, "copa_separada": true}}, {"type": "Feature", "geometry": {"type": "Point", "coordinates": [-79.5801049, 9.0035872]}, "properties": {"altura_m": 7, "diametro_copa_m": 10.1, "en_bosque_osm": false, "copa_separada": true}}, {"type": "Feature", "geometry": {"type": "Point", "coordinates": [-79.5782166, 8.9978543]}, "properties": {"altura_m": 7, "diametro_copa_m": 9.7, "en_bosque_osm": false, "copa_separada": true}}, {"type": "Feature", "geometry": {"type": "Point", "coordinates": [-79.5787423, 8.9987868]}, "properties": {"altura_m": 7, "diametro_copa_m": 10.4, "en_bosque_osm": false, "copa_separada": false}}, {"type": "Feature", "geometry": {"type": "Point", "coordinates": [-79.5778947, 9.0030149]}, "properties": {"altura_m": 7, "diametro_copa_m": 10.4, "en_bosque_osm": false, "copa_separada": true}}, {"type": "Feature", "geometry": {"type": "Point", "coordinates": [-79.5889669, 8.9978437]}, "properties": {"altura_m": 7, "diametro_copa_m": 10.4, "en_bosque_osm": true, "copa_separada": true}}, {"type": "Feature", "geometry": {"type": "Point", "coordinates": [-79.5783561, 8.9976]}, "properties": {"altura_m": 7, "diametro_copa_m": 10.1, "en_bosque_osm": false, "copa_separada": true}}, {"type": "Feature", "geometry": {"type": "Point", "coordinates": [-79.5886128, 8.9954488]}, "properties": {"altura_m": 7, "diametro_copa_m": 10.4, "en_bosque_osm": false, "copa_separada": true}}, {"type": "Feature", "geometry": {"type": "Point", "coordinates": [-79.5864993, 9.0031633]}, "properties": {"altura_m": 7, "diametro_copa_m": 8.4, "en_bosque_osm": false, "copa_separada": false}}, {"type": "Feature", "geometry": {"type": "Point", "coordinates": [-79.5797615, 9.0063423]}, "properties": {"altura_m": 7, "diametro_copa_m": 10.0, "en_bosque_osm": false, "copa_separada": false}}, {"type": "Feature", "geometry": {"type": "Point", "coordinates": [-79.583066, 8.994156]}, "properties": {"altura_m": 7, "diametro_copa_m": 10.4, "en_bosque_osm": true, "copa_separada": true}}, {"type": "Feature", "geometry": {"type": "Point", "coordinates": [-79.5822614, 8.9965615]}, "properties": {"altura_m": 7, "diametro_copa_m": 10.0, "en_bosque_osm": false, "copa_separada": true}}, {"type": "Feature", "geometry": {"type": "Point", "coordinates": [-79.5800512, 8.996392]}, "properties": {"altura_m": 7, "diametro_copa_m": 10.4, "en_bosque_osm": false, "copa_separada": true}}, {"type": "Feature", "geometry": {"type": "Point", "coordinates": [-79.5868426, 9.0000479]}, "properties": {"altura_m": 7, "diametro_copa_m": 10.4, "en_bosque_osm": true, "copa_separada": true}}, {"type": "Feature", "geometry": {"type": "Point", "coordinates": [-79.586392, 8.999571]}, "properties": {"altura_m": 7, "diametro_copa_m": 9.3, "en_bosque_osm": true, "copa_separada": false}}, {"type": "Feature", "geometry": {"type": "Point", "coordinates": [-79.5786887, 8.9988716]}, "properties": {"altura_m": 7, "diametro_copa_m": 8.9, "en_bosque_osm": false, "copa_separada": false}}, {"type": "Feature", "geometry": {"type": "Point", "coordinates": [-79.582594, 9.0038097]}, "properties": {"altura_m": 7, "diametro_copa_m": 9.7, "en_bosque_osm": false, "copa_separada": true}}, {"type": "Feature", "geometry": {"type": "Point", "coordinates": [-79.5842033, 9.0025381]}, "properties": {"altura_m": 8, "diametro_copa_m": 6.1, "en_bosque_osm": false, "copa_separada": true}}, {"type": "Feature", "geometry": {"type": "Point", "coordinates": [-79.5783561, 8.9993485]}, "properties": {"altura_m": 7, "diametro_copa_m": 9.7, "en_bosque_osm": false, "copa_separada": true}}, {"type": "Feature", "geometry": {"type": "Point", "coordinates": [-79.5775621, 8.9960211]}, "properties": {"altura_m": 7, "diametro_copa_m": 9.8, "en_bosque_osm": true, "copa_separada": true}}, {"type": "Feature", "geometry": {"type": "Point", "coordinates": [-79.5769613, 9.0020718]}, "properties": {"altura_m": 7, "diametro_copa_m": 6.9, "en_bosque_osm": false, "copa_separada": true}}, {"type": "Feature", "geometry": {"type": "Point", "coordinates": [-79.5815854, 8.9985537]}, "properties": {"altura_m": 7, "diametro_copa_m": 10.0, "en_bosque_osm": false, "copa_separada": true}}, {"type": "Feature", "geometry": {"type": "Point", "coordinates": [-79.5806735, 8.9944845]}, "properties": {"altura_m": 7, "diametro_copa_m": 10.4, "en_bosque_osm": false, "copa_separada": true}}, {"type": "Feature", "geometry": {"type": "Point", "coordinates": [-79.5810383, 8.9980769]}, "properties": {"altura_m": 7, "diametro_copa_m": 10.0, "en_bosque_osm": false, "copa_separada": true}}, {"type": "Feature", "geometry": {"type": "Point", "coordinates": [-79.5874756, 8.9980239]}, "properties": {"altura_m": 7, "diametro_copa_m": 9.6, "en_bosque_osm": true, "copa_separada": false}}, {"type": "Feature", "geometry": {"type": "Point", "coordinates": [-79.5810383, 9.0046892]}, "properties": {"altura_m": 7, "diametro_copa_m": 9.6, "en_bosque_osm": false, "copa_separada": true}}, {"type": "Feature", "geometry": {"type": "Point", "coordinates": [-79.5818, 8.9977484]}, "properties": {"altura_m": 7, "diametro_copa_m": 9.6, "en_bosque_osm": false, "copa_separada": true}}, {"type": "Feature", "geometry": {"type": "Point", "coordinates": [-79.5819288, 8.9925877]}, "properties": {"altura_m": 7, "diametro_copa_m": 9.6, "en_bosque_osm": true, "copa_separada": true}}, {"type": "Feature", "geometry": {"type": "Point", "coordinates": [-79.5770471, 8.9917929]}, "properties": {"altura_m": 7, "diametro_copa_m": 10.1, "en_bosque_osm": false, "copa_separada": true}}, {"type": "Feature", "geometry": {"type": "Point", "coordinates": [-79.5887094, 9.0048482]}, "properties": {"altura_m": 7, "diametro_copa_m": 9.0, "en_bosque_osm": false, "copa_separada": true}}, {"type": "Feature", "geometry": {"type": "Point", "coordinates": [-79.5769828, 8.9999525]}, "properties": {"altura_m": 7, "diametro_copa_m": 10.0, "en_bosque_osm": false, "copa_separada": true}}, {"type": "Feature", "geometry": {"type": "Point", "coordinates": [-79.5867997, 9.00346]}, "properties": {"altura_m": 8, "diametro_copa_m": 6.4, "en_bosque_osm": false, "copa_separada": false}}, {"type": "Feature", "geometry": {"type": "Point", "coordinates": [-79.5800941, 9.0005353]}, "properties": {"altura_m": 7, "diametro_copa_m": 8.9, "en_bosque_osm": false, "copa_separada": false}}, {"type": "Feature", "geometry": {"type": "Point", "coordinates": [-79.5848685, 9.0067661]}, "properties": {"altura_m": 7, "diametro_copa_m": 10.1, "en_bosque_osm": false, "copa_separada": false}}, {"type": "Feature", "geometry": {"type": "Point", "coordinates": [-79.575706, 9.0064694]}, "properties": {"altura_m": 7, "diametro_copa_m": 10.2, "en_bosque_osm": false, "copa_separada": true}}, {"type": "Feature", "geometry": {"type": "Point", "coordinates": [-79.5744937, 8.9960317]}, "properties": {"altura_m": 7, "diametro_copa_m": 10.4, "en_bosque_osm": false, "copa_separada": false}}, {"type": "Feature", "geometry": {"type": "Point", "coordinates": [-79.5801585, 9.0009062]}, "properties": {"altura_m": 7, "diametro_copa_m": 9.4, "en_bosque_osm": false, "copa_separada": true}}, {"type": "Feature", "geometry": {"type": "Point", "coordinates": [-79.58386, 8.9945481]}, "properties": {"altura_m": 7, "diametro_copa_m": 10.4, "en_bosque_osm": true, "copa_separada": true}}, {"type": "Feature", "geometry": {"type": "Point", "coordinates": [-79.5790105, 9.0049647]}, "properties": {"altura_m": 7, "diametro_copa_m": 10.4, "en_bosque_osm": false, "copa_separada": true}}, {"type": "Feature", "geometry": {"type": "Point", "coordinates": [-79.5787208, 8.9972821]}, "properties": {"altura_m": 7, "diametro_copa_m": 8.8, "en_bosque_osm": false, "copa_separada": true}}, {"type": "Feature", "geometry": {"type": "Point", "coordinates": [-79.5779484, 8.9984901]}, "properties": {"altura_m": 7, "diametro_copa_m": 8.8, "en_bosque_osm": false, "copa_separada": true}}, {"type": "Feature", "geometry": {"type": "Point", "coordinates": [-79.5776265, 9.002856]}, "properties": {"altura_m": 8, "diametro_copa_m": 6.4, "en_bosque_osm": false, "copa_separada": true}}, {"type": "Feature", "geometry": {"type": "Point", "coordinates": [-79.5760708, 8.9990836]}, "properties": {"altura_m": 7, "diametro_copa_m": 8.9, "en_bosque_osm": true, "copa_separada": true}}, {"type": "Feature", "geometry": {"type": "Point", "coordinates": [-79.582197, 9.0030785]}, "properties": {"altura_m": 7, "diametro_copa_m": 8.5, "en_bosque_osm": false, "copa_separada": true}}, {"type": "Feature", "geometry": {"type": "Point", "coordinates": [-79.5749658, 8.9985537]}, "properties": {"altura_m": 7, "diametro_copa_m": 8.6, "en_bosque_osm": true, "copa_separada": true}}, {"type": "Feature", "geometry": {"type": "Point", "coordinates": [-79.5806842, 9.0023579]}, "properties": {"altura_m": 7, "diametro_copa_m": 8.0, "en_bosque_osm": false, "copa_separada": true}}, {"type": "Feature", "geometry": {"type": "Point", "coordinates": [-79.5802765, 9.0026547]}, "properties": {"altura_m": 8, "diametro_copa_m": 6.2, "en_bosque_osm": false, "copa_separada": true}}, {"type": "Feature", "geometry": {"type": "Point", "coordinates": [-79.575588, 8.9962224]}, "properties": {"altura_m": 7, "diametro_copa_m": 10.0, "en_bosque_osm": true, "copa_separada": true}}, {"type": "Feature", "geometry": {"type": "Point", "coordinates": [-79.5807593, 9.005484]}, "properties": {"altura_m": 7, "diametro_copa_m": 8.7, "en_bosque_osm": false, "copa_separada": true}}, {"type": "Feature", "geometry": {"type": "Point", "coordinates": [-79.5802229, 9.0007684]}, "properties": {"altura_m": 7, "diametro_copa_m": 10.0, "en_bosque_osm": false, "copa_separada": true}}, {"type": "Feature", "geometry": {"type": "Point", "coordinates": [-79.585083, 8.9928208]}, "properties": {"altura_m": 7, "diametro_copa_m": 7.4, "en_bosque_osm": false, "copa_separada": true}}, {"type": "Feature", "geometry": {"type": "Point", "coordinates": [-79.5772617, 9.0035872]}, "properties": {"altura_m": 7, "diametro_copa_m": 9.5, "en_bosque_osm": false, "copa_separada": false}}, {"type": "Feature", "geometry": {"type": "Point", "coordinates": [-79.5870572, 9.0003234]}, "properties": {"altura_m": 7, "diametro_copa_m": 10.4, "en_bosque_osm": false, "copa_separada": true}}, {"type": "Feature", "geometry": {"type": "Point", "coordinates": [-79.5808988, 8.9970066]}, "properties": {"altura_m": 7, "diametro_copa_m": 6.5, "en_bosque_osm": false, "copa_separada": false}}, {"type": "Feature", "geometry": {"type": "Point", "coordinates": [-79.5736998, 8.9934778]}, "properties": {"altura_m": 7, "diametro_copa_m": 10.0, "en_bosque_osm": false, "copa_separada": true}}, {"type": "Feature", "geometry": {"type": "Point", "coordinates": [-79.5852225, 8.9934142]}, "properties": {"altura_m": 7, "diametro_copa_m": 10.0, "en_bosque_osm": true, "copa_separada": true}}, {"type": "Feature", "geometry": {"type": "Point", "coordinates": [-79.5778304, 8.9984477]}, "properties": {"altura_m": 7, "diametro_copa_m": 8.9, "en_bosque_osm": false, "copa_separada": true}}, {"type": "Feature", "geometry": {"type": "Point", "coordinates": [-79.5865207, 9.0032799]}, "properties": {"altura_m": 8, "diametro_copa_m": 6.2, "en_bosque_osm": false, "copa_separada": false}}, {"type": "Feature", "geometry": {"type": "Point", "coordinates": [-79.5831304, 8.9936156]}, "properties": {"altura_m": 7, "diametro_copa_m": 9.6, "en_bosque_osm": true, "copa_separada": true}}, {"type": "Feature", "geometry": {"type": "Point", "coordinates": [-79.5739465, 8.9985113]}, "properties": {"altura_m": 7, "diametro_copa_m": 9.4, "en_bosque_osm": false, "copa_separada": false}}, {"type": "Feature", "geometry": {"type": "Point", "coordinates": [-79.575352, 9.0020083]}, "properties": {"altura_m": 7, "diametro_copa_m": 6.8, "en_bosque_osm": false, "copa_separada": true}}, {"type": "Feature", "geometry": {"type": "Point", "coordinates": [-79.5783453, 9.0034706]}, "properties": {"altura_m": 7, "diametro_copa_m": 10.0, "en_bosque_osm": false, "copa_separada": true}}, {"type": "Feature", "geometry": {"type": "Point", "coordinates": [-79.5792466, 8.9936686]}, "properties": {"altura_m": 7, "diametro_copa_m": 7.6, "en_bosque_osm": true, "copa_separada": true}}, {"type": "Feature", "geometry": {"type": "Point", "coordinates": [-79.5881837, 9.0031315]}, "properties": {"altura_m": 7, "diametro_copa_m": 8.3, "en_bosque_osm": false, "copa_separada": true}}, {"type": "Feature", "geometry": {"type": "Point", "coordinates": [-79.5824545, 8.9942196]}, "properties": {"altura_m": 7, "diametro_copa_m": 7.4, "en_bosque_osm": false, "copa_separada": true}}, {"type": "Feature", "geometry": {"type": "Point", "coordinates": [-79.5753735, 8.9984372]}, "properties": {"altura_m": 7, "diametro_copa_m": 8.9, "en_bosque_osm": true, "copa_separada": true}}, {"type": "Feature", "geometry": {"type": "Point", "coordinates": [-79.5892029, 9.0050707]}, "properties": {"altura_m": 7, "diametro_copa_m": 10.0, "en_bosque_osm": false, "copa_separada": true}}, {"type": "Feature", "geometry": {"type": "Point", "coordinates": [-79.5864242, 8.9971443]}, "properties": {"altura_m": 7, "diametro_copa_m": 10.0, "en_bosque_osm": true, "copa_separada": true}}, {"type": "Feature", "geometry": {"type": "Point", "coordinates": [-79.5745473, 9.0059502]}, "properties": {"altura_m": 7, "diametro_copa_m": 9.6, "en_bosque_osm": false, "copa_separada": true}}, {"type": "Feature", "geometry": {"type": "Point", "coordinates": [-79.5800298, 9.0045726]}, "properties": {"altura_m": 7, "diametro_copa_m": 9.3, "en_bosque_osm": false, "copa_separada": true}}, {"type": "Feature", "geometry": {"type": "Point", "coordinates": [-79.5854049, 9.0032799]}, "properties": {"altura_m": 8, "diametro_copa_m": 5.6, "en_bosque_osm": false, "copa_separada": true}}, {"type": "Feature", "geometry": {"type": "Point", "coordinates": [-79.575749, 8.995682]}, "properties": {"altura_m": 7, "diametro_copa_m": 10.0, "en_bosque_osm": false, "copa_separada": true}}, {"type": "Feature", "geometry": {"type": "Point", "coordinates": [-79.5870035, 9.0031103]}, "properties": {"altura_m": 7, "diametro_copa_m": 8.5, "en_bosque_osm": false, "copa_separada": false}}, {"type": "Feature", "geometry": {"type": "Point", "coordinates": [-79.5742898, 8.9984795]}, "properties": {"altura_m": 7, "diametro_copa_m": 9.2, "en_bosque_osm": false, "copa_separada": false}}, {"type": "Feature", "geometry": {"type": "Point", "coordinates": [-79.5870464, 9.0031527]}, "properties": {"altura_m": 7, "diametro_copa_m": 7.4, "en_bosque_osm": false, "copa_separada": false}}, {"type": "Feature", "geometry": {"type": "Point", "coordinates": [-79.5756309, 8.9984477]}, "properties": {"altura_m": 8, "diametro_copa_m": 6.2, "en_bosque_osm": true, "copa_separada": true}}, {"type": "Feature", "geometry": {"type": "Point", "coordinates": [-79.5842355, 8.9984583]}, "properties": {"altura_m": 7, "diametro_copa_m": 6.9, "en_bosque_osm": false, "copa_separada": true}}, {"type": "Feature", "geometry": {"type": "Point", "coordinates": [-79.5764678, 9.0007896]}, "properties": {"altura_m": 7, "diametro_copa_m": 6.5, "en_bosque_osm": false, "copa_separada": true}}, {"type": "Feature", "geometry": {"type": "Point", "coordinates": [-79.5817571, 8.9964873]}, "properties": {"altura_m": 7, "diametro_copa_m": 9.3, "en_bosque_osm": false, "copa_separada": true}}, {"type": "Feature", "geometry": {"type": "Point", "coordinates": [-79.5823043, 8.9978755]}, "properties": {"altura_m": 7, "diametro_copa_m": 8.4, "en_bosque_osm": false, "copa_separada": true}}, {"type": "Feature", "geometry": {"type": "Point", "coordinates": [-79.5787101, 8.9943256]}, "properties": {"altura_m": 7, "diametro_copa_m": 9.1, "en_bosque_osm": true, "copa_separada": true}}, {"type": "Feature", "geometry": {"type": "Point", "coordinates": [-79.5755773, 9.0031421]}, "properties": {"altura_m": 7, "diametro_copa_m": 6.9, "en_bosque_osm": false, "copa_separada": true}}, {"type": "Feature", "geometry": {"type": "Point", "coordinates": [-79.5868533, 9.0001538]}, "properties": {"altura_m": 7, "diametro_copa_m": 9.3, "en_bosque_osm": true, "copa_separada": true}}, {"type": "Feature", "geometry": {"type": "Point", "coordinates": [-79.575352, 9.0032905]}, "properties": {"altura_m": 7, "diametro_copa_m": 8.6, "en_bosque_osm": false, "copa_separada": true}}, {"type": "Feature", "geometry": {"type": "Point", "coordinates": [-79.582315, 8.9955018]}, "properties": {"altura_m": 7, "diametro_copa_m": 8.6, "en_bosque_osm": false, "copa_separada": true}}, {"type": "Feature", "geometry": {"type": "Point", "coordinates": [-79.5865529, 9.0031845]}, "properties": {"altura_m": 7, "diametro_copa_m": 6.9, "en_bosque_osm": false, "copa_separada": false}}, {"type": "Feature", "geometry": {"type": "Point", "coordinates": [-79.5746332, 8.9968264]}, "properties": {"altura_m": 7, "diametro_copa_m": 8.5, "en_bosque_osm": false, "copa_separada": false}}, {"type": "Feature", "geometry": {"type": "Point", "coordinates": [-79.5782702, 8.9925453]}, "properties": {"altura_m": 7, "diametro_copa_m": 8.9, "en_bosque_osm": true, "copa_separada": true}}, {"type": "Feature", "geometry": {"type": "Point", "coordinates": [-79.5830231, 9.0061621]}, "properties": {"altura_m": 7, "diametro_copa_m": 8.6, "en_bosque_osm": false, "copa_separada": true}}, {"type": "Feature", "geometry": {"type": "Point", "coordinates": [-79.5760816, 9.0059078]}, "properties": {"altura_m": 7, "diametro_copa_m": 8.5, "en_bosque_osm": false, "copa_separada": true}}, {"type": "Feature", "geometry": {"type": "Point", "coordinates": [-79.5819717, 8.9954171]}, "properties": {"altura_m": 7, "diametro_copa_m": 8.3, "en_bosque_osm": false, "copa_separada": true}}, {"type": "Feature", "geometry": {"type": "Point", "coordinates": [-79.583817, 9.0035448]}, "properties": {"altura_m": 7, "diametro_copa_m": 5.5, "en_bosque_osm": false, "copa_separada": true}}, {"type": "Feature", "geometry": {"type": "Point", "coordinates": [-79.5876687, 9.0005777]}, "properties": {"altura_m": 7, "diametro_copa_m": 8.7, "en_bosque_osm": false, "copa_separada": true}}, {"type": "Feature", "geometry": {"type": "Point", "coordinates": [-79.5867246, 9.0032481]}, "properties": {"altura_m": 7, "diametro_copa_m": 6.4, "en_bosque_osm": false, "copa_separada": false}}, {"type": "Feature", "geometry": {"type": "Point", "coordinates": [-79.5786457, 8.9970702]}, "properties": {"altura_m": 7, "diametro_copa_m": 7.4, "en_bosque_osm": false, "copa_separada": true}}, {"type": "Feature", "geometry": {"type": "Point", "coordinates": [-79.5817464, 8.997494]}, "properties": {"altura_m": 7, "diametro_copa_m": 8.3, "en_bosque_osm": false, "copa_separada": true}}, {"type": "Feature", "geometry": {"type": "Point", "coordinates": [-79.5879155, 9.0005565]}, "properties": {"altura_m": 6, "diametro_copa_m": 6.7, "en_bosque_osm": false, "copa_separada": false}}, {"type": "Feature", "geometry": {"type": "Point", "coordinates": [-79.5879262, 9.0005353]}, "properties": {"altura_m": 6, "diametro_copa_m": 5.8, "en_bosque_osm": false, "copa_separada": false}}, {"type": "Feature", "geometry": {"type": "Point", "coordinates": [-79.5879047, 9.0005353]}, "properties": {"altura_m": 6, "diametro_copa_m": 4.4, "en_bosque_osm": false, "copa_separada": false}}, {"type": "Feature", "geometry": {"type": "Point", "coordinates": [-79.5879047, 9.0005141]}, "properties": {"altura_m": 6, "diametro_copa_m": 7.2, "en_bosque_osm": false, "copa_separada": false}}, {"type": "Feature", "geometry": {"type": "Point", "coordinates": [-79.5749872, 9.0025063]}, "properties": {"altura_m": 6, "diametro_copa_m": 8.8, "en_bosque_osm": false, "copa_separada": true}}, {"type": "Feature", "geometry": {"type": "Point", "coordinates": [-79.5762639, 8.9929162]}, "properties": {"altura_m": 6, "diametro_copa_m": 8.9, "en_bosque_osm": false, "copa_separada": true}}, {"type": "Feature", "geometry": {"type": "Point", "coordinates": [-79.5775729, 8.9939441]}, "properties": {"altura_m": 6, "diametro_copa_m": 8.9, "en_bosque_osm": true, "copa_separada": true}}, {"type": "Feature", "geometry": {"type": "Point", "coordinates": [-79.5766502, 9.0057383]}, "properties": {"altura_m": 6, "diametro_copa_m": 8.9, "en_bosque_osm": false, "copa_separada": true}}, {"type": "Feature", "geometry": {"type": "Point", "coordinates": [-79.5758348, 8.9973245]}, "properties": {"altura_m": 6, "diametro_copa_m": 8.9, "en_bosque_osm": true, "copa_separada": true}}, {"type": "Feature", "geometry": {"type": "Point", "coordinates": [-79.5877438, 9.0004717]}, "properties": {"altura_m": 6, "diametro_copa_m": 8.9, "en_bosque_osm": false, "copa_separada": true}}, {"type": "Feature", "geometry": {"type": "Point", "coordinates": [-79.575706, 8.9975152]}, "properties": {"altura_m": 6, "diametro_copa_m": 8.9, "en_bosque_osm": true, "copa_separada": true}}, {"type": "Feature", "geometry": {"type": "Point", "coordinates": [-79.5776802, 8.9939547]}, "properties": {"altura_m": 6, "diametro_copa_m": 8.9, "en_bosque_osm": true, "copa_separada": true}}, {"type": "Feature", "geometry": {"type": "Point", "coordinates": [-79.5872717, 9.0027182]}, "properties": {"altura_m": 6, "diametro_copa_m": 8.9, "en_bosque_osm": false, "copa_separada": true}}, {"type": "Feature", "geometry": {"type": "Point", "coordinates": [-79.5810383, 9.0059714]}, "properties": {"altura_m": 6, "diametro_copa_m": 8.9, "en_bosque_osm": false, "copa_separada": true}}, {"type": "Feature", "geometry": {"type": "Point", "coordinates": [-79.5865529, 8.9997088]}, "properties": {"altura_m": 6, "diametro_copa_m": 8.9, "en_bosque_osm": true, "copa_separada": true}}, {"type": "Feature", "geometry": {"type": "Point", "coordinates": [-79.5752554, 9.0024533]}, "properties": {"altura_m": 6, "diametro_copa_m": 8.9, "en_bosque_osm": false, "copa_separada": true}}, {"type": "Feature", "geometry": {"type": "Point", "coordinates": [-79.5782059, 9.0038627]}, "properties": {"altura_m": 6, "diametro_copa_m": 8.9, "en_bosque_osm": false, "copa_separada": true}}, {"type": "Feature", "geometry": {"type": "Point", "coordinates": [-79.5889776, 8.998257]}, "properties": {"altura_m": 6, "diametro_copa_m": 8.9, "en_bosque_osm": true, "copa_separada": true}}, {"type": "Feature", "geometry": {"type": "Point", "coordinates": [-79.5811885, 8.9970808]}, "properties": {"altura_m": 6, "diametro_copa_m": 8.0, "en_bosque_osm": false, "copa_separada": true}}, {"type": "Feature", "geometry": {"type": "Point", "coordinates": [-79.5865744, 8.994919]}, "properties": {"altura_m": 6, "diametro_copa_m": 8.9, "en_bosque_osm": true, "copa_separada": true}}, {"type": "Feature", "geometry": {"type": "Point", "coordinates": [-79.5757704, 8.9918565]}, "properties": {"altura_m": 6, "diametro_copa_m": 8.9, "en_bosque_osm": false, "copa_separada": true}}, {"type": "Feature", "geometry": {"type": "Point", "coordinates": [-79.5824867, 8.9974411]}, "properties": {"altura_m": 6, "diametro_copa_m": 8.9, "en_bosque_osm": false, "copa_separada": true}}, {"type": "Feature", "geometry": {"type": "Point", "coordinates": [-79.5852976, 9.0004082]}, "properties": {"altura_m": 6, "diametro_copa_m": 7.4, "en_bosque_osm": false, "copa_separada": true}}, {"type": "Feature", "geometry": {"type": "Point", "coordinates": [-79.5776802, 8.9940607]}, "properties": {"altura_m": 6, "diametro_copa_m": 8.9, "en_bosque_osm": true, "copa_separada": true}}, {"type": "Feature", "geometry": {"type": "Point", "coordinates": [-79.5755773, 8.9963284]}, "properties": {"altura_m": 6, "diametro_copa_m": 8.9, "en_bosque_osm": true, "copa_separada": true}}, {"type": "Feature", "geometry": {"type": "Point", "coordinates": [-79.5778518, 9.0018069]}, "properties": {"altura_m": 8, "diametro_copa_m": 5.3, "en_bosque_osm": false, "copa_separada": true}}, {"type": "Feature", "geometry": {"type": "Point", "coordinates": [-79.5794397, 9.004668]}, "properties": {"altura_m": 6, "diametro_copa_m": 8.9, "en_bosque_osm": false, "copa_separada": true}}, {"type": "Feature", "geometry": {"type": "Point", "coordinates": [-79.5759206, 8.9983842]}, "properties": {"altura_m": 6, "diametro_copa_m": 8.9, "en_bosque_osm": true, "copa_separada": true}}, {"type": "Feature", "geometry": {"type": "Point", "coordinates": [-79.5801049, 8.9929162]}, "properties": {"altura_m": 6, "diametro_copa_m": 8.9, "en_bosque_osm": false, "copa_separada": true}}, {"type": "Feature", "geometry": {"type": "Point", "coordinates": [-79.5899754, 9.002909]}, "properties": {"altura_m": 6, "diametro_copa_m": 8.9, "en_bosque_osm": true, "copa_separada": true}}, {"type": "Feature", "geometry": {"type": "Point", "coordinates": [-79.5766287, 8.9964661]}, "properties": {"altura_m": 6, "diametro_copa_m": 8.1, "en_bosque_osm": true, "copa_separada": false}}, {"type": "Feature", "geometry": {"type": "Point", "coordinates": [-79.5802229, 9.0051237]}, "properties": {"altura_m": 6, "diametro_copa_m": 8.9, "en_bosque_osm": false, "copa_separada": true}}, {"type": "Feature", "geometry": {"type": "Point", "coordinates": [-79.5891707, 8.9986173]}, "properties": {"altura_m": 6, "diametro_copa_m": 8.9, "en_bosque_osm": true, "copa_separada": true}}, {"type": "Feature", "geometry": {"type": "Point", "coordinates": [-79.5748263, 8.9940818]}, "properties": {"altura_m": 6, "diametro_copa_m": 8.9, "en_bosque_osm": false, "copa_separada": true}}, {"type": "Feature", "geometry": {"type": "Point", "coordinates": [-79.5771544, 8.9964767]}, "properties": {"altura_m": 6, "diametro_copa_m": 8.9, "en_bosque_osm": true, "copa_separada": true}}, {"type": "Feature", "geometry": {"type": "Point", "coordinates": [-79.5777231, 8.992185]}, "properties": {"altura_m": 6, "diametro_copa_m": 8.9, "en_bosque_osm": false, "copa_separada": true}}, {"type": "Feature", "geometry": {"type": "Point", "coordinates": [-79.581049, 8.9944315]}, "properties": {"altura_m": 6, "diametro_copa_m": 8.9, "en_bosque_osm": false, "copa_separada": true}}, {"type": "Feature", "geometry": {"type": "Point", "coordinates": [-79.5790642, 9.0053886]}, "properties": {"altura_m": 6, "diametro_copa_m": 8.9, "en_bosque_osm": false, "copa_separada": true}}, {"type": "Feature", "geometry": {"type": "Point", "coordinates": [-79.5736676, 8.9941242]}, "properties": {"altura_m": 6, "diametro_copa_m": 8.9, "en_bosque_osm": true, "copa_separada": true}}, {"type": "Feature", "geometry": {"type": "Point", "coordinates": [-79.588527, 8.998416]}, "properties": {"altura_m": 6, "diametro_copa_m": 8.9, "en_bosque_osm": true, "copa_separada": true}}, {"type": "Feature", "geometry": {"type": "Point", "coordinates": [-79.5802873, 8.9923333]}, "properties": {"altura_m": 6, "diametro_copa_m": 8.9, "en_bosque_osm": false, "copa_separada": true}}, {"type": "Feature", "geometry": {"type": "Point", "coordinates": [-79.5816069, 8.9967205]}, "properties": {"altura_m": 6, "diametro_copa_m": 8.9, "en_bosque_osm": false, "copa_separada": true}}, {"type": "Feature", "geometry": {"type": "Point", "coordinates": [-79.5865422, 8.9971655]}, "properties": {"altura_m": 6, "diametro_copa_m": 8.9, "en_bosque_osm": true, "copa_separada": true}}, {"type": "Feature", "geometry": {"type": "Point", "coordinates": [-79.5766716, 8.9964555]}, "properties": {"altura_m": 6, "diametro_copa_m": 8.1, "en_bosque_osm": true, "copa_separada": false}}, {"type": "Feature", "geometry": {"type": "Point", "coordinates": [-79.5788603, 8.9918247]}, "properties": {"altura_m": 6, "diametro_copa_m": 8.9, "en_bosque_osm": true, "copa_separada": true}}, {"type": "Feature", "geometry": {"type": "Point", "coordinates": [-79.5789569, 8.9983206]}, "properties": {"altura_m": 6, "diametro_copa_m": 8.9, "en_bosque_osm": false, "copa_separada": true}}, {"type": "Feature", "geometry": {"type": "Point", "coordinates": [-79.5821326, 9.0009486]}, "properties": {"altura_m": 6, "diametro_copa_m": 8.5, "en_bosque_osm": false, "copa_separada": true}}, {"type": "Feature", "geometry": {"type": "Point", "coordinates": [-79.5781093, 8.9940924]}, "properties": {"altura_m": 6, "diametro_copa_m": 8.9, "en_bosque_osm": true, "copa_separada": true}}, {"type": "Feature", "geometry": {"type": "Point", "coordinates": [-79.5846002, 8.9926195]}, "properties": {"altura_m": 6, "diametro_copa_m": 8.9, "en_bosque_osm": false, "copa_separada": true}}, {"type": "Feature", "geometry": {"type": "Point", "coordinates": [-79.5756417, 8.9965297]}, "properties": {"altura_m": 6, "diametro_copa_m": 8.9, "en_bosque_osm": true, "copa_separada": true}}, {"type": "Feature", "geometry": {"type": "Point", "coordinates": [-79.5795792, 8.9997617]}, "properties": {"altura_m": 6, "diametro_copa_m": 8.9, "en_bosque_osm": false, "copa_separada": true}}, {"type": "Feature", "geometry": {"type": "Point", "coordinates": [-79.5869606, 9.0002386]}, "properties": {"altura_m": 6, "diametro_copa_m": 8.9, "en_bosque_osm": false, "copa_separada": false}}, {"type": "Feature", "geometry": {"type": "Point", "coordinates": [-79.5802658, 8.992683]}, "properties": {"altura_m": 6, "diametro_copa_m": 8.9, "en_bosque_osm": false, "copa_separada": true}}, {"type": "Feature", "geometry": {"type": "Point", "coordinates": [-79.5805984, 9.0034918]}, "properties": {"altura_m": 6, "diametro_copa_m": 8.9, "en_bosque_osm": false, "copa_separada": true}}, {"type": "Feature", "geometry": {"type": "Point", "coordinates": [-79.5846539, 8.9925135]}, "properties": {"altura_m": 6, "diametro_copa_m": 8.9, "en_bosque_osm": false, "copa_separada": true}}, {"type": "Feature", "geometry": {"type": "Point", "coordinates": [-79.5778196, 9.0030891]}, "properties": {"altura_m": 6, "diametro_copa_m": 8.9, "en_bosque_osm": false, "copa_separada": true}}, {"type": "Feature", "geometry": {"type": "Point", "coordinates": [-79.5824652, 9.00417]}, "properties": {"altura_m": 6, "diametro_copa_m": 8.9, "en_bosque_osm": false, "copa_separada": true}}, {"type": "Feature", "geometry": {"type": "Point", "coordinates": [-79.581328, 8.9975682]}, "properties": {"altura_m": 7, "diametro_copa_m": 6.4, "en_bosque_osm": false, "copa_separada": true}}, {"type": "Feature", "geometry": {"type": "Point", "coordinates": [-79.5858341, 9.0009592]}, "properties": {"altura_m": 6, "diametro_copa_m": 8.5, "en_bosque_osm": false, "copa_separada": false}}, {"type": "Feature", "geometry": {"type": "Point", "coordinates": [-79.5857053, 8.9960105]}, "properties": {"altura_m": 6, "diametro_copa_m": 8.9, "en_bosque_osm": true, "copa_separada": true}}, {"type": "Feature", "geometry": {"type": "Point", "coordinates": [-79.5858126, 9.0009062]}, "properties": {"altura_m": 6, "diametro_copa_m": 8.5, "en_bosque_osm": false, "copa_separada": false}}, {"type": "Feature", "geometry": {"type": "Point", "coordinates": [-79.5758026, 8.996339]}, "properties": {"altura_m": 6, "diametro_copa_m": 8.9, "en_bosque_osm": true, "copa_separada": true}}, {"type": "Feature", "geometry": {"type": "Point", "coordinates": [-79.5827656, 9.0040004]}, "properties": {"altura_m": 6, "diametro_copa_m": 8.9, "en_bosque_osm": false, "copa_separada": true}}, {"type": "Feature", "geometry": {"type": "Point", "coordinates": [-79.587776, 9.001436]}, "properties": {"altura_m": 6, "diametro_copa_m": 8.8, "en_bosque_osm": true, "copa_separada": true}}, {"type": "Feature", "geometry": {"type": "Point", "coordinates": [-79.5762103, 8.9917399]}, "properties": {"altura_m": 6, "diametro_copa_m": 8.9, "en_bosque_osm": false, "copa_separada": true}}, {"type": "Feature", "geometry": {"type": "Point", "coordinates": [-79.5847075, 8.9973669]}, "properties": {"altura_m": 6, "diametro_copa_m": 8.6, "en_bosque_osm": true, "copa_separada": false}}, {"type": "Feature", "geometry": {"type": "Point", "coordinates": [-79.5750516, 8.9985219]}, "properties": {"altura_m": 7, "diametro_copa_m": 6.8, "en_bosque_osm": true, "copa_separada": true}}, {"type": "Feature", "geometry": {"type": "Point", "coordinates": [-79.5743435, 8.9985219]}, "properties": {"altura_m": 6, "diametro_copa_m": 8.4, "en_bosque_osm": true, "copa_separada": false}}, {"type": "Feature", "geometry": {"type": "Point", "coordinates": [-79.5883232, 9.002199]}, "properties": {"altura_m": 6, "diametro_copa_m": 8.9, "en_bosque_osm": true, "copa_separada": true}}, {"type": "Feature", "geometry": {"type": "Point", "coordinates": [-79.5828729, 9.0038521]}, "properties": {"altura_m": 6, "diametro_copa_m": 8.5, "en_bosque_osm": false, "copa_separada": true}}, {"type": "Feature", "geometry": {"type": "Point", "coordinates": [-79.5739358, 8.9984477]}, "properties": {"altura_m": 6, "diametro_copa_m": 8.4, "en_bosque_osm": false, "copa_separada": false}}, {"type": "Feature", "geometry": {"type": "Point", "coordinates": [-79.5791285, 9.0060244]}, "properties": {"altura_m": 6, "diametro_copa_m": 8.9, "en_bosque_osm": false, "copa_separada": true}}, {"type": "Feature", "geometry": {"type": "Point", "coordinates": [-79.5751589, 9.0026123]}, "properties": {"altura_m": 6, "diametro_copa_m": 8.9, "en_bosque_osm": false, "copa_separada": true}}, {"type": "Feature", "geometry": {"type": "Point", "coordinates": [-79.5754915, 9.0019023]}, "properties": {"altura_m": 6, "diametro_copa_m": 8.4, "en_bosque_osm": false, "copa_separada": true}}, {"type": "Feature", "geometry": {"type": "Point", "coordinates": [-79.5859414, 8.9954806]}, "properties": {"altura_m": 6, "diametro_copa_m": 8.9, "en_bosque_osm": true, "copa_separada": true}}, {"type": "Feature", "geometry": {"type": "Point", "coordinates": [-79.5744508, 8.9961588]}, "properties": {"altura_m": 6, "diametro_copa_m": 8.9, "en_bosque_osm": false, "copa_separada": true}}, {"type": "Feature", "geometry": {"type": "Point", "coordinates": [-79.5811348, 9.0044667]}, "properties": {"altura_m": 6, "diametro_copa_m": 8.6, "en_bosque_osm": false, "copa_separada": true}}, {"type": "Feature", "geometry": {"type": "Point", "coordinates": [-79.5794611, 9.00648]}, "properties": {"altura_m": 6, "diametro_copa_m": 8.9, "en_bosque_osm": false, "copa_separada": true}}, {"type": "Feature", "geometry": {"type": "Point", "coordinates": [-79.577015, 8.9966675]}, "properties": {"altura_m": 6, "diametro_copa_m": 8.5, "en_bosque_osm": true, "copa_separada": false}}, {"type": "Feature", "geometry": {"type": "Point", "coordinates": [-79.5770686, 8.9926407]}, "properties": {"altura_m": 6, "diametro_copa_m": 8.9, "en_bosque_osm": false, "copa_separada": true}}, {"type": "Feature", "geometry": {"type": "Point", "coordinates": [-79.5863061, 8.9971337]}, "properties": {"altura_m": 6, "diametro_copa_m": 8.9, "en_bosque_osm": true, "copa_separada": true}}, {"type": "Feature", "geometry": {"type": "Point", "coordinates": [-79.5761996, 9.0014148]}, "properties": {"altura_m": 6, "diametro_copa_m": 8.9, "en_bosque_osm": false, "copa_separada": true}}, {"type": "Feature", "geometry": {"type": "Point", "coordinates": [-79.5855015, 8.9936262]}, "properties": {"altura_m": 6, "diametro_copa_m": 8.3, "en_bosque_osm": true, "copa_separada": false}}, {"type": "Feature", "geometry": {"type": "Point", "coordinates": [-79.5781629, 9.0036825]}, "properties": {"altura_m": 6, "diametro_copa_m": 8.9, "en_bosque_osm": false, "copa_separada": true}}, {"type": "Feature", "geometry": {"type": "Point", "coordinates": [-79.5817893, 8.9976106]}, "properties": {"altura_m": 6, "diametro_copa_m": 8.3, "en_bosque_osm": false, "copa_separada": true}}, {"type": "Feature", "geometry": {"type": "Point", "coordinates": [-79.5826047, 9.004223]}, "properties": {"altura_m": 6, "diametro_copa_m": 8.9, "en_bosque_osm": false, "copa_separada": true}}, {"type": "Feature", "geometry": {"type": "Point", "coordinates": [-79.5775621, 9.0041382]}, "properties": {"altura_m": 6, "diametro_copa_m": 8.9, "en_bosque_osm": false, "copa_separada": true}}, {"type": "Feature", "geometry": {"type": "Point", "coordinates": [-79.5797401, 9.0054522]}, "properties": {"altura_m": 6, "diametro_copa_m": 7.6, "en_bosque_osm": false, "copa_separada": true}}, {"type": "Feature", "geometry": {"type": "Point", "coordinates": [-79.582315, 8.9929904]}, "properties": {"altura_m": 6, "diametro_copa_m": 8.7, "en_bosque_osm": true, "copa_separada": false}}, {"type": "Feature", "geometry": {"type": "Point", "coordinates": [-79.5778089, 9.0039686]}, "properties": {"altura_m": 6, "diametro_copa_m": 8.9, "en_bosque_osm": false, "copa_separada": true}}, {"type": "Feature", "geometry": {"type": "Point", "coordinates": [-79.5816176, 9.0034918]}, "properties": {"altura_m": 6, "diametro_copa_m": 8.8, "en_bosque_osm": false, "copa_separada": true}}, {"type": "Feature", "geometry": {"type": "Point", "coordinates": [-79.5895355, 9.0046786]}, "properties": {"altura_m": 6, "diametro_copa_m": 8.9, "en_bosque_osm": false, "copa_separada": true}}, {"type": "Feature", "geometry": {"type": "Point", "coordinates": [-79.5820575, 8.9927148]}, "properties": {"altura_m": 6, "diametro_copa_m": 8.7, "en_bosque_osm": true, "copa_separada": true}}, {"type": "Feature", "geometry": {"type": "Point", "coordinates": [-79.5799332, 9.0061091]}, "properties": {"altura_m": 6, "diametro_copa_m": 8.9, "en_bosque_osm": false, "copa_separada": true}}, {"type": "Feature", "geometry": {"type": "Point", "coordinates": [-79.5782059, 8.9987551]}, "properties": {"altura_m": 6, "diametro_copa_m": 8.9, "en_bosque_osm": false, "copa_separada": true}}, {"type": "Feature", "geometry": {"type": "Point", "coordinates": [-79.5831411, 8.9942832]}, "properties": {"altura_m": 6, "diametro_copa_m": 8.9, "en_bosque_osm": true, "copa_separada": true}}, {"type": "Feature", "geometry": {"type": "Point", "coordinates": [-79.5768648, 8.997706]}, "properties": {"altura_m": 7, "diametro_copa_m": 6.7, "en_bosque_osm": true, "copa_separada": false}}, {"type": "Feature", "geometry": {"type": "Point", "coordinates": [-79.575588, 8.9920684]}, "properties": {"altura_m": 6, "diametro_copa_m": 8.9, "en_bosque_osm": true, "copa_separada": true}}, {"type": "Feature", "geometry": {"type": "Point", "coordinates": [-79.5793109, 8.9986597]}, "properties": {"altura_m": 6, "diametro_copa_m": 8.4, "en_bosque_osm": false, "copa_separada": true}}, {"type": "Feature", "geometry": {"type": "Point", "coordinates": [-79.5773154, 8.995523]}, "properties": {"altura_m": 6, "diametro_copa_m": 8.9, "en_bosque_osm": true, "copa_separada": true}}, {"type": "Feature", "geometry": {"type": "Point", "coordinates": [-79.576972, 9.0021672]}, "properties": {"altura_m": 6, "diametro_copa_m": 8.9, "en_bosque_osm": false, "copa_separada": true}}, {"type": "Feature", "geometry": {"type": "Point", "coordinates": [-79.5895033, 9.0049965]}, "properties": {"altura_m": 6, "diametro_copa_m": 8.9, "en_bosque_osm": false, "copa_separada": true}}, {"type": "Feature", "geometry": {"type": "Point", "coordinates": [-79.5743435, 8.9927466]}, "properties": {"altura_m": 6, "diametro_copa_m": 8.9, "en_bosque_osm": true, "copa_separada": true}}, {"type": "Feature", "geometry": {"type": "Point", "coordinates": [-79.5795899, 8.9942196]}, "properties": {"altura_m": 6, "diametro_copa_m": 8.9, "en_bosque_osm": true, "copa_separada": true}}, {"type": "Feature", "geometry": {"type": "Point", "coordinates": [-79.5813387, 9.0038839]}, "properties": {"altura_m": 6, "diametro_copa_m": 8.2, "en_bosque_osm": false, "copa_separada": true}}, {"type": "Feature", "geometry": {"type": "Point", "coordinates": [-79.5821541, 9.0054098]}, "properties": {"altura_m": 6, "diametro_copa_m": 8.6, "en_bosque_osm": false, "copa_separada": true}}, {"type": "Feature", "geometry": {"type": "Point", "coordinates": [-79.5746868, 8.9993803]}, "properties": {"altura_m": 6, "diametro_copa_m": 8.7, "en_bosque_osm": true, "copa_separada": true}}, {"type": "Feature", "geometry": {"type": "Point", "coordinates": [-79.5772832, 8.9941348]}, "properties": {"altura_m": 6, "diametro_copa_m": 8.9, "en_bosque_osm": true, "copa_separada": true}}, {"type": "Feature", "geometry": {"type": "Point", "coordinates": [-79.5808559, 8.9928102]}, "properties": {"altura_m": 6, "diametro_copa_m": 8.9, "en_bosque_osm": false, "copa_separada": true}}, {"type": "Feature", "geometry": {"type": "Point", "coordinates": [-79.5739572, 9.0005565]}, "properties": {"altura_m": 6, "diametro_copa_m": 8.6, "en_bosque_osm": true, "copa_separada": true}}, {"type": "Feature", "geometry": {"type": "Point", "coordinates": [-79.5792358, 8.9982464]}, "properties": {"altura_m": 6, "diametro_copa_m": 8.4, "en_bosque_osm": false, "copa_separada": true}}, {"type": "Feature", "geometry": {"type": "Point", "coordinates": [-79.5896428, 8.9928844]}, "properties": {"altura_m": 6, "diametro_copa_m": 7.8, "en_bosque_osm": false, "copa_separada": true}}, {"type": "Feature", "geometry": {"type": "Point", "coordinates": [-79.5738607, 8.9969006]}, "properties": {"altura_m": 6, "diametro_copa_m": 8.9, "en_bosque_osm": false, "copa_separada": true}}, {"type": "Feature", "geometry": {"type": "Point", "coordinates": [-79.573571, 8.9917399]}, "properties": {"altura_m": 7, "diametro_copa_m": 5.2, "en_bosque_osm": false, "copa_separada": true}}, {"type": "Feature", "geometry": {"type": "Point", "coordinates": [-79.5758348, 8.9936262]}, "properties": {"altura_m": 6, "diametro_copa_m": 8.6, "en_bosque_osm": false, "copa_separada": true}}, {"type": "Feature", "geometry": {"type": "Point", "coordinates": [-79.5815533, 8.9975576]}, "properties": {"altura_m": 6, "diametro_copa_m": 8.3, "en_bosque_osm": false, "copa_separada": false}}, {"type": "Feature", "geometry": {"type": "Point", "coordinates": [-79.5749658, 9.0002704]}, "properties": {"altura_m": 6, "diametro_copa_m": 8.7, "en_bosque_osm": true, "copa_separada": false}}, {"type": "Feature", "geometry": {"type": "Point", "coordinates": [-79.5741289, 8.9926195]}, "properties": {"altura_m": 6, "diametro_copa_m": 8.7, "en_bosque_osm": true, "copa_separada": true}}, {"type": "Feature", "geometry": {"type": "Point", "coordinates": [-79.5738821, 8.9995498]}, "properties": {"altura_m": 6, "diametro_copa_m": 8.9, "en_bosque_osm": true, "copa_separada": true}}, {"type": "Feature", "geometry": {"type": "Point", "coordinates": [-79.5830446, 9.0033752]}, "properties": {"altura_m": 6, "diametro_copa_m": 7.0, "en_bosque_osm": false, "copa_separada": true}}, {"type": "Feature", "geometry": {"type": "Point", "coordinates": [-79.5755666, 9.0015208]}, "properties": {"altura_m": 6, "diametro_copa_m": 6.9, "en_bosque_osm": false, "copa_separada": true}}, {"type": "Feature", "geometry": {"type": "Point", "coordinates": [-79.5799547, 9.0051872]}, "properties": {"altura_m": 6, "diametro_copa_m": 8.5, "en_bosque_osm": false, "copa_separada": true}}, {"type": "Feature", "geometry": {"type": "Point", "coordinates": [-79.5823579, 8.9961376]}, "properties": {"altura_m": 6, "diametro_copa_m": 8.7, "en_bosque_osm": false, "copa_separada": true}}, {"type": "Feature", "geometry": {"type": "Point", "coordinates": [-79.5867567, 9.003407]}, "properties": {"altura_m": 7, "diametro_copa_m": 6.2, "en_bosque_osm": false, "copa_separada": false}}, {"type": "Feature", "geometry": {"type": "Point", "coordinates": [-79.5768862, 8.9999525]}, "properties": {"altura_m": 6, "diametro_copa_m": 6.8, "en_bosque_osm": false, "copa_separada": true}}, {"type": "Feature", "geometry": {"type": "Point", "coordinates": [-79.5785599, 9.003407]}, "properties": {"altura_m": 6, "diametro_copa_m": 8.2, "en_bosque_osm": false, "copa_separada": true}}, {"type": "Feature", "geometry": {"type": "Point", "coordinates": [-79.5778518, 8.9925559]}, "properties": {"altura_m": 6, "diametro_copa_m": 8.9, "en_bosque_osm": false, "copa_separada": true}}, {"type": "Feature", "geometry": {"type": "Point", "coordinates": [-79.5760065, 9.0010863]}, "properties": {"altura_m": 6, "diametro_copa_m": 8.7, "en_bosque_osm": false, "copa_separada": true}}, {"type": "Feature", "geometry": {"type": "Point", "coordinates": [-79.5758455, 9.0021566]}, "properties": {"altura_m": 6, "diametro_copa_m": 8.8, "en_bosque_osm": false, "copa_separada": true}}, {"type": "Feature", "geometry": {"type": "Point", "coordinates": [-79.5783132, 9.0072218]}, "properties": {"altura_m": 6, "diametro_copa_m": 8.7, "en_bosque_osm": false, "copa_separada": true}}, {"type": "Feature", "geometry": {"type": "Point", "coordinates": [-79.5803838, 9.0056641]}, "properties": {"altura_m": 6, "diametro_copa_m": 8.9, "en_bosque_osm": false, "copa_separada": true}}, {"type": "Feature", "geometry": {"type": "Point", "coordinates": [-79.5770364, 8.9966145]}, "properties": {"altura_m": 6, "diametro_copa_m": 8.3, "en_bosque_osm": true, "copa_separada": false}}, {"type": "Feature", "geometry": {"type": "Point", "coordinates": [-79.5893746, 8.9998359]}, "properties": {"altura_m": 6, "diametro_copa_m": 8.9, "en_bosque_osm": false, "copa_separada": true}}, {"type": "Feature", "geometry": {"type": "Point", "coordinates": [-79.5830231, 8.9990412]}, "properties": {"altura_m": 6, "diametro_copa_m": 8.9, "en_bosque_osm": false, "copa_separada": true}}, {"type": "Feature", "geometry": {"type": "Point", "coordinates": [-79.583699, 8.9948342]}, "properties": {"altura_m": 6, "diametro_copa_m": 7.9, "en_bosque_osm": true, "copa_separada": true}}, {"type": "Feature", "geometry": {"type": "Point", "coordinates": [-79.5772832, 8.9970596]}, "properties": {"altura_m": 6, "diametro_copa_m": 8.0, "en_bosque_osm": true, "copa_separada": true}}, {"type": "Feature", "geometry": {"type": "Point", "coordinates": [-79.5788389, 8.9965297]}, "properties": {"altura_m": 6, "diametro_copa_m": 8.9, "en_bosque_osm": true, "copa_separada": true}}, {"type": "Feature", "geometry": {"type": "Point", "coordinates": [-79.5744186, 8.9959681]}, "properties": {"altura_m": 6, "diametro_copa_m": 8.9, "en_bosque_osm": false, "copa_separada": false}}, {"type": "Feature", "geometry": {"type": "Point", "coordinates": [-79.5818, 8.9970384]}, "properties": {"altura_m": 6, "diametro_copa_m": 7.5, "en_bosque_osm": false, "copa_separada": false}}, {"type": "Feature", "geometry": {"type": "Point", "coordinates": [-79.5769184, 8.9965297]}, "properties": {"altura_m": 6, "diametro_copa_m": 8.1, "en_bosque_osm": true, "copa_separada": false}}, {"type": "Feature", "geometry": {"type": "Point", "coordinates": [-79.5779913, 8.9985749]}, "properties": {"altura_m": 6, "diametro_copa_m": 7.5, "en_bosque_osm": false, "copa_separada": false}}, {"type": "Feature", "geometry": {"type": "Point", "coordinates": [-79.5891385, 8.9960211]}, "properties": {"altura_m": 6, "diametro_copa_m": 8.0, "en_bosque_osm": false, "copa_separada": true}}, {"type": "Feature", "geometry": {"type": "Point", "coordinates": [-79.5807808, 9.003407]}, "properties": {"altura_m": 6, "diametro_copa_m": 8.1, "en_bosque_osm": false, "copa_separada": true}}, {"type": "Feature", "geometry": {"type": "Point", "coordinates": [-79.5866709, 9.0034388]}, "properties": {"altura_m": 7, "diametro_copa_m": 5.2, "en_bosque_osm": false, "copa_separada": true}}, {"type": "Feature", "geometry": {"type": "Point", "coordinates": [-79.5762854, 8.9926725]}, "properties": {"altura_m": 6, "diametro_copa_m": 8.1, "en_bosque_osm": false, "copa_separada": true}}, {"type": "Feature", "geometry": {"type": "Point", "coordinates": [-79.5768218, 8.9976636]}, "properties": {"altura_m": 7, "diametro_copa_m": 6.0, "en_bosque_osm": true, "copa_separada": false}}, {"type": "Feature", "geometry": {"type": "Point", "coordinates": [-79.5827549, 8.9981722]}, "properties": {"altura_m": 6, "diametro_copa_m": 7.8, "en_bosque_osm": false, "copa_separada": true}}, {"type": "Feature", "geometry": {"type": "Point", "coordinates": [-79.5823257, 9.0042547]}, "properties": {"altura_m": 6, "diametro_copa_m": 4.0, "en_bosque_osm": false, "copa_separada": true}}, {"type": "Feature", "geometry": {"type": "Point", "coordinates": [-79.5858984, 8.9942938]}, "properties": {"altura_m": 6, "diametro_copa_m": 8.1, "en_bosque_osm": true, "copa_separada": true}}, {"type": "Feature", "geometry": {"type": "Point", "coordinates": [-79.581961, 8.9956502]}, "properties": {"altura_m": 6, "diametro_copa_m": 7.4, "en_bosque_osm": false, "copa_separada": true}}, {"type": "Feature", "geometry": {"type": "Point", "coordinates": [-79.57385, 8.9983524]}, "properties": {"altura_m": 6, "diametro_copa_m": 8.1, "en_bosque_osm": false, "copa_separada": true}}, {"type": "Feature", "geometry": {"type": "Point", "coordinates": [-79.5868318, 9.005982]}, "properties": {"altura_m": 6, "diametro_copa_m": 7.0, "en_bosque_osm": false, "copa_separada": true}}, {"type": "Feature", "geometry": {"type": "Point", "coordinates": [-79.5880227, 9.0054416]}, "properties": {"altura_m": 7, "diametro_copa_m": 5.2, "en_bosque_osm": false, "copa_separada": true}}, {"type": "Feature", "geometry": {"type": "Point", "coordinates": [-79.5771437, 8.9925665]}, "properties": {"altura_m": 6, "diametro_copa_m": 8.1, "en_bosque_osm": false, "copa_separada": true}}, {"type": "Feature", "geometry": {"type": "Point", "coordinates": [-79.5766502, 8.9996346]}, "properties": {"altura_m": 6, "diametro_copa_m": 6.2, "en_bosque_osm": false, "copa_separada": true}}, {"type": "Feature", "geometry": {"type": "Point", "coordinates": [-79.5807593, 9.0048058]}, "properties": {"altura_m": 6, "diametro_copa_m": 8.0, "en_bosque_osm": false, "copa_separada": true}}, {"type": "Feature", "geometry": {"type": "Point", "coordinates": [-79.5767789, 8.9962966]}, "properties": {"altura_m": 6, "diametro_copa_m": 7.9, "en_bosque_osm": true, "copa_separada": true}}, {"type": "Feature", "geometry": {"type": "Point", "coordinates": [-79.5875936, 9.0006943]}, "properties": {"altura_m": 6, "diametro_copa_m": 7.4, "en_bosque_osm": true, "copa_separada": true}}, {"type": "Feature", "geometry": {"type": "Point", "coordinates": [-79.5838492, 8.9957668]}, "properties": {"altura_m": 6, "diametro_copa_m": 7.4, "en_bosque_osm": false, "copa_separada": true}}, {"type": "Feature", "geometry": {"type": "Point", "coordinates": [-79.5898574, 8.9940077]}, "properties": {"altura_m": 6, "diametro_copa_m": 7.5, "en_bosque_osm": false, "copa_separada": true}}, {"type": "Feature", "geometry": {"type": "Point", "coordinates": [-79.5788067, 9.002305]}, "properties": {"altura_m": 6, "diametro_copa_m": 6.0, "en_bosque_osm": false, "copa_separada": true}}, {"type": "Feature", "geometry": {"type": "Point", "coordinates": [-79.5767682, 8.999518]}, "properties": {"altura_m": 6, "diametro_copa_m": 6.5, "en_bosque_osm": false, "copa_separada": true}}, {"type": "Feature", "geometry": {"type": "Point", "coordinates": [-79.5779376, 8.9986279]}, "properties": {"altura_m": 6, "diametro_copa_m": 6.9, "en_bosque_osm": false, "copa_separada": false}}, {"type": "Feature", "geometry": {"type": "Point", "coordinates": [-79.5767897, 9.0004399]}, "properties": {"altura_m": 6, "diametro_copa_m": 7.3, "en_bosque_osm": false, "copa_separada": false}}, {"type": "Feature", "geometry": {"type": "Point", "coordinates": [-79.5818537, 8.9955124]}, "properties": {"altura_m": 6, "diametro_copa_m": 7.9, "en_bosque_osm": false, "copa_separada": true}}, {"type": "Feature", "geometry": {"type": "Point", "coordinates": [-79.587025, 9.000228]}, "properties": {"altura_m": 6, "diametro_copa_m": 7.6, "en_bosque_osm": false, "copa_separada": false}}, {"type": "Feature", "geometry": {"type": "Point", "coordinates": [-79.5743864, 8.9984689]}, "properties": {"altura_m": 6, "diametro_copa_m": 7.6, "en_bosque_osm": true, "copa_separada": false}}, {"type": "Feature", "geometry": {"type": "Point", "coordinates": [-79.5781308, 8.9951627]}, "properties": {"altura_m": 6, "diametro_copa_m": 5.8, "en_bosque_osm": true, "copa_separada": true}}, {"type": "Feature", "geometry": {"type": "Point", "coordinates": [-79.5890849, 8.9946965]}, "properties": {"altura_m": 6, "diametro_copa_m": 7.2, "en_bosque_osm": false, "copa_separada": true}}, {"type": "Feature", "geometry": {"type": "Point", "coordinates": [-79.5735066, 8.9995604]}, "properties": {"altura_m": 6, "diametro_copa_m": 8.1, "en_bosque_osm": true, "copa_separada": true}}, {"type": "Feature", "geometry": {"type": "Point", "coordinates": [-79.5773905, 8.9945587]}, "properties": {"altura_m": 6, "diametro_copa_m": 8.1, "en_bosque_osm": true, "copa_separada": true}}, {"type": "Feature", "geometry": {"type": "Point", "coordinates": [-79.5743542, 8.9983312]}, "properties": {"altura_m": 6, "diametro_copa_m": 8.1, "en_bosque_osm": false, "copa_separada": true}}, {"type": "Feature", "geometry": {"type": "Point", "coordinates": [-79.5818966, 8.9977378]}, "properties": {"altura_m": 6, "diametro_copa_m": 6.1, "en_bosque_osm": false, "copa_separada": true}}, {"type": "Feature", "geometry": {"type": "Point", "coordinates": [-79.5823579, 8.9972609]}, "properties": {"altura_m": 6, "diametro_copa_m": 8.1, "en_bosque_osm": false, "copa_separada": true}}, {"type": "Feature", "geometry": {"type": "Point", "coordinates": [-79.5778625, 9.0044243]}, "properties": {"altura_m": 6, "diametro_copa_m": 7.8, "en_bosque_osm": false, "copa_separada": true}}, {"type": "Feature", "geometry": {"type": "Point", "coordinates": [-79.5847612, 9.002252]}, "properties": {"altura_m": 6, "diametro_copa_m": 6.0, "en_bosque_osm": false, "copa_separada": true}}, {"type": "Feature", "geometry": {"type": "Point", "coordinates": [-79.5791393, 8.9972397]}, "properties": {"altura_m": 6, "diametro_copa_m": 6.8, "en_bosque_osm": false, "copa_separada": false}}, {"type": "Feature", "geometry": {"type": "Point", "coordinates": [-79.5760172, 9.0007049]}, "properties": {"altura_m": 6, "diametro_copa_m": 7.9, "en_bosque_osm": false, "copa_separada": true}}, {"type": "Feature", "geometry": {"type": "Point", "coordinates": [-79.5763069, 9.0021248]}, "properties": {"altura_m": 6, "diametro_copa_m": 8.1, "en_bosque_osm": false, "copa_separada": true}}, {"type": "Feature", "geometry": {"type": "Point", "coordinates": [-79.5770471, 8.9976636]}, "properties": {"altura_m": 7, "diametro_copa_m": 5.5, "en_bosque_osm": true, "copa_separada": true}}, {"type": "Feature", "geometry": {"type": "Point", "coordinates": [-79.5760065, 8.9984266]}, "properties": {"altura_m": 6, "diametro_copa_m": 7.5, "en_bosque_osm": true, "copa_separada": true}}, {"type": "Feature", "geometry": {"type": "Point", "coordinates": [-79.5761781, 8.9989988]}, "properties": {"altura_m": 6, "diametro_copa_m": 7.4, "en_bosque_osm": true, "copa_separada": true}}, {"type": "Feature", "geometry": {"type": "Point", "coordinates": [-79.5790642, 8.9937427]}, "properties": {"altura_m": 6, "diametro_copa_m": 7.8, "en_bosque_osm": true, "copa_separada": true}}, {"type": "Feature", "geometry": {"type": "Point", "coordinates": [-79.5847719, 8.9929692]}, "properties": {"altura_m": 6, "diametro_copa_m": 8.1, "en_bosque_osm": true, "copa_separada": true}}, {"type": "Feature", "geometry": {"type": "Point", "coordinates": [-79.5771223, 9.0024427]}, "properties": {"altura_m": 6, "diametro_copa_m": 7.3, "en_bosque_osm": false, "copa_separada": true}}, {"type": "Feature", "geometry": {"type": "Point", "coordinates": [-79.5846432, 8.9973139]}, "properties": {"altura_m": 6, "diametro_copa_m": 7.8, "en_bosque_osm": true, "copa_separada": false}}, {"type": "Feature", "geometry": {"type": "Point", "coordinates": [-79.5742147, 8.998363]}, "properties": {"altura_m": 6, "diametro_copa_m": 7.8, "en_bosque_osm": false, "copa_separada": true}}, {"type": "Feature", "geometry": {"type": "Point", "coordinates": [-79.5745366, 8.9961694]}, "properties": {"altura_m": 6, "diametro_copa_m": 8.1, "en_bosque_osm": false, "copa_separada": true}}, {"type": "Feature", "geometry": {"type": "Point", "coordinates": [-79.5772832, 8.9940501]}, "properties": {"altura_m": 6, "diametro_copa_m": 8.1, "en_bosque_osm": true, "copa_separada": true}}, {"type": "Feature", "geometry": {"type": "Point", "coordinates": [-79.5779806, 8.9952899]}, "properties": {"altura_m": 6, "diametro_copa_m": 7.0, "en_bosque_osm": true, "copa_separada": true}}, {"type": "Feature", "geometry": {"type": "Point", "coordinates": [-79.5798688, 8.9923333]}, "properties": {"altura_m": 6, "diametro_copa_m": 6.7, "en_bosque_osm": false, "copa_separada": true}}, {"type": "Feature", "geometry": {"type": "Point", "coordinates": [-79.5785385, 8.9973457]}, "properties": {"altura_m": 6, "diametro_copa_m": 5.8, "en_bosque_osm": false, "copa_separada": true}}, {"type": "Feature", "geometry": {"type": "Point", "coordinates": [-79.5772939, 8.9994332]}, "properties": {"altura_m": 6, "diametro_copa_m": 3.8, "en_bosque_osm": false, "copa_separada": true}}, {"type": "Feature", "geometry": {"type": "Point", "coordinates": [-79.5824438, 8.998808]}, "properties": {"altura_m": 6, "diametro_copa_m": 5.6, "en_bosque_osm": false, "copa_separada": true}}, {"type": "Feature", "geometry": {"type": "Point", "coordinates": [-79.5769291, 8.996339]}, "properties": {"altura_m": 6, "diametro_copa_m": 7.6, "en_bosque_osm": true, "copa_separada": true}}, {"type": "Feature", "geometry": {"type": "Point", "coordinates": [-79.5823901, 8.9997512]}, "properties": {"altura_m": 6, "diametro_copa_m": 4.6, "en_bosque_osm": false, "copa_separada": true}}, {"type": "Feature", "geometry": {"type": "Point", "coordinates": [-79.5827763, 8.9932341]}, "properties": {"altura_m": 6, "diametro_copa_m": 8.1, "en_bosque_osm": true, "copa_separada": true}}, {"type": "Feature", "geometry": {"type": "Point", "coordinates": [-79.578399, 8.9978755]}, "properties": {"altura_m": 6, "diametro_copa_m": 8.0, "en_bosque_osm": false, "copa_separada": true}}, {"type": "Feature", "geometry": {"type": "Point", "coordinates": [-79.5852118, 8.9991577]}, "properties": {"altura_m": 6, "diametro_copa_m": 6.0, "en_bosque_osm": false, "copa_separada": true}}, {"type": "Feature", "geometry": {"type": "Point", "coordinates": [-79.5767897, 9.0018811]}, "properties": {"altura_m": 6, "diametro_copa_m": 7.6, "en_bosque_osm": false, "copa_separada": true}}, {"type": "Feature", "geometry": {"type": "Point", "coordinates": [-79.5765107, 8.9977696]}, "properties": {"altura_m": 6, "diametro_copa_m": 5.6, "en_bosque_osm": true, "copa_separada": true}}, {"type": "Feature", "geometry": {"type": "Point", "coordinates": [-79.5802229, 9.0016162]}, "properties": {"altura_m": 6, "diametro_copa_m": 5.5, "en_bosque_osm": false, "copa_separada": true}}, {"type": "Feature", "geometry": {"type": "Point", "coordinates": [-79.5846324, 8.9923863]}, "properties": {"altura_m": 6, "diametro_copa_m": 7.6, "en_bosque_osm": false, "copa_separada": true}}, {"type": "Feature", "geometry": {"type": "Point", "coordinates": [-79.5791178, 8.9994544]}, "properties": {"altura_m": 5, "diametro_copa_m": 6.8, "en_bosque_osm": false, "copa_separada": false}}, {"type": "Feature", "geometry": {"type": "Point", "coordinates": [-79.5790964, 8.9994438]}, "properties": {"altura_m": 5, "diametro_copa_m": 6.8, "en_bosque_osm": false, "copa_separada": false}}, {"type": "Feature", "geometry": {"type": "Point", "coordinates": [-79.5765644, 8.9966569]}, "properties": {"altura_m": 5, "diametro_copa_m": 8.1, "en_bosque_osm": true, "copa_separada": true}}, {"type": "Feature", "geometry": {"type": "Point", "coordinates": [-79.5758026, 8.9964873]}, "properties": {"altura_m": 5, "diametro_copa_m": 8.1, "en_bosque_osm": true, "copa_separada": true}}, {"type": "Feature", "geometry": {"type": "Point", "coordinates": [-79.573689, 8.9980875]}, "properties": {"altura_m": 5, "diametro_copa_m": 8.1, "en_bosque_osm": false, "copa_separada": true}}, {"type": "Feature", "geometry": {"type": "Point", "coordinates": [-79.5785063, 8.9920366]}, "properties": {"altura_m": 5, "diametro_copa_m": 8.1, "en_bosque_osm": true, "copa_separada": true}}, {"type": "Feature", "geometry": {"type": "Point", "coordinates": [-79.5764141, 8.9965615]}, "properties": {"altura_m": 5, "diametro_copa_m": 8.1, "en_bosque_osm": true, "copa_separada": true}}, {"type": "Feature", "geometry": {"type": "Point", "coordinates": [-79.5769935, 8.9965191]}, "properties": {"altura_m": 5, "diametro_copa_m": 8.1, "en_bosque_osm": true, "copa_separada": false}}, {"type": "Feature", "geometry": {"type": "Point", "coordinates": [-79.5756953, 8.9979391]}, "properties": {"altura_m": 5, "diametro_copa_m": 8.1, "en_bosque_osm": true, "copa_separada": true}}, {"type": "Feature", "geometry": {"type": "Point", "coordinates": [-79.5887845, 8.9956396]}, "properties": {"altura_m": 5, "diametro_copa_m": 8.1, "en_bosque_osm": false, "copa_separada": true}}, {"type": "Feature", "geometry": {"type": "Point", "coordinates": [-79.5874434, 9.0008638]}, "properties": {"altura_m": 5, "diametro_copa_m": 8.1, "en_bosque_osm": true, "copa_separada": true}}, {"type": "Feature", "geometry": {"type": "Point", "coordinates": [-79.5794719, 8.9959575]}, "properties": {"altura_m": 5, "diametro_copa_m": 8.1, "en_bosque_osm": false, "copa_separada": true}}, {"type": "Feature", "geometry": {"type": "Point", "coordinates": [-79.5872825, 9.0006837]}, "properties": {"altura_m": 5, "diametro_copa_m": 8.1, "en_bosque_osm": true, "copa_separada": true}}, {"type": "Feature", "geometry": {"type": "Point", "coordinates": [-79.5811778, 8.9961482]}, "properties": {"altura_m": 5, "diametro_copa_m": 8.1, "en_bosque_osm": false, "copa_separada": true}}, {"type": "Feature", "geometry": {"type": "Point", "coordinates": [-79.5801263, 8.9934884]}, "properties": {"altura_m": 5, "diametro_copa_m": 8.1, "en_bosque_osm": false, "copa_separada": true}}, {"type": "Feature", "geometry": {"type": "Point", "coordinates": [-79.5813923, 8.9961906]}, "properties": {"altura_m": 5, "diametro_copa_m": 5.8, "en_bosque_osm": false, "copa_separada": true}}, {"type": "Feature", "geometry": {"type": "Point", "coordinates": [-79.577487, 8.9937427]}, "properties": {"altura_m": 5, "diametro_copa_m": 8.1, "en_bosque_osm": true, "copa_separada": true}}, {"type": "Feature", "geometry": {"type": "Point", "coordinates": [-79.5827549, 8.9977802]}, "properties": {"altura_m": 5, "diametro_copa_m": 8.1, "en_bosque_osm": false, "copa_separada": true}}, {"type": "Feature", "geometry": {"type": "Point", "coordinates": [-79.5782595, 8.9997723]}, "properties": {"altura_m": 5, "diametro_copa_m": 8.1, "en_bosque_osm": false, "copa_separada": true}}, {"type": "Feature", "geometry": {"type": "Point", "coordinates": [-79.5818322, 8.9916022]}, "properties": {"altura_m": 5, "diametro_copa_m": 8.1, "en_bosque_osm": false, "copa_separada": true}}, {"type": "Feature", "geometry": {"type": "Point", "coordinates": [-79.5878404, 9.0007049]}, "properties": {"altura_m": 5, "diametro_copa_m": 8.1, "en_bosque_osm": false, "copa_separada": true}}, {"type": "Feature", "geometry": {"type": "Point", "coordinates": [-79.574837, 8.9934778]}, "properties": {"altura_m": 5, "diametro_copa_m": 8.1, "en_bosque_osm": false, "copa_separada": true}}, {"type": "Feature", "geometry": {"type": "Point", "coordinates": [-79.5876151, 9.0012559]}, "properties": {"altura_m": 5, "diametro_copa_m": 8.1, "en_bosque_osm": true, "copa_separada": true}}, {"type": "Feature", "geometry": {"type": "Point", "coordinates": [-79.5891385, 8.9974093]}, "properties": {"altura_m": 5, "diametro_copa_m": 8.1, "en_bosque_osm": false, "copa_separada": true}}, {"type": "Feature", "geometry": {"type": "Point", "coordinates": [-79.5801049, 9.0042653]}, "properties": {"altura_m": 5, "diametro_copa_m": 8.1, "en_bosque_osm": false, "copa_separada": true}}, {"type": "Feature", "geometry": {"type": "Point", "coordinates": [-79.5768111, 8.9945375]}, "properties": {"altura_m": 5, "diametro_copa_m": 8.1, "en_bosque_osm": false, "copa_separada": true}}, {"type": "Feature", "geometry": {"type": "Point", "coordinates": [-79.5817678, 8.998363]}, "properties": {"altura_m": 5, "diametro_copa_m": 8.1, "en_bosque_osm": false, "copa_separada": true}}, {"type": "Feature", "geometry": {"type": "Point", "coordinates": [-79.5747512, 8.9935732]}, "properties": {"altura_m": 5, "diametro_copa_m": 8.1, "en_bosque_osm": false, "copa_separada": false}}, {"type": "Feature", "geometry": {"type": "Point", "coordinates": [-79.5818966, 8.9966039]}, "properties": {"altura_m": 5, "diametro_copa_m": 8.1, "en_bosque_osm": false, "copa_separada": true}}, {"type": "Feature", "geometry": {"type": "Point", "coordinates": [-79.5891493, 8.9983418]}, "properties": {"altura_m": 5, "diametro_copa_m": 8.1, "en_bosque_osm": true, "copa_separada": true}}, {"type": "Feature", "geometry": {"type": "Point", "coordinates": [-79.5884626, 8.9982464]}, "properties": {"altura_m": 5, "diametro_copa_m": 8.1, "en_bosque_osm": true, "copa_separada": true}}, {"type": "Feature", "geometry": {"type": "Point", "coordinates": [-79.5814782, 8.9920684]}, "properties": {"altura_m": 5, "diametro_copa_m": 8.1, "en_bosque_osm": true, "copa_separada": true}}, {"type": "Feature", "geometry": {"type": "Point", "coordinates": [-79.5803194, 9.0055369]}, "properties": {"altura_m": 5, "diametro_copa_m": 8.1, "en_bosque_osm": false, "copa_separada": true}}, {"type": "Feature", "geometry": {"type": "Point", "coordinates": [-79.5819824, 9.0032481]}, "properties": {"altura_m": 5, "diametro_copa_m": 8.1, "en_bosque_osm": false, "copa_separada": true}}, {"type": "Feature", "geometry": {"type": "Point", "coordinates": [-79.5876151, 8.9987021]}, "properties": {"altura_m": 5, "diametro_copa_m": 8.1, "en_bosque_osm": false, "copa_separada": false}}, {"type": "Feature", "geometry": {"type": "Point", "coordinates": [-79.5793109, 9.0048164]}, "properties": {"altura_m": 5, "diametro_copa_m": 8.1, "en_bosque_osm": false, "copa_separada": true}}, {"type": "Feature", "geometry": {"type": "Point", "coordinates": [-79.584729, 8.9958621]}, "properties": {"altura_m": 5, "diametro_copa_m": 8.1, "en_bosque_osm": true, "copa_separada": true}}, {"type": "Feature", "geometry": {"type": "Point", "coordinates": [-79.5771008, 8.9966039]}, "properties": {"altura_m": 5, "diametro_copa_m": 7.9, "en_bosque_osm": true, "copa_separada": false}}, {"type": "Feature", "geometry": {"type": "Point", "coordinates": [-79.5830124, 8.9935626]}, "properties": {"altura_m": 5, "diametro_copa_m": 8.1, "en_bosque_osm": true, "copa_separada": true}}, {"type": "Feature", "geometry": {"type": "Point", "coordinates": [-79.5807808, 9.0061091]}, "properties": {"altura_m": 5, "diametro_copa_m": 7.0, "en_bosque_osm": false, "copa_separada": true}}, {"type": "Feature", "geometry": {"type": "Point", "coordinates": [-79.5821541, 9.0014254]}, "properties": {"altura_m": 5, "diametro_copa_m": 8.1, "en_bosque_osm": false, "copa_separada": true}}, {"type": "Feature", "geometry": {"type": "Point", "coordinates": [-79.5765214, 8.992789]}, "properties": {"altura_m": 5, "diametro_copa_m": 8.1, "en_bosque_osm": false, "copa_separada": true}}, {"type": "Feature", "geometry": {"type": "Point", "coordinates": [-79.5845144, 8.9971231]}, "properties": {"altura_m": 5, "diametro_copa_m": 8.1, "en_bosque_osm": true, "copa_separada": true}}, {"type": "Feature", "geometry": {"type": "Point", "coordinates": [-79.5774334, 8.9962966]}, "properties": {"altura_m": 5, "diametro_copa_m": 7.8, "en_bosque_osm": true, "copa_separada": true}}, {"type": "Feature", "geometry": {"type": "Point", "coordinates": [-79.5746546, 9.0029726]}, "properties": {"altura_m": 5, "diametro_copa_m": 7.0, "en_bosque_osm": false, "copa_separada": true}}, {"type": "Feature", "geometry": {"type": "Point", "coordinates": [-79.5761459, 9.0057277]}, "properties": {"altura_m": 5, "diametro_copa_m": 7.2, "en_bosque_osm": false, "copa_separada": true}}, {"type": "Feature", "geometry": {"type": "Point", "coordinates": [-79.5892136, 8.9982888]}, "properties": {"altura_m": 5, "diametro_copa_m": 7.2, "en_bosque_osm": true, "copa_separada": true}}, {"type": "Feature", "geometry": {"type": "Point", "coordinates": [-79.5744186, 8.9982146]}, "properties": {"altura_m": 5, "diametro_copa_m": 7.2, "en_bosque_osm": false, "copa_separada": true}}, {"type": "Feature", "geometry": {"type": "Point", "coordinates": [-79.575985, 8.9971867]}, "properties": {"altura_m": 5, "diametro_copa_m": 7.2, "en_bosque_osm": true, "copa_separada": true}}, {"type": "Feature", "geometry": {"type": "Point", "coordinates": [-79.5876794, 9.0059608]}, "properties": {"altura_m": 5, "diametro_copa_m": 7.2, "en_bosque_osm": false, "copa_separada": true}}, {"type": "Feature", "geometry": {"type": "Point", "coordinates": [-79.5883446, 8.9966357]}, "properties": {"altura_m": 5, "diametro_copa_m": 7.2, "en_bosque_osm": true, "copa_separada": true}}, {"type": "Feature", "geometry": {"type": "Point", "coordinates": [-79.5856731, 8.9958939]}, "properties": {"altura_m": 5, "diametro_copa_m": 7.2, "en_bosque_osm": true, "copa_separada": true}}, {"type": "Feature", "geometry": {"type": "Point", "coordinates": [-79.5784419, 9.0040322]}, "properties": {"altura_m": 5, "diametro_copa_m": 7.2, "en_bosque_osm": false, "copa_separada": true}}, {"type": "Feature", "geometry": {"type": "Point", "coordinates": [-79.5875721, 9.0007896]}, "properties": {"altura_m": 5, "diametro_copa_m": 7.2, "en_bosque_osm": false, "copa_separada": true}}, {"type": "Feature", "geometry": {"type": "Point", "coordinates": [-79.5808988, 9.0060456]}, "properties": {"altura_m": 5, "diametro_copa_m": 5.5, "en_bosque_osm": false, "copa_separada": true}}, {"type": "Feature", "geometry": {"type": "Point", "coordinates": [-79.5847397, 9.0002598]}, "properties": {"altura_m": 6, "diametro_copa_m": 6.4, "en_bosque_osm": false, "copa_separada": true}}, {"type": "Feature", "geometry": {"type": "Point", "coordinates": [-79.5736247, 8.9981404]}, "properties": {"altura_m": 5, "diametro_copa_m": 7.0, "en_bosque_osm": false, "copa_separada": false}}, {"type": "Feature", "geometry": {"type": "Point", "coordinates": [-79.5777231, 8.9943362]}, "properties": {"altura_m": 5, "diametro_copa_m": 7.2, "en_bosque_osm": true, "copa_separada": true}}, {"type": "Feature", "geometry": {"type": "Point", "coordinates": [-79.5799225, 8.9932659]}, "properties": {"altura_m": 5, "diametro_copa_m": 7.2, "en_bosque_osm": false, "copa_separada": true}}, {"type": "Feature", "geometry": {"type": "Point", "coordinates": [-79.5824008, 8.9974305]}, "properties": {"altura_m": 5, "diametro_copa_m": 7.0, "en_bosque_osm": false, "copa_separada": true}}, {"type": "Feature", "geometry": {"type": "Point", "coordinates": [-79.5855766, 8.9929268]}, "properties": {"altura_m": 5, "diametro_copa_m": 7.2, "en_bosque_osm": false, "copa_separada": true}}, {"type": "Feature", "geometry": {"type": "Point", "coordinates": [-79.5800512, 9.0063423]}, "properties": {"altura_m": 6, "diametro_copa_m": 5.2, "en_bosque_osm": false, "copa_separada": true}}, {"type": "Feature", "geometry": {"type": "Point", "coordinates": [-79.5781093, 9.0069675]}, "properties": {"altura_m": 5, "diametro_copa_m": 7.2, "en_bosque_osm": false, "copa_separada": true}}, {"type": "Feature", "geometry": {"type": "Point", "coordinates": [-79.5818859, 8.9968158]}, "properties": {"altura_m": 5, "diametro_copa_m": 5.5, "en_bosque_osm": false, "copa_separada": true}}, {"type": "Feature", "geometry": {"type": "Point", "coordinates": [-79.5826154, 8.9944527]}, "properties": {"altura_m": 5, "diametro_copa_m": 7.2, "en_bosque_osm": false, "copa_separada": true}}, {"type": "Feature", "geometry": {"type": "Point", "coordinates": [-79.5760172, 9.0062999]}, "properties": {"altura_m": 5, "diametro_copa_m": 7.2, "en_bosque_osm": false, "copa_separada": true}}, {"type": "Feature", "geometry": {"type": "Point", "coordinates": [-79.5869928, 8.9951945]}, "properties": {"altura_m": 5, "diametro_copa_m": 7.2, "en_bosque_osm": true, "copa_separada": true}}, {"type": "Feature", "geometry": {"type": "Point", "coordinates": [-79.5736032, 8.9981828]}, "properties": {"altura_m": 5, "diametro_copa_m": 6.5, "en_bosque_osm": false, "copa_separada": false}}, {"type": "Feature", "geometry": {"type": "Point", "coordinates": [-79.5812529, 8.9957668]}, "properties": {"altura_m": 5, "diametro_copa_m": 7.2, "en_bosque_osm": false, "copa_separada": true}}, {"type": "Feature", "geometry": {"type": "Point", "coordinates": [-79.580931, 8.9929374]}, "properties": {"altura_m": 5, "diametro_copa_m": 7.2, "en_bosque_osm": false, "copa_separada": true}}, {"type": "Feature", "geometry": {"type": "Point", "coordinates": [-79.5816069, 8.9975046]}, "properties": {"altura_m": 6, "diametro_copa_m": 6.2, "en_bosque_osm": false, "copa_separada": false}}, {"type": "Feature", "geometry": {"type": "Point", "coordinates": [-79.5799225, 9.0062045]}, "properties": {"altura_m": 5, "diametro_copa_m": 7.2, "en_bosque_osm": false, "copa_separada": true}}, {"type": "Feature", "geometry": {"type": "Point", "coordinates": [-79.5889669, 8.9958303]}, "properties": {"altura_m": 5, "diametro_copa_m": 7.0, "en_bosque_osm": false, "copa_separada": true}}, {"type": "Feature", "geometry": {"type": "Point", "coordinates": [-79.5780235, 8.9919307]}, "properties": {"altura_m": 5, "diametro_copa_m": 7.2, "en_bosque_osm": true, "copa_separada": true}}, {"type": "Feature", "geometry": {"type": "Point", "coordinates": [-79.5780235, 8.9918247]}, "properties": {"altura_m": 5, "diametro_copa_m": 7.2, "en_bosque_osm": true, "copa_separada": true}}, {"type": "Feature", "geometry": {"type": "Point", "coordinates": [-79.5805662, 8.9923651]}, "properties": {"altura_m": 5, "diametro_copa_m": 7.2, "en_bosque_osm": false, "copa_separada": true}}, {"type": "Feature", "geometry": {"type": "Point", "coordinates": [-79.5818322, 8.9980981]}, "properties": {"altura_m": 5, "diametro_copa_m": 7.0, "en_bosque_osm": false, "copa_separada": true}}, {"type": "Feature", "geometry": {"type": "Point", "coordinates": [-79.5775192, 8.9941772]}, "properties": {"altura_m": 5, "diametro_copa_m": 7.2, "en_bosque_osm": true, "copa_separada": true}}, {"type": "Feature", "geometry": {"type": "Point", "coordinates": [-79.5747404, 8.9936474]}, "properties": {"altura_m": 5, "diametro_copa_m": 7.2, "en_bosque_osm": false, "copa_separada": false}}, {"type": "Feature", "geometry": {"type": "Point", "coordinates": [-79.5843106, 8.9985537]}, "properties": {"altura_m": 6, "diametro_copa_m": 5.3, "en_bosque_osm": false, "copa_separada": true}}, {"type": "Feature", "geometry": {"type": "Point", "coordinates": [-79.5757704, 9.0062681]}, "properties": {"altura_m": 5, "diametro_copa_m": 6.9, "en_bosque_osm": false, "copa_separada": true}}, {"type": "Feature", "geometry": {"type": "Point", "coordinates": [-79.5764571, 8.9926407]}, "properties": {"altura_m": 5, "diametro_copa_m": 7.2, "en_bosque_osm": false, "copa_separada": true}}, {"type": "Feature", "geometry": {"type": "Point", "coordinates": [-79.574483, 8.9958515]}, "properties": {"altura_m": 5, "diametro_copa_m": 7.2, "en_bosque_osm": true, "copa_separada": true}}, {"type": "Feature", "geometry": {"type": "Point", "coordinates": [-79.5799117, 9.0017857]}, "properties": {"altura_m": 6, "diametro_copa_m": 5.8, "en_bosque_osm": false, "copa_separada": true}}, {"type": "Feature", "geometry": {"type": "Point", "coordinates": [-79.5831733, 8.9937215]}, "properties": {"altura_m": 5, "diametro_copa_m": 7.2, "en_bosque_osm": true, "copa_separada": true}}, {"type": "Feature", "geometry": {"type": "Point", "coordinates": [-79.5793968, 8.9970384]}, "properties": {"altura_m": 5, "diametro_copa_m": 7.2, "en_bosque_osm": false, "copa_separada": true}}, {"type": "Feature", "geometry": {"type": "Point", "coordinates": [-79.5744079, 9.0034176]}, "properties": {"altura_m": 5, "diametro_copa_m": 6.1, "en_bosque_osm": false, "copa_separada": true}}, {"type": "Feature", "geometry": {"type": "Point", "coordinates": [-79.5850616, 8.9931493]}, "properties": {"altura_m": 5, "diametro_copa_m": 7.0, "en_bosque_osm": true, "copa_separada": true}}, {"type": "Feature", "geometry": {"type": "Point", "coordinates": [-79.5786457, 8.9994438]}, "properties": {"altura_m": 5, "diametro_copa_m": 7.2, "en_bosque_osm": false, "copa_separada": true}}, {"type": "Feature", "geometry": {"type": "Point", "coordinates": [-79.5780986, 9.0032905]}, "properties": {"altura_m": 5, "diametro_copa_m": 6.9, "en_bosque_osm": false, "copa_separada": false}}, {"type": "Feature", "geometry": {"type": "Point", "coordinates": [-79.575749, 8.9992849]}, "properties": {"altura_m": 5, "diametro_copa_m": 6.9, "en_bosque_osm": true, "copa_separada": true}}, {"type": "Feature", "geometry": {"type": "Point", "coordinates": [-79.5767038, 8.992291]}, "properties": {"altura_m": 5, "diametro_copa_m": 7.2, "en_bosque_osm": false, "copa_separada": true}}, {"type": "Feature", "geometry": {"type": "Point", "coordinates": [-79.5768218, 9.0022626]}, "properties": {"altura_m": 5, "diametro_copa_m": 6.9, "en_bosque_osm": false, "copa_separada": true}}, {"type": "Feature", "geometry": {"type": "Point", "coordinates": [-79.5768004, 9.001489]}, "properties": {"altura_m": 6, "diametro_copa_m": 6.4, "en_bosque_osm": false, "copa_separada": true}}, {"type": "Feature", "geometry": {"type": "Point", "coordinates": [-79.5805877, 9.0045832]}, "properties": {"altura_m": 5, "diametro_copa_m": 7.0, "en_bosque_osm": false, "copa_separada": true}}, {"type": "Feature", "geometry": {"type": "Point", "coordinates": [-79.5897179, 9.0035872]}, "properties": {"altura_m": 5, "diametro_copa_m": 6.7, "en_bosque_osm": true, "copa_separada": true}}, {"type": "Feature", "geometry": {"type": "Point", "coordinates": [-79.5769291, 8.9916551]}, "properties": {"altura_m": 5, "diametro_copa_m": 7.0, "en_bosque_osm": false, "copa_separada": true}}, {"type": "Feature", "geometry": {"type": "Point", "coordinates": [-79.5768755, 8.9966251]}, "properties": {"altura_m": 5, "diametro_copa_m": 7.2, "en_bosque_osm": true, "copa_separada": true}}, {"type": "Feature", "geometry": {"type": "Point", "coordinates": [-79.5743435, 8.998151]}, "properties": {"altura_m": 5, "diametro_copa_m": 7.2, "en_bosque_osm": false, "copa_separada": true}}, {"type": "Feature", "geometry": {"type": "Point", "coordinates": [-79.5803302, 9.0062045]}, "properties": {"altura_m": 5, "diametro_copa_m": 6.8, "en_bosque_osm": false, "copa_separada": true}}, {"type": "Feature", "geometry": {"type": "Point", "coordinates": [-79.5760601, 9.0032905]}, "properties": {"altura_m": 5, "diametro_copa_m": 6.9, "en_bosque_osm": false, "copa_separada": true}}, {"type": "Feature", "geometry": {"type": "Point", "coordinates": [-79.5867567, 9.003566]}, "properties": {"altura_m": 6, "diametro_copa_m": 4.0, "en_bosque_osm": false, "copa_separada": true}}, {"type": "Feature", "geometry": {"type": "Point", "coordinates": [-79.5823687, 9.0046786]}, "properties": {"altura_m": 5, "diametro_copa_m": 7.0, "en_bosque_osm": false, "copa_separada": true}}, {"type": "Feature", "geometry": {"type": "Point", "coordinates": [-79.5818429, 8.9949508]}, "properties": {"altura_m": 5, "diametro_copa_m": 7.0, "en_bosque_osm": false, "copa_separada": true}}, {"type": "Feature", "geometry": {"type": "Point", "coordinates": [-79.5784741, 8.99902]}, "properties": {"altura_m": 5, "diametro_copa_m": 7.0, "en_bosque_osm": false, "copa_separada": true}}, {"type": "Feature", "geometry": {"type": "Point", "coordinates": [-79.5855122, 8.9936898]}, "properties": {"altura_m": 5, "diametro_copa_m": 7.0, "en_bosque_osm": true, "copa_separada": false}}, {"type": "Feature", "geometry": {"type": "Point", "coordinates": [-79.580298, 9.0049117]}, "properties": {"altura_m": 5, "diametro_copa_m": 5.0, "en_bosque_osm": false, "copa_separada": true}}, {"type": "Feature", "geometry": {"type": "Point", "coordinates": [-79.577015, 9.0023368]}, "properties": {"altura_m": 5, "diametro_copa_m": 6.7, "en_bosque_osm": false, "copa_separada": true}}, {"type": "Feature", "geometry": {"type": "Point", "coordinates": [-79.5793002, 9.0056323]}, "properties": {"altura_m": 5, "diametro_copa_m": 7.2, "en_bosque_osm": false, "copa_separada": true}}, {"type": "Feature", "geometry": {"type": "Point", "coordinates": [-79.5869928, 8.999571]}, "properties": {"altura_m": 5, "diametro_copa_m": 6.9, "en_bosque_osm": false, "copa_separada": true}}, {"type": "Feature", "geometry": {"type": "Point", "coordinates": [-79.5811778, 8.9942726]}, "properties": {"altura_m": 5, "diametro_copa_m": 6.8, "en_bosque_osm": false, "copa_separada": true}}, {"type": "Feature", "geometry": {"type": "Point", "coordinates": [-79.576736, 8.9966569]}, "properties": {"altura_m": 5, "diametro_copa_m": 7.2, "en_bosque_osm": true, "copa_separada": true}}, {"type": "Feature", "geometry": {"type": "Point", "coordinates": [-79.576339, 8.9924075]}, "properties": {"altura_m": 5, "diametro_copa_m": 7.2, "en_bosque_osm": false, "copa_separada": true}}, {"type": "Feature", "geometry": {"type": "Point", "coordinates": [-79.5822721, 9.0035024]}, "properties": {"altura_m": 5, "diametro_copa_m": 6.5, "en_bosque_osm": false, "copa_separada": true}}, {"type": "Feature", "geometry": {"type": "Point", "coordinates": [-79.5853191, 8.9930327]}, "properties": {"altura_m": 5, "diametro_copa_m": 6.7, "en_bosque_osm": false, "copa_separada": true}}, {"type": "Feature", "geometry": {"type": "Point", "coordinates": [-79.5752125, 8.9921744]}, "properties": {"altura_m": 5, "diametro_copa_m": 7.2, "en_bosque_osm": true, "copa_separada": true}}, {"type": "Feature", "geometry": {"type": "Point", "coordinates": [-79.5823687, 9.0008426]}, "properties": {"altura_m": 5, "diametro_copa_m": 6.9, "en_bosque_osm": false, "copa_separada": true}}, {"type": "Feature", "geometry": {"type": "Point", "coordinates": [-79.5817571, 8.9996028]}, "properties": {"altura_m": 5, "diametro_copa_m": 6.7, "en_bosque_osm": false, "copa_separada": true}}, {"type": "Feature", "geometry": {"type": "Point", "coordinates": [-79.5769184, 8.9976636]}, "properties": {"altura_m": 6, "diametro_copa_m": 5.6, "en_bosque_osm": true, "copa_separada": false}}, {"type": "Feature", "geometry": {"type": "Point", "coordinates": [-79.587658, 8.9987657]}, "properties": {"altura_m": 5, "diametro_copa_m": 7.2, "en_bosque_osm": false, "copa_separada": false}}, {"type": "Feature", "geometry": {"type": "Point", "coordinates": [-79.5864242, 9.0031315]}, "properties": {"altura_m": 6, "diametro_copa_m": 5.5, "en_bosque_osm": false, "copa_separada": false}}, {"type": "Feature", "geometry": {"type": "Point", "coordinates": [-79.5837741, 8.9951415]}, "properties": {"altura_m": 5, "diametro_copa_m": 6.4, "en_bosque_osm": false, "copa_separada": true}}, {"type": "Feature", "geometry": {"type": "Point", "coordinates": [-79.5810597, 8.9945693]}, "properties": {"altura_m": 5, "diametro_copa_m": 6.9, "en_bosque_osm": false, "copa_separada": true}}, {"type": "Feature", "geometry": {"type": "Point", "coordinates": [-79.5788067, 8.9946329]}, "properties": {"altura_m": 5, "diametro_copa_m": 6.4, "en_bosque_osm": true, "copa_separada": true}}, {"type": "Feature", "geometry": {"type": "Point", "coordinates": [-79.5856731, 9.0049541]}, "properties": {"altura_m": 6, "diametro_copa_m": 5.6, "en_bosque_osm": false, "copa_separada": true}}, {"type": "Feature", "geometry": {"type": "Point", "coordinates": [-79.5767038, 9.000991]}, "properties": {"altura_m": 5, "diametro_copa_m": 6.4, "en_bosque_osm": false, "copa_separada": true}}, {"type": "Feature", "geometry": {"type": "Point", "coordinates": [-79.5806413, 8.9924287]}, "properties": {"altura_m": 5, "diametro_copa_m": 6.9, "en_bosque_osm": false, "copa_separada": true}}, {"type": "Feature", "geometry": {"type": "Point", "coordinates": [-79.5736998, 8.9983842]}, "properties": {"altura_m": 5, "diametro_copa_m": 7.2, "en_bosque_osm": false, "copa_separada": true}}, {"type": "Feature", "geometry": {"type": "Point", "coordinates": [-79.5739894, 8.9976106]}, "properties": {"altura_m": 5, "diametro_copa_m": 6.8, "en_bosque_osm": false, "copa_separada": true}}, {"type": "Feature", "geometry": {"type": "Point", "coordinates": [-79.5759313, 9.0059608]}, "properties": {"altura_m": 5, "diametro_copa_m": 6.4, "en_bosque_osm": false, "copa_separada": true}}, {"type": "Feature", "geometry": {"type": "Point", "coordinates": [-79.5835596, 9.0038309]}, "properties": {"altura_m": 5, "diametro_copa_m": 6.1, "en_bosque_osm": false, "copa_separada": true}}, {"type": "Feature", "geometry": {"type": "Point", "coordinates": [-79.5741611, 9.0025699]}, "properties": {"altura_m": 5, "diametro_copa_m": 6.4, "en_bosque_osm": false, "copa_separada": true}}, {"type": "Feature", "geometry": {"type": "Point", "coordinates": [-79.5785063, 8.998861]}, "properties": {"altura_m": 5, "diametro_copa_m": 6.9, "en_bosque_osm": false, "copa_separada": true}}, {"type": "Feature", "geometry": {"type": "Point", "coordinates": [-79.5838063, 9.0008002]}, "properties": {"altura_m": 5, "diametro_copa_m": 5.5, "en_bosque_osm": false, "copa_separada": true}}, {"type": "Feature", "geometry": {"type": "Point", "coordinates": [-79.5765214, 8.9979709]}, "properties": {"altura_m": 5, "diametro_copa_m": 6.2, "en_bosque_osm": true, "copa_separada": true}}, {"type": "Feature", "geometry": {"type": "Point", "coordinates": [-79.5764678, 8.9925135]}, "properties": {"altura_m": 5, "diametro_copa_m": 6.4, "en_bosque_osm": false, "copa_separada": true}}, {"type": "Feature", "geometry": {"type": "Point", "coordinates": [-79.5780771, 8.9952263]}, "properties": {"altura_m": 5, "diametro_copa_m": 5.6, "en_bosque_osm": true, "copa_separada": true}}, {"type": "Feature", "geometry": {"type": "Point", "coordinates": [-79.57547, 8.9962542]}, "properties": {"altura_m": 5, "diametro_copa_m": 6.5, "en_bosque_osm": true, "copa_separada": true}}, {"type": "Feature", "geometry": {"type": "Point", "coordinates": [-79.5816927, 8.9976848]}, "properties": {"altura_m": 5, "diametro_copa_m": 5.2, "en_bosque_osm": false, "copa_separada": true}}, {"type": "Feature", "geometry": {"type": "Point", "coordinates": [-79.5757811, 8.9928314]}, "properties": {"altura_m": 5, "diametro_copa_m": 6.7, "en_bosque_osm": false, "copa_separada": true}}, {"type": "Feature", "geometry": {"type": "Point", "coordinates": [-79.5872825, 8.9978013]}, "properties": {"altura_m": 5, "diametro_copa_m": 6.7, "en_bosque_osm": false, "copa_separada": true}}, {"type": "Feature", "geometry": {"type": "Point", "coordinates": [-79.5853835, 8.9935838]}, "properties": {"altura_m": 5, "diametro_copa_m": 6.7, "en_bosque_osm": true, "copa_separada": true}}, {"type": "Feature", "geometry": {"type": "Point", "coordinates": [-79.5845251, 9.000175]}, "properties": {"altura_m": 5, "diametro_copa_m": 5.6, "en_bosque_osm": false, "copa_separada": true}}, {"type": "Feature", "geometry": {"type": "Point", "coordinates": [-79.5816069, 8.995682]}, "properties": {"altura_m": 5, "diametro_copa_m": 5.5, "en_bosque_osm": false, "copa_separada": true}}, {"type": "Feature", "geometry": {"type": "Point", "coordinates": [-79.5822506, 8.9981192]}, "properties": {"altura_m": 5, "diametro_copa_m": 5.5, "en_bosque_osm": false, "copa_separada": true}}, {"type": "Feature", "geometry": {"type": "Point", "coordinates": [-79.5780557, 8.9987233]}, "properties": {"altura_m": 5, "diametro_copa_m": 6.0, "en_bosque_osm": false, "copa_separada": true}}, {"type": "Feature", "geometry": {"type": "Point", "coordinates": [-79.5744937, 9.0038627]}, "properties": {"altura_m": 5, "diametro_copa_m": 6.7, "en_bosque_osm": false, "copa_separada": true}}, {"type": "Feature", "geometry": {"type": "Point", "coordinates": [-79.5783346, 8.9986915]}, "properties": {"altura_m": 5, "diametro_copa_m": 6.5, "en_bosque_osm": false, "copa_separada": true}}, {"type": "Feature", "geometry": {"type": "Point", "coordinates": [-79.5856624, 8.9987445]}, "properties": {"altura_m": 5, "diametro_copa_m": 6.7, "en_bosque_osm": true, "copa_separada": true}}, {"type": "Feature", "geometry": {"type": "Point", "coordinates": [-79.5779484, 8.9950674]}, "properties": {"altura_m": 5, "diametro_copa_m": 6.7, "en_bosque_osm": true, "copa_separada": true}}, {"type": "Feature", "geometry": {"type": "Point", "coordinates": [-79.5778411, 8.9951627]}, "properties": {"altura_m": 5, "diametro_copa_m": 6.5, "en_bosque_osm": true, "copa_separada": false}}, {"type": "Feature", "geometry": {"type": "Point", "coordinates": [-79.5854049, 8.9930645]}, "properties": {"altura_m": 5, "diametro_copa_m": 6.7, "en_bosque_osm": false, "copa_separada": true}}, {"type": "Feature", "geometry": {"type": "Point", "coordinates": [-79.5871644, 8.9953429]}, "properties": {"altura_m": 5, "diametro_copa_m": 6.7, "en_bosque_osm": true, "copa_separada": true}}, {"type": "Feature", "geometry": {"type": "Point", "coordinates": [-79.5740538, 9.0027182]}, "properties": {"altura_m": 5, "diametro_copa_m": 5.6, "en_bosque_osm": false, "copa_separada": true}}, {"type": "Feature", "geometry": {"type": "Point", "coordinates": [-79.5788496, 8.9988398]}, "properties": {"altura_m": 5, "diametro_copa_m": 6.5, "en_bosque_osm": false, "copa_separada": true}}, {"type": "Feature", "geometry": {"type": "Point", "coordinates": [-79.5818108, 9.0033646]}, "properties": {"altura_m": 5, "diametro_copa_m": 5.5, "en_bosque_osm": false, "copa_separada": true}}, {"type": "Feature", "geometry": {"type": "Point", "coordinates": [-79.5825189, 9.0035342]}, "properties": {"altura_m": 5, "diametro_copa_m": 6.2, "en_bosque_osm": false, "copa_separada": true}}, {"type": "Feature", "geometry": {"type": "Point", "coordinates": [-79.5886557, 8.9984795]}, "properties": {"altura_m": 5, "diametro_copa_m": 6.7, "en_bosque_osm": true, "copa_separada": true}}, {"type": "Feature", "geometry": {"type": "Point", "coordinates": [-79.5802336, 9.0019553]}, "properties": {"altura_m": 5, "diametro_copa_m": 6.7, "en_bosque_osm": false, "copa_separada": true}}, {"type": "Feature", "geometry": {"type": "Point", "coordinates": [-79.5852333, 8.9928102]}, "properties": {"altura_m": 5, "diametro_copa_m": 5.6, "en_bosque_osm": false, "copa_separada": true}}, {"type": "Feature", "geometry": {"type": "Point", "coordinates": [-79.5755773, 8.9959045]}, "properties": {"altura_m": 5, "diametro_copa_m": 6.7, "en_bosque_osm": false, "copa_separada": true}}, {"type": "Feature", "geometry": {"type": "Point", "coordinates": [-79.5824974, 8.9957668]}, "properties": {"altura_m": 5, "diametro_copa_m": 6.0, "en_bosque_osm": false, "copa_separada": true}}, {"type": "Feature", "geometry": {"type": "Point", "coordinates": [-79.5803624, 9.0057701]}, "properties": {"altura_m": 5, "diametro_copa_m": 6.2, "en_bosque_osm": false, "copa_separada": true}}, {"type": "Feature", "geometry": {"type": "Point", "coordinates": [-79.5777016, 9.0031633]}, "properties": {"altura_m": 5, "diametro_copa_m": 6.2, "en_bosque_osm": false, "copa_separada": true}}, {"type": "Feature", "geometry": {"type": "Point", "coordinates": [-79.5784419, 8.9982782]}, "properties": {"altura_m": 5, "diametro_copa_m": 4.8, "en_bosque_osm": false, "copa_separada": true}}, {"type": "Feature", "geometry": {"type": "Point", "coordinates": [-79.5787638, 8.9980027]}, "properties": {"altura_m": 5, "diametro_copa_m": 5.8, "en_bosque_osm": false, "copa_separada": true}}, {"type": "Feature", "geometry": {"type": "Point", "coordinates": [-79.5856302, 9.002909]}, "properties": {"altura_m": 5, "diametro_copa_m": 5.0, "en_bosque_osm": false, "copa_separada": true}}, {"type": "Feature", "geometry": {"type": "Point", "coordinates": [-79.5802336, 8.9952475]}, "properties": {"altura_m": 5, "diametro_copa_m": 6.4, "en_bosque_osm": false, "copa_separada": true}}, {"type": "Feature", "geometry": {"type": "Point", "coordinates": [-79.5781522, 9.0032905]}, "properties": {"altura_m": 5, "diametro_copa_m": 5.8, "en_bosque_osm": false, "copa_separada": false}}, {"type": "Feature", "geometry": {"type": "Point", "coordinates": [-79.5775514, 8.9951309]}, "properties": {"altura_m": 5, "diametro_copa_m": 6.7, "en_bosque_osm": true, "copa_separada": true}}, {"type": "Feature", "geometry": {"type": "Point", "coordinates": [-79.5852225, 8.9990094]}, "properties": {"altura_m": 5, "diametro_copa_m": 5.8, "en_bosque_osm": false, "copa_separada": true}}, {"type": "Feature", "geometry": {"type": "Point", "coordinates": [-79.5823687, 8.9930433]}, "properties": {"altura_m": 5, "diametro_copa_m": 5.8, "en_bosque_osm": true, "copa_separada": false}}, {"type": "Feature", "geometry": {"type": "Point", "coordinates": [-79.5822077, 9.0017645]}, "properties": {"altura_m": 5, "diametro_copa_m": 5.0, "en_bosque_osm": false, "copa_separada": true}}, {"type": "Feature", "geometry": {"type": "Point", "coordinates": [-79.5825618, 8.9987551]}, "properties": {"altura_m": 5, "diametro_copa_m": 5.5, "en_bosque_osm": false, "copa_separada": true}}, {"type": "Feature", "geometry": {"type": "Point", "coordinates": [-79.5770471, 9.0018175]}, "properties": {"altura_m": 5, "diametro_copa_m": 5.0, "en_bosque_osm": false, "copa_separada": true}}, {"type": "Feature", "geometry": {"type": "Point", "coordinates": [-79.5764249, 8.992842]}, "properties": {"altura_m": 5, "diametro_copa_m": 6.1, "en_bosque_osm": false, "copa_separada": true}}, {"type": "Feature", "geometry": {"type": "Point", "coordinates": [-79.5757275, 9.0024639]}, "properties": {"altura_m": 5, "diametro_copa_m": 6.1, "en_bosque_osm": false, "copa_separada": true}}, {"type": "Feature", "geometry": {"type": "Point", "coordinates": [-79.5741933, 9.0003446]}, "properties": {"altura_m": 5, "diametro_copa_m": 6.1, "en_bosque_osm": true, "copa_separada": true}}, {"type": "Feature", "geometry": {"type": "Point", "coordinates": [-79.5747404, 8.9997829]}, "properties": {"altura_m": 5, "diametro_copa_m": 5.2, "en_bosque_osm": true, "copa_separada": true}}, {"type": "Feature", "geometry": {"type": "Point", "coordinates": [-79.5828514, 8.9979285]}, "properties": {"altura_m": 5, "diametro_copa_m": 5.6, "en_bosque_osm": false, "copa_separada": true}}, {"type": "Feature", "geometry": {"type": "Point", "coordinates": [-79.5802765, 8.9978225]}, "properties": {"altura_m": 5, "diametro_copa_m": 4.6, "en_bosque_osm": false, "copa_separada": true}}, {"type": "Feature", "geometry": {"type": "Point", "coordinates": [-79.5801371, 8.9980663]}, "properties": {"altura_m": 5, "diametro_copa_m": 5.8, "en_bosque_osm": false, "copa_separada": true}}, {"type": "Feature", "geometry": {"type": "Point", "coordinates": [-79.5775836, 9.0039792]}, "properties": {"altura_m": 5, "diametro_copa_m": 5.5, "en_bosque_osm": false, "copa_separada": true}}, {"type": "Feature", "geometry": {"type": "Point", "coordinates": [-79.5848577, 9.0022308]}, "properties": {"altura_m": 5, "diametro_copa_m": 4.2, "en_bosque_osm": false, "copa_separada": true}}, {"type": "Feature", "geometry": {"type": "Point", "coordinates": [-79.5749979, 9.0001856]}, "properties": {"altura_m": 5, "diametro_copa_m": 6.0, "en_bosque_osm": true, "copa_separada": true}}, {"type": "Feature", "geometry": {"type": "Point", "coordinates": [-79.5815103, 8.9953429]}, "properties": {"altura_m": 5, "diametro_copa_m": 6.0, "en_bosque_osm": false, "copa_separada": true}}, {"type": "Feature", "geometry": {"type": "Point", "coordinates": [-79.5764249, 8.9980451]}, "properties": {"altura_m": 5, "diametro_copa_m": 5.2, "en_bosque_osm": true, "copa_separada": true}}, {"type": "Feature", "geometry": {"type": "Point", "coordinates": [-79.5784097, 8.9999631]}, "properties": {"altura_m": 5, "diametro_copa_m": 5.6, "en_bosque_osm": false, "copa_separada": true}}, {"type": "Feature", "geometry": {"type": "Point", "coordinates": [-79.5821433, 9.0012029]}, "properties": {"altura_m": 5, "diametro_copa_m": 5.3, "en_bosque_osm": false, "copa_separada": true}}, {"type": "Feature", "geometry": {"type": "Point", "coordinates": [-79.5749979, 9.0028348]}, "properties": {"altura_m": 5, "diametro_copa_m": 5.6, "en_bosque_osm": false, "copa_separada": true}}, {"type": "Feature", "geometry": {"type": "Point", "coordinates": [-79.5817678, 8.9957773]}, "properties": {"altura_m": 5, "diametro_copa_m": 5.5, "en_bosque_osm": false, "copa_separada": false}}, {"type": "Feature", "geometry": {"type": "Point", "coordinates": [-79.5782059, 8.99831]}, "properties": {"altura_m": 5, "diametro_copa_m": 4.4, "en_bosque_osm": false, "copa_separada": true}}, {"type": "Feature", "geometry": {"type": "Point", "coordinates": [-79.5863812, 9.0032163]}, "properties": {"altura_m": 5, "diametro_copa_m": 4.0, "en_bosque_osm": false, "copa_separada": true}}, {"type": "Feature", "geometry": {"type": "Point", "coordinates": [-79.5776802, 9.002909]}, "properties": {"altura_m": 5, "diametro_copa_m": 5.3, "en_bosque_osm": false, "copa_separada": true}}, {"type": "Feature", "geometry": {"type": "Point", "coordinates": [-79.5759957, 8.9961482]}, "properties": {"altura_m": 5, "diametro_copa_m": 6.1, "en_bosque_osm": true, "copa_separada": true}}, {"type": "Feature", "geometry": {"type": "Point", "coordinates": [-79.5757811, 8.9971655]}, "properties": {"altura_m": 5, "diametro_copa_m": 6.1, "en_bosque_osm": true, "copa_separada": true}}, {"type": "Feature", "geometry": {"type": "Point", "coordinates": [-79.5873576, 8.9955018]}, "properties": {"altura_m": 5, "diametro_copa_m": 6.1, "en_bosque_osm": true, "copa_separada": true}}, {"type": "Feature", "geometry": {"type": "Point", "coordinates": [-79.5746439, 9.0001962]}, "properties": {"altura_m": 5, "diametro_copa_m": 4.4, "en_bosque_osm": true, "copa_separada": true}}, {"type": "Feature", "geometry": {"type": "Point", "coordinates": [-79.5751803, 9.0002174]}, "properties": {"altura_m": 5, "diametro_copa_m": 5.3, "en_bosque_osm": true, "copa_separada": true}}, {"type": "Feature", "geometry": {"type": "Point", "coordinates": [-79.5882266, 9.0061091]}, "properties": {"altura_m": 5, "diametro_copa_m": 4.2, "en_bosque_osm": false, "copa_separada": true}}, {"type": "Feature", "geometry": {"type": "Point", "coordinates": [-79.5823257, 9.0014678]}, "properties": {"altura_m": 5, "diametro_copa_m": 5.3, "en_bosque_osm": false, "copa_separada": true}}, {"type": "Feature", "geometry": {"type": "Point", "coordinates": [-79.5768862, 8.9994227]}, "properties": {"altura_m": 5, "diametro_copa_m": 4.6, "en_bosque_osm": false, "copa_separada": true}}, {"type": "Feature", "geometry": {"type": "Point", "coordinates": [-79.5809203, 8.9979391]}, "properties": {"altura_m": 4, "diametro_copa_m": 4.4, "en_bosque_osm": false, "copa_separada": true}}, {"type": "Feature", "geometry": {"type": "Point", "coordinates": [-79.5850509, 8.9978543]}, "properties": {"altura_m": 5, "diametro_copa_m": 5.8, "en_bosque_osm": true, "copa_separada": true}}, {"type": "Feature", "geometry": {"type": "Point", "coordinates": [-79.5786994, 8.9949508]}, "properties": {"altura_m": 5, "diametro_copa_m": 4.6, "en_bosque_osm": true, "copa_separada": true}}, {"type": "Feature", "geometry": {"type": "Point", "coordinates": [-79.5771652, 8.9933507]}, "properties": {"altura_m": 5, "diametro_copa_m": 6.1, "en_bosque_osm": false, "copa_separada": true}}, {"type": "Feature", "geometry": {"type": "Point", "coordinates": [-79.5777767, 8.9959151]}, "properties": {"altura_m": 5, "diametro_copa_m": 4.2, "en_bosque_osm": true, "copa_separada": false}}, {"type": "Feature", "geometry": {"type": "Point", "coordinates": [-79.5819502, 9.001044]}, "properties": {"altura_m": 5, "diametro_copa_m": 4.6, "en_bosque_osm": false, "copa_separada": true}}, {"type": "Feature", "geometry": {"type": "Point", "coordinates": [-79.5868748, 9.0047422]}, "properties": {"altura_m": 5, "diametro_copa_m": 4.6, "en_bosque_osm": false, "copa_separada": true}}, {"type": "Feature", "geometry": {"type": "Point", "coordinates": [-79.5778304, 9.0033434]}, "properties": {"altura_m": 5, "diametro_copa_m": 6.1, "en_bosque_osm": false, "copa_separada": true}}, {"type": "Feature", "geometry": {"type": "Point", "coordinates": [-79.5780235, 8.995078]}, "properties": {"altura_m": 5, "diametro_copa_m": 6.1, "en_bosque_osm": true, "copa_separada": true}}, {"type": "Feature", "geometry": {"type": "Point", "coordinates": [-79.58283, 9.0055793]}, "properties": {"altura_m": 5, "diametro_copa_m": 6.1, "en_bosque_osm": false, "copa_separada": true}}, {"type": "Feature", "geometry": {"type": "Point", "coordinates": [-79.5807915, 9.0056005]}, "properties": {"altura_m": 5, "diametro_copa_m": 4.0, "en_bosque_osm": false, "copa_separada": true}}, {"type": "Feature", "geometry": {"type": "Point", "coordinates": [-79.5818, 8.9950568]}, "properties": {"altura_m": 5, "diametro_copa_m": 5.2, "en_bosque_osm": false, "copa_separada": true}}, {"type": "Feature", "geometry": {"type": "Point", "coordinates": [-79.583581, 9.001595]}, "properties": {"altura_m": 5, "diametro_copa_m": 4.2, "en_bosque_osm": false, "copa_separada": true}}, {"type": "Feature", "geometry": {"type": "Point", "coordinates": [-79.5754378, 8.9990836]}, "properties": {"altura_m": 5, "diametro_copa_m": 4.8, "en_bosque_osm": true, "copa_separada": true}}, {"type": "Feature", "geometry": {"type": "Point", "coordinates": [-79.585716, 9.0039051]}, "properties": {"altura_m": 6, "diametro_copa_m": 3.3, "en_bosque_osm": false, "copa_separada": true}}, {"type": "Feature", "geometry": {"type": "Point", "coordinates": [-79.5859735, 9.0035448]}, "properties": {"altura_m": 6, "diametro_copa_m": 3.3, "en_bosque_osm": false, "copa_separada": true}}, {"type": "Feature", "geometry": {"type": "Point", "coordinates": [-79.5849758, 8.9977166]}, "properties": {"altura_m": 4, "diametro_copa_m": 6.0, "en_bosque_osm": true, "copa_separada": true}}, {"type": "Feature", "geometry": {"type": "Point", "coordinates": [-79.582433, 8.9955866]}, "properties": {"altura_m": 5, "diametro_copa_m": 4.6, "en_bosque_osm": false, "copa_separada": true}}, {"type": "Feature", "geometry": {"type": "Point", "coordinates": [-79.5886772, 8.9985855]}, "properties": {"altura_m": 4, "diametro_copa_m": 4.4, "en_bosque_osm": true, "copa_separada": false}}, {"type": "Feature", "geometry": {"type": "Point", "coordinates": [-79.5886557, 8.9985855]}, "properties": {"altura_m": 4, "diametro_copa_m": 4.6, "en_bosque_osm": true, "copa_separada": false}}, {"type": "Feature", "geometry": {"type": "Point", "coordinates": [-79.5886987, 8.9985749]}, "properties": {"altura_m": 4, "diametro_copa_m": 5.0, "en_bosque_osm": true, "copa_separada": false}}, {"type": "Feature", "geometry": {"type": "Point", "coordinates": [-79.5886772, 8.9985643]}, "properties": {"altura_m": 4, "diametro_copa_m": 4.4, "en_bosque_osm": true, "copa_separada": false}}, {"type": "Feature", "geometry": {"type": "Point", "coordinates": [-79.5771437, 8.9955654]}, "properties": {"altura_m": 4, "diametro_copa_m": 4.8, "en_bosque_osm": true, "copa_separada": false}}, {"type": "Feature", "geometry": {"type": "Point", "coordinates": [-79.5771437, 8.9955442]}, "properties": {"altura_m": 4, "diametro_copa_m": 5.6, "en_bosque_osm": true, "copa_separada": false}}, {"type": "Feature", "geometry": {"type": "Point", "coordinates": [-79.5771866, 8.9954912]}, "properties": {"altura_m": 4, "diametro_copa_m": 5.6, "en_bosque_osm": true, "copa_separada": false}}, {"type": "Feature", "geometry": {"type": "Point", "coordinates": [-79.5771866, 8.99547]}, "properties": {"altura_m": 4, "diametro_copa_m": 4.8, "en_bosque_osm": true, "copa_separada": false}}, {"type": "Feature", "geometry": {"type": "Point", "coordinates": [-79.5776158, 8.993711]}, "properties": {"altura_m": 4, "diametro_copa_m": 4.6, "en_bosque_osm": true, "copa_separada": false}}, {"type": "Feature", "geometry": {"type": "Point", "coordinates": [-79.5775943, 8.993711]}, "properties": {"altura_m": 4, "diametro_copa_m": 4.0, "en_bosque_osm": true, "copa_separada": false}}, {"type": "Feature", "geometry": {"type": "Point", "coordinates": [-79.5776265, 8.9936898]}, "properties": {"altura_m": 4, "diametro_copa_m": 4.4, "en_bosque_osm": true, "copa_separada": false}}, {"type": "Feature", "geometry": {"type": "Point", "coordinates": [-79.577605, 8.9936898]}, "properties": {"altura_m": 4, "diametro_copa_m": 2.3, "en_bosque_osm": true, "copa_separada": false}}, {"type": "Feature", "geometry": {"type": "Point", "coordinates": [-79.5775836, 8.9936898]}, "properties": {"altura_m": 4, "diametro_copa_m": 4.4, "en_bosque_osm": true, "copa_separada": false}}, {"type": "Feature", "geometry": {"type": "Point", "coordinates": [-79.5776265, 8.9936686]}, "properties": {"altura_m": 4, "diametro_copa_m": 3.8, "en_bosque_osm": true, "copa_separada": false}}, {"type": "Feature", "geometry": {"type": "Point", "coordinates": [-79.5775836, 8.9936686]}, "properties": {"altura_m": 4, "diametro_copa_m": 2.7, "en_bosque_osm": true, "copa_separada": false}}, {"type": "Feature", "geometry": {"type": "Point", "coordinates": [-79.5776265, 8.9936474]}, "properties": {"altura_m": 4, "diametro_copa_m": 4.4, "en_bosque_osm": true, "copa_separada": false}}, {"type": "Feature", "geometry": {"type": "Point", "coordinates": [-79.577605, 8.9936474]}, "properties": {"altura_m": 4, "diametro_copa_m": 2.7, "en_bosque_osm": true, "copa_separada": false}}, {"type": "Feature", "geometry": {"type": "Point", "coordinates": [-79.5775836, 8.9936474]}, "properties": {"altura_m": 4, "diametro_copa_m": 5.2, "en_bosque_osm": true, "copa_separada": false}}, {"type": "Feature", "geometry": {"type": "Point", "coordinates": [-79.5773476, 8.9934778]}, "properties": {"altura_m": 4, "diametro_copa_m": 4.6, "en_bosque_osm": true, "copa_separada": false}}, {"type": "Feature", "geometry": {"type": "Point", "coordinates": [-79.5773261, 8.9934672]}, "properties": {"altura_m": 4, "diametro_copa_m": 4.4, "en_bosque_osm": true, "copa_separada": false}}, {"type": "Feature", "geometry": {"type": "Point", "coordinates": [-79.5773583, 8.9934566]}, "properties": {"altura_m": 4, "diametro_copa_m": 5.0, "en_bosque_osm": true, "copa_separada": false}}, {"type": "Feature", "geometry": {"type": "Point", "coordinates": [-79.5773046, 8.9934566]}, "properties": {"altura_m": 4, "diametro_copa_m": 5.3, "en_bosque_osm": true, "copa_separada": false}}, {"type": "Feature", "geometry": {"type": "Point", "coordinates": [-79.577251, 8.993446]}, "properties": {"altura_m": 4, "diametro_copa_m": 4.4, "en_bosque_osm": true, "copa_separada": false}}, {"type": "Feature", "geometry": {"type": "Point", "coordinates": [-79.5772295, 8.9934354]}, "properties": {"altura_m": 4, "diametro_copa_m": 5.0, "en_bosque_osm": true, "copa_separada": false}}, {"type": "Feature", "geometry": {"type": "Point", "coordinates": [-79.577251, 8.9934248]}, "properties": {"altura_m": 4, "diametro_copa_m": 4.4, "en_bosque_osm": true, "copa_separada": false}}, {"type": "Feature", "geometry": {"type": "Point", "coordinates": [-79.577251, 8.9934036]}, "properties": {"altura_m": 4, "diametro_copa_m": 3.0, "en_bosque_osm": true, "copa_separada": false}}, {"type": "Feature", "geometry": {"type": "Point", "coordinates": [-79.577251, 8.9933824]}, "properties": {"altura_m": 4, "diametro_copa_m": 5.6, "en_bosque_osm": false, "copa_separada": false}}, {"type": "Feature", "geometry": {"type": "Point", "coordinates": [-79.5775407, 8.9934142]}, "properties": {"altura_m": 4, "diametro_copa_m": 6.1, "en_bosque_osm": true, "copa_separada": true}}, {"type": "Feature", "geometry": {"type": "Point", "coordinates": [-79.577251, 8.9953853]}, "properties": {"altura_m": 4, "diametro_copa_m": 6.1, "en_bosque_osm": true, "copa_separada": true}}, {"type": "Feature", "geometry": {"type": "Point", "coordinates": [-79.5759635, 8.9960423]}, "properties": {"altura_m": 4, "diametro_copa_m": 6.1, "en_bosque_osm": true, "copa_separada": true}}, {"type": "Feature", "geometry": {"type": "Point", "coordinates": [-79.5763498, 8.9964555]}, "properties": {"altura_m": 4, "diametro_copa_m": 6.1, "en_bosque_osm": true, "copa_separada": true}}, {"type": "Feature", "geometry": {"type": "Point", "coordinates": [-79.5794182, 9.007084]}, "properties": {"altura_m": 4, "diametro_copa_m": 6.1, "en_bosque_osm": false, "copa_separada": true}}, {"type": "Feature", "geometry": {"type": "Point", "coordinates": [-79.5747941, 8.9969854]}, "properties": {"altura_m": 4, "diametro_copa_m": 6.1, "en_bosque_osm": false, "copa_separada": true}}, {"type": "Feature", "geometry": {"type": "Point", "coordinates": [-79.5768755, 8.9948448]}, "properties": {"altura_m": 4, "diametro_copa_m": 6.1, "en_bosque_osm": false, "copa_separada": true}}, {"type": "Feature", "geometry": {"type": "Point", "coordinates": [-79.577015, 9.0005777]}, "properties": {"altura_m": 4, "diametro_copa_m": 6.1, "en_bosque_osm": false, "copa_separada": true}}, {"type": "Feature", "geometry": {"type": "Point", "coordinates": [-79.5890098, 9.0004082]}, "properties": {"altura_m": 4, "diametro_copa_m": 6.1, "en_bosque_osm": false, "copa_separada": true}}, {"type": "Feature", "geometry": {"type": "Point", "coordinates": [-79.5764141, 8.9923333]}, "properties": {"altura_m": 4, "diametro_copa_m": 6.1, "en_bosque_osm": false, "copa_separada": true}}, {"type": "Feature", "geometry": {"type": "Point", "coordinates": [-79.5855658, 8.9985961]}, "properties": {"altura_m": 4, "diametro_copa_m": 6.1, "en_bosque_osm": true, "copa_separada": true}}, {"type": "Feature", "geometry": {"type": "Point", "coordinates": [-79.5779269, 9.0033752]}, "properties": {"altura_m": 4, "diametro_copa_m": 6.1, "en_bosque_osm": false, "copa_separada": true}}, {"type": "Feature", "geometry": {"type": "Point", "coordinates": [-79.5769613, 8.9946541]}, "properties": {"altura_m": 4, "diametro_copa_m": 6.1, "en_bosque_osm": false, "copa_separada": true}}, {"type": "Feature", "geometry": {"type": "Point", "coordinates": [-79.5832484, 8.994368]}, "properties": {"altura_m": 4, "diametro_copa_m": 6.1, "en_bosque_osm": true, "copa_separada": true}}, {"type": "Feature", "geometry": {"type": "Point", "coordinates": [-79.5883661, 8.9999313]}, "properties": {"altura_m": 4, "diametro_copa_m": 6.1, "en_bosque_osm": false, "copa_separada": true}}, {"type": "Feature", "geometry": {"type": "Point", "coordinates": [-79.577369, 8.9953959]}, "properties": {"altura_m": 4, "diametro_copa_m": 6.1, "en_bosque_osm": true, "copa_separada": true}}, {"type": "Feature", "geometry": {"type": "Point", "coordinates": [-79.5776587, 8.9941984]}, "properties": {"altura_m": 4, "diametro_copa_m": 6.1, "en_bosque_osm": true, "copa_separada": true}}, {"type": "Feature", "geometry": {"type": "Point", "coordinates": [-79.5784312, 8.9996028]}, "properties": {"altura_m": 4, "diametro_copa_m": 6.1, "en_bosque_osm": false, "copa_separada": false}}, {"type": "Feature", "geometry": {"type": "Point", "coordinates": [-79.5758992, 8.9959151]}, "properties": {"altura_m": 4, "diametro_copa_m": 6.1, "en_bosque_osm": true, "copa_separada": true}}, {"type": "Feature", "geometry": {"type": "Point", "coordinates": [-79.5768218, 8.9943574]}, "properties": {"altura_m": 4, "diametro_copa_m": 6.1, "en_bosque_osm": false, "copa_separada": true}}, {"type": "Feature", "geometry": {"type": "Point", "coordinates": [-79.5755344, 8.992185]}, "properties": {"altura_m": 4, "diametro_copa_m": 6.1, "en_bosque_osm": true, "copa_separada": true}}, {"type": "Feature", "geometry": {"type": "Point", "coordinates": [-79.5875829, 8.995682]}, "properties": {"altura_m": 4, "diametro_copa_m": 6.1, "en_bosque_osm": false, "copa_separada": true}}, {"type": "Feature", "geometry": {"type": "Point", "coordinates": [-79.5768648, 8.9931493]}, "properties": {"altura_m": 4, "diametro_copa_m": 6.1, "en_bosque_osm": false, "copa_separada": true}}, {"type": "Feature", "geometry": {"type": "Point", "coordinates": [-79.5805662, 9.0048376]}, "properties": {"altura_m": 4, "diametro_copa_m": 6.1, "en_bosque_osm": false, "copa_separada": true}}, {"type": "Feature", "geometry": {"type": "Point", "coordinates": [-79.579783, 8.998257]}, "properties": {"altura_m": 4, "diametro_copa_m": 6.1, "en_bosque_osm": false, "copa_separada": true}}, {"type": "Feature", "geometry": {"type": "Point", "coordinates": [-79.5784419, 8.9995498]}, "properties": {"altura_m": 4, "diametro_copa_m": 6.0, "en_bosque_osm": false, "copa_separada": false}}, {"type": "Feature", "geometry": {"type": "Point", "coordinates": [-79.5808666, 8.9986067]}, "properties": {"altura_m": 4, "diametro_copa_m": 6.1, "en_bosque_osm": false, "copa_separada": true}}, {"type": "Feature", "geometry": {"type": "Point", "coordinates": [-79.5845144, 8.9957773]}, "properties": {"altura_m": 4, "diametro_copa_m": 6.1, "en_bosque_osm": true, "copa_separada": true}}, {"type": "Feature", "geometry": {"type": "Point", "coordinates": [-79.5764249, 8.9919942]}, "properties": {"altura_m": 4, "diametro_copa_m": 6.1, "en_bosque_osm": false, "copa_separada": true}}, {"type": "Feature", "geometry": {"type": "Point", "coordinates": [-79.5835917, 8.9935838]}, "properties": {"altura_m": 4, "diametro_copa_m": 6.1, "en_bosque_osm": true, "copa_separada": true}}, {"type": "Feature", "geometry": {"type": "Point", "coordinates": [-79.5738178, 8.9940818]}, "properties": {"altura_m": 4, "diametro_copa_m": 6.1, "en_bosque_osm": false, "copa_separada": true}}, {"type": "Feature", "geometry": {"type": "Point", "coordinates": [-79.5752662, 8.9966675]}, "properties": {"altura_m": 4, "diametro_copa_m": 6.1, "en_bosque_osm": false, "copa_separada": true}}, {"type": "Feature", "geometry": {"type": "Point", "coordinates": [-79.5871966, 8.9997935]}, "properties": {"altura_m": 4, "diametro_copa_m": 6.1, "en_bosque_osm": false, "copa_separada": true}}, {"type": "Feature", "geometry": {"type": "Point", "coordinates": [-79.5769399, 8.9975364]}, "properties": {"altura_m": 5, "diametro_copa_m": 4.0, "en_bosque_osm": true, "copa_separada": true}}, {"type": "Feature", "geometry": {"type": "Point", "coordinates": [-79.5751589, 8.9968264]}, "properties": {"altura_m": 4, "diametro_copa_m": 6.1, "en_bosque_osm": false, "copa_separada": true}}, {"type": "Feature", "geometry": {"type": "Point", "coordinates": [-79.5896535, 8.9925559]}, "properties": {"altura_m": 4, "diametro_copa_m": 6.1, "en_bosque_osm": false, "copa_separada": true}}, {"type": "Feature", "geometry": {"type": "Point", "coordinates": [-79.5859199, 8.9990836]}, "properties": {"altura_m": 4, "diametro_copa_m": 6.1, "en_bosque_osm": true, "copa_separada": true}}, {"type": "Feature", "geometry": {"type": "Point", "coordinates": [-79.583184, 8.9976742]}, "properties": {"altura_m": 4, "diametro_copa_m": 6.1, "en_bosque_osm": false, "copa_separada": true}}, {"type": "Feature", "geometry": {"type": "Point", "coordinates": [-79.574837, 8.9936898]}, "properties": {"altura_m": 4, "diametro_copa_m": 6.1, "en_bosque_osm": false, "copa_separada": true}}, {"type": "Feature", "geometry": {"type": "Point", "coordinates": [-79.578914, 8.9979815]}, "properties": {"altura_m": 4, "diametro_copa_m": 6.1, "en_bosque_osm": false, "copa_separada": true}}, {"type": "Feature", "geometry": {"type": "Point", "coordinates": [-79.5787959, 9.0053568]}, "properties": {"altura_m": 4, "diametro_copa_m": 6.1, "en_bosque_osm": false, "copa_separada": true}}, {"type": "Feature", "geometry": {"type": "Point", "coordinates": [-79.575706, 8.9971973]}, "properties": {"altura_m": 4, "diametro_copa_m": 6.1, "en_bosque_osm": true, "copa_separada": false}}, {"type": "Feature", "geometry": {"type": "Point", "coordinates": [-79.5738607, 9.002909]}, "properties": {"altura_m": 4, "diametro_copa_m": 6.1, "en_bosque_osm": false, "copa_separada": true}}, {"type": "Feature", "geometry": {"type": "Point", "coordinates": [-79.5861237, 8.9969642]}, "properties": {"altura_m": 4, "diametro_copa_m": 6.1, "en_bosque_osm": true, "copa_separada": true}}, {"type": "Feature", "geometry": {"type": "Point", "coordinates": [-79.5847075, 8.9991471]}, "properties": {"altura_m": 5, "diametro_copa_m": 4.6, "en_bosque_osm": false, "copa_separada": true}}, {"type": "Feature", "geometry": {"type": "Point", "coordinates": [-79.5794182, 9.0068721]}, "properties": {"altura_m": 4, "diametro_copa_m": 6.1, "en_bosque_osm": false, "copa_separada": true}}, {"type": "Feature", "geometry": {"type": "Point", "coordinates": [-79.5796864, 8.999677]}, "properties": {"altura_m": 4, "diametro_copa_m": 6.1, "en_bosque_osm": false, "copa_separada": true}}, {"type": "Feature", "geometry": {"type": "Point", "coordinates": [-79.5767146, 8.9923863]}, "properties": {"altura_m": 4, "diametro_copa_m": 6.1, "en_bosque_osm": false, "copa_separada": true}}, {"type": "Feature", "geometry": {"type": "Point", "coordinates": [-79.5739251, 9.0074337]}, "properties": {"altura_m": 4, "diametro_copa_m": 6.1, "en_bosque_osm": false, "copa_separada": true}}, {"type": "Feature", "geometry": {"type": "Point", "coordinates": [-79.5756953, 8.9972503]}, "properties": {"altura_m": 4, "diametro_copa_m": 6.1, "en_bosque_osm": true, "copa_separada": false}}, {"type": "Feature", "geometry": {"type": "Point", "coordinates": [-79.5808452, 8.9945375]}, "properties": {"altura_m": 4, "diametro_copa_m": 6.0, "en_bosque_osm": false, "copa_separada": true}}, {"type": "Feature", "geometry": {"type": "Point", "coordinates": [-79.5774119, 8.994262]}, "properties": {"altura_m": 4, "diametro_copa_m": 5.8, "en_bosque_osm": true, "copa_separada": true}}, {"type": "Feature", "geometry": {"type": "Point", "coordinates": [-79.577133, 8.9917399]}, "properties": {"altura_m": 4, "diametro_copa_m": 6.1, "en_bosque_osm": false, "copa_separada": true}}, {"type": "Feature", "geometry": {"type": "Point", "coordinates": [-79.577369, 9.0023156]}, "properties": {"altura_m": 4, "diametro_copa_m": 6.1, "en_bosque_osm": false, "copa_separada": true}}, {"type": "Feature", "geometry": {"type": "Point", "coordinates": [-79.5848256, 8.997547]}, "properties": {"altura_m": 4, "diametro_copa_m": 6.0, "en_bosque_osm": true, "copa_separada": true}}, {"type": "Feature", "geometry": {"type": "Point", "coordinates": [-79.5826047, 8.9976212]}, "properties": {"altura_m": 4, "diametro_copa_m": 5.8, "en_bosque_osm": false, "copa_separada": true}}, {"type": "Feature", "geometry": {"type": "Point", "coordinates": [-79.5814782, 8.9985961]}, "properties": {"altura_m": 5, "diametro_copa_m": 4.8, "en_bosque_osm": false, "copa_separada": true}}, {"type": "Feature", "geometry": {"type": "Point", "coordinates": [-79.5815425, 9.0050283]}, "properties": {"altura_m": 4, "diametro_copa_m": 6.1, "en_bosque_osm": false, "copa_separada": true}}, {"type": "Feature", "geometry": {"type": "Point", "coordinates": [-79.5752018, 8.99902]}, "properties": {"altura_m": 4, "diametro_copa_m": 6.1, "en_bosque_osm": true, "copa_separada": true}}, {"type": "Feature", "geometry": {"type": "Point", "coordinates": [-79.5810919, 9.0042336]}, "properties": {"altura_m": 4, "diametro_copa_m": 5.6, "en_bosque_osm": false, "copa_separada": true}}, {"type": "Feature", "geometry": {"type": "Point", "coordinates": [-79.5771115, 9.0046998]}, "properties": {"altura_m": 4, "diametro_copa_m": 6.1, "en_bosque_osm": false, "copa_separada": true}}, {"type": "Feature", "geometry": {"type": "Point", "coordinates": [-79.5871323, 8.99973]}, "properties": {"altura_m": 4, "diametro_copa_m": 6.0, "en_bosque_osm": false, "copa_separada": true}}, {"type": "Feature", "geometry": {"type": "Point", "coordinates": [-79.5783668, 8.9995392]}, "properties": {"altura_m": 4, "diametro_copa_m": 6.1, "en_bosque_osm": false, "copa_separada": true}}, {"type": "Feature", "geometry": {"type": "Point", "coordinates": [-79.5775943, 8.994209]}, "properties": {"altura_m": 4, "diametro_copa_m": 6.1, "en_bosque_osm": true, "copa_separada": true}}, {"type": "Feature", "geometry": {"type": "Point", "coordinates": [-79.5757597, 9.0070734]}, "properties": {"altura_m": 4, "diametro_copa_m": 5.3, "en_bosque_osm": false, "copa_separada": true}}, {"type": "Feature", "geometry": {"type": "Point", "coordinates": [-79.5856517, 8.9928632]}, "properties": {"altura_m": 4, "diametro_copa_m": 5.5, "en_bosque_osm": false, "copa_separada": true}}, {"type": "Feature", "geometry": {"type": "Point", "coordinates": [-79.5789354, 8.9943362]}, "properties": {"altura_m": 4, "diametro_copa_m": 5.8, "en_bosque_osm": true, "copa_separada": true}}, {"type": "Feature", "geometry": {"type": "Point", "coordinates": [-79.5775943, 9.004615]}, "properties": {"altura_m": 4, "diametro_copa_m": 5.6, "en_bosque_osm": false, "copa_separada": true}}, {"type": "Feature", "geometry": {"type": "Point", "coordinates": [-79.5773046, 8.9927466]}, "properties": {"altura_m": 4, "diametro_copa_m": 6.1, "en_bosque_osm": false, "copa_separada": true}}, {"type": "Feature", "geometry": {"type": "Point", "coordinates": [-79.5772832, 8.9971973]}, "properties": {"altura_m": 4, "diametro_copa_m": 5.5, "en_bosque_osm": true, "copa_separada": true}}, {"type": "Feature", "geometry": {"type": "Point", "coordinates": [-79.5804589, 9.0059714]}, "properties": {"altura_m": 4, "diametro_copa_m": 5.2, "en_bosque_osm": false, "copa_separada": true}}, {"type": "Feature", "geometry": {"type": "Point", "coordinates": [-79.5831733, 9.0006625]}, "properties": {"altura_m": 4, "diametro_copa_m": 5.5, "en_bosque_osm": false, "copa_separada": true}}, {"type": "Feature", "geometry": {"type": "Point", "coordinates": [-79.5743328, 9.0001326]}, "properties": {"altura_m": 4, "diametro_copa_m": 5.6, "en_bosque_osm": true, "copa_separada": true}}, {"type": "Feature", "geometry": {"type": "Point", "coordinates": [-79.577605, 8.9932765]}, "properties": {"altura_m": 4, "diametro_copa_m": 6.1, "en_bosque_osm": false, "copa_separada": true}}, {"type": "Feature", "geometry": {"type": "Point", "coordinates": [-79.5738607, 8.9982358]}, "properties": {"altura_m": 4, "diametro_copa_m": 6.0, "en_bosque_osm": false, "copa_separada": true}}, {"type": "Feature", "geometry": {"type": "Point", "coordinates": [-79.5774763, 8.9951945]}, "properties": {"altura_m": 4, "diametro_copa_m": 5.6, "en_bosque_osm": true, "copa_separada": true}}, {"type": "Feature", "geometry": {"type": "Point", "coordinates": [-79.5831948, 8.9938593]}, "properties": {"altura_m": 4, "diametro_copa_m": 6.1, "en_bosque_osm": true, "copa_separada": true}}, {"type": "Feature", "geometry": {"type": "Point", "coordinates": [-79.5814889, 9.0049435]}, "properties": {"altura_m": 4, "diametro_copa_m": 5.3, "en_bosque_osm": false, "copa_separada": true}}, {"type": "Feature", "geometry": {"type": "Point", "coordinates": [-79.5846002, 8.9955972]}, "properties": {"altura_m": 4, "diametro_copa_m": 6.0, "en_bosque_osm": true, "copa_separada": true}}, {"type": "Feature", "geometry": {"type": "Point", "coordinates": [-79.5810061, 8.9962118]}, "properties": {"altura_m": 4, "diametro_copa_m": 2.7, "en_bosque_osm": false, "copa_separada": true}}, {"type": "Feature", "geometry": {"type": "Point", "coordinates": [-79.5816069, 8.9921744]}, "properties": {"altura_m": 4, "diametro_copa_m": 5.5, "en_bosque_osm": true, "copa_separada": true}}, {"type": "Feature", "geometry": {"type": "Point", "coordinates": [-79.5792466, 8.9949932]}, "properties": {"altura_m": 4, "diametro_copa_m": 5.5, "en_bosque_osm": true, "copa_separada": true}}, {"type": "Feature", "geometry": {"type": "Point", "coordinates": [-79.5891278, 9.0005141]}, "properties": {"altura_m": 4, "diametro_copa_m": 6.1, "en_bosque_osm": false, "copa_separada": true}}, {"type": "Feature", "geometry": {"type": "Point", "coordinates": [-79.5768111, 9.0021778]}, "properties": {"altura_m": 4, "diametro_copa_m": 5.5, "en_bosque_osm": false, "copa_separada": true}}, {"type": "Feature", "geometry": {"type": "Point", "coordinates": [-79.5864563, 9.003958]}, "properties": {"altura_m": 5, "diametro_copa_m": 3.0, "en_bosque_osm": false, "copa_separada": true}}, {"type": "Feature", "geometry": {"type": "Point", "coordinates": [-79.58754, 9.0010757]}, "properties": {"altura_m": 4, "diametro_copa_m": 6.1, "en_bosque_osm": false, "copa_separada": true}}, {"type": "Feature", "geometry": {"type": "Point", "coordinates": [-79.583345, 8.9978755]}, "properties": {"altura_m": 4, "diametro_copa_m": 6.1, "en_bosque_osm": false, "copa_separada": true}}, {"type": "Feature", "geometry": {"type": "Point", "coordinates": [-79.578281, 9.0073913]}, "properties": {"altura_m": 4, "diametro_copa_m": 5.6, "en_bosque_osm": false, "copa_separada": true}}, {"type": "Feature", "geometry": {"type": "Point", "coordinates": [-79.5738714, 9.0004717]}, "properties": {"altura_m": 4, "diametro_copa_m": 5.3, "en_bosque_osm": true, "copa_separada": true}}, {"type": "Feature", "geometry": {"type": "Point", "coordinates": [-79.5763069, 9.0057383]}, "properties": {"altura_m": 4, "diametro_copa_m": 5.6, "en_bosque_osm": false, "copa_separada": true}}, {"type": "Feature", "geometry": {"type": "Point", "coordinates": [-79.5760708, 8.9968582]}, "properties": {"altura_m": 4, "diametro_copa_m": 5.5, "en_bosque_osm": true, "copa_separada": true}}, {"type": "Feature", "geometry": {"type": "Point", "coordinates": [-79.5772725, 8.9916339]}, "properties": {"altura_m": 4, "diametro_copa_m": 5.5, "en_bosque_osm": false, "copa_separada": true}}, {"type": "Feature", "geometry": {"type": "Point", "coordinates": [-79.5831948, 9.0013301]}, "properties": {"altura_m": 4, "diametro_copa_m": 5.2, "en_bosque_osm": false, "copa_separada": true}}, {"type": "Feature", "geometry": {"type": "Point", "coordinates": [-79.5758026, 9.0025381]}, "properties": {"altura_m": 4, "diametro_copa_m": 5.5, "en_bosque_osm": false, "copa_separada": true}}, {"type": "Feature", "geometry": {"type": "Point", "coordinates": [-79.5888703, 8.9957244]}, "properties": {"altura_m": 4, "diametro_copa_m": 5.8, "en_bosque_osm": false, "copa_separada": true}}, {"type": "Feature", "geometry": {"type": "Point", "coordinates": [-79.574483, 9.0019659]}, "properties": {"altura_m": 4, "diametro_copa_m": 5.5, "en_bosque_osm": false, "copa_separada": true}}, {"type": "Feature", "geometry": {"type": "Point", "coordinates": [-79.5764249, 9.0020506]}, "properties": {"altura_m": 4, "diametro_copa_m": 5.3, "en_bosque_osm": false, "copa_separada": true}}, {"type": "Feature", "geometry": {"type": "Point", "coordinates": [-79.5737856, 8.9977484]}, "properties": {"altura_m": 4, "diametro_copa_m": 6.1, "en_bosque_osm": false, "copa_separada": true}}, {"type": "Feature", "geometry": {"type": "Point", "coordinates": [-79.5774763, 9.001542]}, "properties": {"altura_m": 4, "diametro_copa_m": 5.3, "en_bosque_osm": false, "copa_separada": true}}, {"type": "Feature", "geometry": {"type": "Point", "coordinates": [-79.5739251, 8.9976424]}, "properties": {"altura_m": 4, "diametro_copa_m": 6.0, "en_bosque_osm": false, "copa_separada": true}}, {"type": "Feature", "geometry": {"type": "Point", "coordinates": [-79.578517, 8.9997088]}, "properties": {"altura_m": 4, "diametro_copa_m": 5.2, "en_bosque_osm": false, "copa_separada": true}}, {"type": "Feature", "geometry": {"type": "Point", "coordinates": [-79.5774763, 8.9950038]}, "properties": {"altura_m": 4, "diametro_copa_m": 5.8, "en_bosque_osm": true, "copa_separada": true}}, {"type": "Feature", "geometry": {"type": "Point", "coordinates": [-79.5886665, 9.0036295]}, "properties": {"altura_m": 4, "diametro_copa_m": 5.2, "en_bosque_osm": false, "copa_separada": true}}, {"type": "Feature", "geometry": {"type": "Point", "coordinates": [-79.5799117, 8.998363]}, "properties": {"altura_m": 4, "diametro_copa_m": 2.7, "en_bosque_osm": false, "copa_separada": true}}, {"type": "Feature", "geometry": {"type": "Point", "coordinates": [-79.586113, 9.0003764]}, "properties": {"altura_m": 4, "diametro_copa_m": 4.4, "en_bosque_osm": false, "copa_separada": true}}, {"type": "Feature", "geometry": {"type": "Point", "coordinates": [-79.57547, 8.9959575]}, "properties": {"altura_m": 4, "diametro_copa_m": 6.1, "en_bosque_osm": false, "copa_separada": true}}, {"type": "Feature", "geometry": {"type": "Point", "coordinates": [-79.5858233, 8.9999631]}, "properties": {"altura_m": 4, "diametro_copa_m": 5.0, "en_bosque_osm": false, "copa_separada": true}}, {"type": "Feature", "geometry": {"type": "Point", "coordinates": [-79.5777982, 8.9952157]}, "properties": {"altura_m": 4, "diametro_copa_m": 5.6, "en_bosque_osm": true, "copa_separada": false}}, {"type": "Feature", "geometry": {"type": "Point", "coordinates": [-79.5870786, 9.003566]}, "properties": {"altura_m": 4, "diametro_copa_m": 4.4, "en_bosque_osm": false, "copa_separada": true}}, {"type": "Feature", "geometry": {"type": "Point", "coordinates": [-79.586864, 9.0053144]}, "properties": {"altura_m": 4, "diametro_copa_m": 4.4, "en_bosque_osm": false, "copa_separada": true}}, {"type": "Feature", "geometry": {"type": "Point", "coordinates": [-79.5795148, 8.9969112]}, "properties": {"altura_m": 4, "diametro_copa_m": 5.2, "en_bosque_osm": false, "copa_separada": true}}, {"type": "Feature", "geometry": {"type": "Point", "coordinates": [-79.5822184, 8.9971126]}, "properties": {"altura_m": 4, "diametro_copa_m": 4.4, "en_bosque_osm": false, "copa_separada": true}}, {"type": "Feature", "geometry": {"type": "Point", "coordinates": [-79.581918, 8.9971973]}, "properties": {"altura_m": 5, "diametro_copa_m": 3.8, "en_bosque_osm": false, "copa_separada": true}}, {"type": "Feature", "geometry": {"type": "Point", "coordinates": [-79.5814031, 8.9999949]}, "properties": {"altura_m": 4, "diametro_copa_m": 4.2, "en_bosque_osm": false, "copa_separada": true}}, {"type": "Feature", "geometry": {"type": "Point", "coordinates": [-79.5760065, 8.9992637]}, "properties": {"altura_m": 4, "diametro_copa_m": 4.4, "en_bosque_osm": true, "copa_separada": true}}, {"type": "Feature", "geometry": {"type": "Point", "coordinates": [-79.575706, 8.9937851]}, "properties": {"altura_m": 4, "diametro_copa_m": 5.0, "en_bosque_osm": false, "copa_separada": true}}, {"type": "Feature", "geometry": {"type": "Point", "coordinates": [-79.5860701, 9.0003022]}, "properties": {"altura_m": 4, "diametro_copa_m": 4.4, "en_bosque_osm": false, "copa_separada": true}}, {"type": "Feature", "geometry": {"type": "Point", "coordinates": [-79.5735495, 8.9977907]}, "properties": {"altura_m": 4, "diametro_copa_m": 6.1, "en_bosque_osm": false, "copa_separada": true}}, {"type": "Feature", "geometry": {"type": "Point", "coordinates": [-79.5829695, 8.9933613]}, "properties": {"altura_m": 4, "diametro_copa_m": 6.1, "en_bosque_osm": true, "copa_separada": true}}, {"type": "Feature", "geometry": {"type": "Point", "coordinates": [-79.5892136, 8.99973]}, "properties": {"altura_m": 4, "diametro_copa_m": 6.0, "en_bosque_osm": false, "copa_separada": true}}, {"type": "Feature", "geometry": {"type": "Point", "coordinates": [-79.5769077, 8.9954171]}, "properties": {"altura_m": 4, "diametro_copa_m": 5.6, "en_bosque_osm": false, "copa_separada": false}}, {"type": "Feature", "geometry": {"type": "Point", "coordinates": [-79.5778947, 9.0036084]}, "properties": {"altura_m": 4, "diametro_copa_m": 4.2, "en_bosque_osm": false, "copa_separada": true}}, {"type": "Feature", "geometry": {"type": "Point", "coordinates": [-79.5863061, 9.0031739]}, "properties": {"altura_m": 5, "diametro_copa_m": 3.3, "en_bosque_osm": false, "copa_separada": true}}, {"type": "Feature", "geometry": {"type": "Point", "coordinates": [-79.5794826, 9.0037355]}, "properties": {"altura_m": 4, "diametro_copa_m": 4.4, "en_bosque_osm": false, "copa_separada": true}}, {"type": "Feature", "geometry": {"type": "Point", "coordinates": [-79.5775514, 8.9942938]}, "properties": {"altura_m": 4, "diametro_copa_m": 5.2, "en_bosque_osm": true, "copa_separada": true}}, {"type": "Feature", "geometry": {"type": "Point", "coordinates": [-79.5822399, 8.9986385]}, "properties": {"altura_m": 4, "diametro_copa_m": 3.5, "en_bosque_osm": false, "copa_separada": true}}, {"type": "Feature", "geometry": {"type": "Point", "coordinates": [-79.580931, 8.9999313]}, "properties": {"altura_m": 5, "diametro_copa_m": 3.5, "en_bosque_osm": false, "copa_separada": true}}, {"type": "Feature", "geometry": {"type": "Point", "coordinates": [-79.5816284, 8.9962118]}, "properties": {"altura_m": 4, "diametro_copa_m": 4.4, "en_bosque_osm": false, "copa_separada": true}}, {"type": "Feature", "geometry": {"type": "Point", "coordinates": [-79.5857697, 8.9998889]}, "properties": {"altura_m": 4, "diametro_copa_m": 4.0, "en_bosque_osm": false, "copa_separada": true}}, {"type": "Feature", "geometry": {"type": "Point", "coordinates": [-79.5768326, 8.9941666]}, "properties": {"altura_m": 4, "diametro_copa_m": 6.1, "en_bosque_osm": false, "copa_separada": true}}, {"type": "Feature", "geometry": {"type": "Point", "coordinates": [-79.576618, 8.9978649]}, "properties": {"altura_m": 5, "diametro_copa_m": 2.7, "en_bosque_osm": true, "copa_separada": true}}, {"type": "Feature", "geometry": {"type": "Point", "coordinates": [-79.5757168, 8.9957879]}, "properties": {"altura_m": 4, "diametro_copa_m": 5.2, "en_bosque_osm": false, "copa_separada": true}}, {"type": "Feature", "geometry": {"type": "Point", "coordinates": [-79.5743113, 9.0013089]}, "properties": {"altura_m": 5, "diametro_copa_m": 3.8, "en_bosque_osm": true, "copa_separada": true}}, {"type": "Feature", "geometry": {"type": "Point", "coordinates": [-79.5803945, 9.0044349]}, "properties": {"altura_m": 4, "diametro_copa_m": 3.5, "en_bosque_osm": false, "copa_separada": true}}, {"type": "Feature", "geometry": {"type": "Point", "coordinates": [-79.5868211, 9.0049859]}, "properties": {"altura_m": 5, "diametro_copa_m": 2.7, "en_bosque_osm": false, "copa_separada": true}}, {"type": "Feature", "geometry": {"type": "Point", "coordinates": [-79.5870572, 8.999624]}, "properties": {"altura_m": 4, "diametro_copa_m": 4.8, "en_bosque_osm": false, "copa_separada": true}}, {"type": "Feature", "geometry": {"type": "Point", "coordinates": [-79.576736, 8.99547]}, "properties": {"altura_m": 4, "diametro_copa_m": 4.2, "en_bosque_osm": false, "copa_separada": true}}, {"type": "Feature", "geometry": {"type": "Point", "coordinates": [-79.5818429, 8.9962966]}, "properties": {"altura_m": 4, "diametro_copa_m": 2.3, "en_bosque_osm": false, "copa_separada": true}}, {"type": "Feature", "geometry": {"type": "Point", "coordinates": [-79.5767146, 8.9998889]}, "properties": {"altura_m": 4, "diametro_copa_m": 3.5, "en_bosque_osm": false, "copa_separada": true}}, {"type": "Feature", "geometry": {"type": "Point", "coordinates": [-79.5847934, 8.9925453]}, "properties": {"altura_m": 4, "diametro_copa_m": 4.4, "en_bosque_osm": false, "copa_separada": true}}, {"type": "Feature", "geometry": {"type": "Point", "coordinates": [-79.5892566, 9.0045938]}, "properties": {"altura_m": 4, "diametro_copa_m": 3.3, "en_bosque_osm": false, "copa_separada": true}}, {"type": "Feature", "geometry": {"type": "Point", "coordinates": [-79.5769506, 8.9918777]}, "properties": {"altura_m": 4, "diametro_copa_m": 4.6, "en_bosque_osm": false, "copa_separada": true}}, {"type": "Feature", "geometry": {"type": "Point", "coordinates": [-79.5802229, 9.0064906]}, "properties": {"altura_m": 4, "diametro_copa_m": 3.8, "en_bosque_osm": false, "copa_separada": true}}, {"type": "Feature", "geometry": {"type": "Point", "coordinates": [-79.5772403, 8.9974093]}, "properties": {"altura_m": 4, "diametro_copa_m": 4.6, "en_bosque_osm": true, "copa_separada": true}}, {"type": "Feature", "geometry": {"type": "Point", "coordinates": [-79.5863812, 8.9960529]}, "properties": {"altura_m": 4, "diametro_copa_m": 5.0, "en_bosque_osm": true, "copa_separada": true}}, {"type": "Feature", "geometry": {"type": "Point", "coordinates": [-79.582712, 8.9975046]}, "properties": {"altura_m": 4, "diametro_copa_m": 3.3, "en_bosque_osm": false, "copa_separada": true}}, {"type": "Feature", "geometry": {"type": "Point", "coordinates": [-79.5799439, 9.0048799]}, "properties": {"altura_m": 4, "diametro_copa_m": 4.6, "en_bosque_osm": false, "copa_separada": true}}, {"type": "Feature", "geometry": {"type": "Point", "coordinates": [-79.5800083, 8.9934778]}, "properties": {"altura_m": 4, "diametro_copa_m": 3.5, "en_bosque_osm": false, "copa_separada": true}}, {"type": "Feature", "geometry": {"type": "Point", "coordinates": [-79.575073, 8.9993697]}, "properties": {"altura_m": 4, "diametro_copa_m": 3.3, "en_bosque_osm": true, "copa_separada": true}}, {"type": "Feature", "geometry": {"type": "Point", "coordinates": [-79.5819395, 9.0050389]}, "properties": {"altura_m": 4, "diametro_copa_m": 3.5, "en_bosque_osm": false, "copa_separada": true}}, {"type": "Feature", "geometry": {"type": "Point", "coordinates": [-79.5755558, 9.0068615]}, "properties": {"altura_m": 4, "diametro_copa_m": 3.5, "en_bosque_osm": false, "copa_separada": true}}, {"type": "Feature", "geometry": {"type": "Point", "coordinates": [-79.5759206, 8.9962224]}, "properties": {"altura_m": 4, "diametro_copa_m": 4.6, "en_bosque_osm": true, "copa_separada": true}}, {"type": "Feature", "geometry": {"type": "Point", "coordinates": [-79.5743864, 8.9968688]}, "properties": {"altura_m": 4, "diametro_copa_m": 4.6, "en_bosque_osm": false, "copa_separada": true}}, {"type": "Feature", "geometry": {"type": "Point", "coordinates": [-79.5862847, 8.99618]}, "properties": {"altura_m": 4, "diametro_copa_m": 4.6, "en_bosque_osm": true, "copa_separada": true}}, {"type": "Feature", "geometry": {"type": "Point", "coordinates": [-79.5810597, 8.9941772]}, "properties": {"altura_m": 4, "diametro_copa_m": 3.8, "en_bosque_osm": false, "copa_separada": true}}, {"type": "Feature", "geometry": {"type": "Point", "coordinates": [-79.5774763, 9.004615]}, "properties": {"altura_m": 4, "diametro_copa_m": 4.4, "en_bosque_osm": false, "copa_separada": true}}, {"type": "Feature", "geometry": {"type": "Point", "coordinates": [-79.5828836, 8.9936262]}, "properties": {"altura_m": 4, "diametro_copa_m": 3.3, "en_bosque_osm": true, "copa_separada": true}}, {"type": "Feature", "geometry": {"type": "Point", "coordinates": [-79.5748692, 9.0033964]}, "properties": {"altura_m": 4, "diametro_copa_m": 4.0, "en_bosque_osm": false, "copa_separada": true}}, {"type": "Feature", "geometry": {"type": "Point", "coordinates": [-79.575867, 8.995629]}, "properties": {"altura_m": 4, "diametro_copa_m": 3.8, "en_bosque_osm": false, "copa_separada": true}}, {"type": "Feature", "geometry": {"type": "Point", "coordinates": [-79.5768218, 9.0003658]}, "properties": {"altura_m": 4, "diametro_copa_m": 3.5, "en_bosque_osm": false, "copa_separada": true}}, {"type": "Feature", "geometry": {"type": "Point", "coordinates": [-79.5818322, 9.0032799]}, "properties": {"altura_m": 4, "diametro_copa_m": 3.3, "en_bosque_osm": false, "copa_separada": true}}, {"type": "Feature", "geometry": {"type": "Point", "coordinates": [-79.5770364, 8.9916657]}, "properties": {"altura_m": 4, "diametro_copa_m": 3.3, "en_bosque_osm": false, "copa_separada": true}}, {"type": "Feature", "geometry": {"type": "Point", "coordinates": [-79.5794826, 9.0036613]}, "properties": {"altura_m": 4, "diametro_copa_m": 3.3, "en_bosque_osm": false, "copa_separada": true}}, {"type": "Feature", "geometry": {"type": "Point", "coordinates": [-79.5823365, 8.9985007]}, "properties": {"altura_m": 4, "diametro_copa_m": 3.3, "en_bosque_osm": false, "copa_separada": true}}, {"type": "Feature", "geometry": {"type": "Point", "coordinates": [-79.5750087, 8.9998571]}, "properties": {"altura_m": 4, "diametro_copa_m": 3.0, "en_bosque_osm": true, "copa_separada": true}}, {"type": "Feature", "geometry": {"type": "Point", "coordinates": [-79.5862525, 9.0038945]}, "properties": {"altura_m": 4, "diametro_copa_m": 3.3, "en_bosque_osm": false, "copa_separada": true}}, {"type": "Feature", "geometry": {"type": "Point", "coordinates": [-79.5771115, 8.9991047]}, "properties": {"altura_m": 4, "diametro_copa_m": 3.0, "en_bosque_osm": false, "copa_separada": true}}, {"type": "Feature", "geometry": {"type": "Point", "coordinates": [-79.5888489, 9.0042971]}, "properties": {"altura_m": 4, "diametro_copa_m": 2.7, "en_bosque_osm": false, "copa_separada": true}}, {"type": "Feature", "geometry": {"type": "Point", "coordinates": [-79.5737641, 8.9978437]}, "properties": {"altura_m": 4, "diametro_copa_m": 4.8, "en_bosque_osm": false, "copa_separada": true}}, {"type": "Feature", "geometry": {"type": "Point", "coordinates": [-79.5767789, 8.9932765]}, "properties": {"altura_m": 4, "diametro_copa_m": 4.8, "en_bosque_osm": false, "copa_separada": true}}, {"type": "Feature", "geometry": {"type": "Point", "coordinates": [-79.5797294, 9.0067132]}, "properties": {"altura_m": 4, "diametro_copa_m": 4.6, "en_bosque_osm": false, "copa_separada": true}}, {"type": "Feature", "geometry": {"type": "Point", "coordinates": [-79.5856624, 8.996996]}, "properties": {"altura_m": 4, "diametro_copa_m": 4.2, "en_bosque_osm": false, "copa_separada": true}}, {"type": "Feature", "geometry": {"type": "Point", "coordinates": [-79.5795792, 8.9969854]}, "properties": {"altura_m": 4, "diametro_copa_m": 3.8, "en_bosque_osm": false, "copa_separada": true}}, {"type": "Feature", "geometry": {"type": "Point", "coordinates": [-79.5783775, 9.0073383]}, "properties": {"altura_m": 4, "diametro_copa_m": 3.5, "en_bosque_osm": false, "copa_separada": true}}, {"type": "Feature", "geometry": {"type": "Point", "coordinates": [-79.5787852, 8.9993697]}, "properties": {"altura_m": 4, "diametro_copa_m": 3.3, "en_bosque_osm": false, "copa_separada": true}}, {"type": "Feature", "geometry": {"type": "Point", "coordinates": [-79.576854, 8.9954277]}, "properties": {"altura_m": 4, "diametro_copa_m": 4.2, "en_bosque_osm": false, "copa_separada": false}}, {"type": "Feature", "geometry": {"type": "Point", "coordinates": [-79.5802122, 8.9961482]}, "properties": {"altura_m": 4, "diametro_copa_m": 3.5, "en_bosque_osm": false, "copa_separada": true}}, {"type": "Feature", "geometry": {"type": "Point", "coordinates": [-79.5809524, 9.0043289]}, "properties": {"altura_m": 4, "diametro_copa_m": 3.3, "en_bosque_osm": false, "copa_separada": true}}, {"type": "Feature", "geometry": {"type": "Point", "coordinates": [-79.5896213, 8.9965191]}, "properties": {"altura_m": 4, "diametro_copa_m": 2.7, "en_bosque_osm": false, "copa_separada": true}}, {"type": "Feature", "geometry": {"type": "Point", "coordinates": [-79.5809739, 8.9964132]}, "properties": {"altura_m": 4, "diametro_copa_m": 3.0, "en_bosque_osm": false, "copa_separada": true}}, {"type": "Feature", "geometry": {"type": "Point", "coordinates": [-79.5791071, 8.9993273]}, "properties": {"altura_m": 3, "diametro_copa_m": 3.0, "en_bosque_osm": false, "copa_separada": true}}, {"type": "Feature", "geometry": {"type": "Point", "coordinates": [-79.5768218, 8.9994121]}, "properties": {"altura_m": 4, "diametro_copa_m": 2.7, "en_bosque_osm": false, "copa_separada": true}}, {"type": "Feature", "geometry": {"type": "Point", "coordinates": [-79.579901, 8.9925347]}, "properties": {"altura_m": 4, "diametro_copa_m": 2.7, "en_bosque_osm": false, "copa_separada": true}}, {"type": "Feature", "geometry": {"type": "Point", "coordinates": [-79.585598, 9.0045091]}, "properties": {"altura_m": 4, "diametro_copa_m": 2.3, "en_bosque_osm": false, "copa_separada": true}}, {"type": "Feature", "geometry": {"type": "Point", "coordinates": [-79.5821541, 8.9965721]}, "properties": {"altura_m": 4, "diametro_copa_m": 2.3, "en_bosque_osm": false, "copa_separada": true}}, {"type": "Feature", "geometry": {"type": "Point", "coordinates": [-79.5736247, 8.9982782]}, "properties": {"altura_m": 4, "diametro_copa_m": 4.6, "en_bosque_osm": false, "copa_separada": true}}, {"type": "Feature", "geometry": {"type": "Point", "coordinates": [-79.5857482, 8.9988398]}, "properties": {"altura_m": 4, "diametro_copa_m": 4.4, "en_bosque_osm": true, "copa_separada": true}}, {"type": "Feature", "geometry": {"type": "Point", "coordinates": [-79.5830875, 9.0036613]}, "properties": {"altura_m": 4, "diametro_copa_m": 2.7, "en_bosque_osm": false, "copa_separada": true}}, {"type": "Feature", "geometry": {"type": "Point", "coordinates": [-79.5778196, 9.0028348]}, "properties": {"altura_m": 4, "diametro_copa_m": 3.8, "en_bosque_osm": false, "copa_separada": true}}, {"type": "Feature", "geometry": {"type": "Point", "coordinates": [-79.5803731, 8.9958091]}, "properties": {"altura_m": 4, "diametro_copa_m": 3.0, "en_bosque_osm": false, "copa_separada": true}}, {"type": "Feature", "geometry": {"type": "Point", "coordinates": [-79.5756202, 9.0033646]}, "properties": {"altura_m": 4, "diametro_copa_m": 2.3, "en_bosque_osm": false, "copa_separada": true}}, {"type": "Feature", "geometry": {"type": "Point", "coordinates": [-79.5857482, 9.0028348]}, "properties": {"altura_m": 4, "diametro_copa_m": 2.7, "en_bosque_osm": false, "copa_separada": true}}, {"type": "Feature", "geometry": {"type": "Point", "coordinates": [-79.5769184, 8.9958939]}, "properties": {"altura_m": 4, "diametro_copa_m": 3.8, "en_bosque_osm": true, "copa_separada": true}}, {"type": "Feature", "geometry": {"type": "Point", "coordinates": [-79.5806091, 9.0044137]}, "properties": {"altura_m": 4, "diametro_copa_m": 3.0, "en_bosque_osm": false, "copa_separada": true}}, {"type": "Feature", "geometry": {"type": "Point", "coordinates": [-79.583978, 8.9981192]}, "properties": {"altura_m": 4, "diametro_copa_m": 2.3, "en_bosque_osm": false, "copa_separada": true}}, {"type": "Feature", "geometry": {"type": "Point", "coordinates": [-79.5760065, 9.0059714]}, "properties": {"altura_m": 4, "diametro_copa_m": 2.3, "en_bosque_osm": false, "copa_separada": true}}, {"type": "Feature", "geometry": {"type": "Point", "coordinates": [-79.5816498, 8.9996664]}, "properties": {"altura_m": 4, "diametro_copa_m": 2.3, "en_bosque_osm": false, "copa_separada": true}}]}