# NREL SPA via pvlib 0.16.1 spa_python; lat 8.9993 lon -79.5827; 1013,25 hPa, 27 °C. Lo genera fuente/spa_referencia.py
tipo,a,b,c
pos,978325200000,-75.05788,199.86415
pos,978588420000,-72.74073,143.85585
pos,978851640000,-60.56000,120.17843
pos,979114860000,-46.04818,112.35931
pos,979378080000,-30.90079,109.65740
pos,979641300000,-15.53262,109.29868
pos,979904520000,0.35407,110.50567
pos,980167740000,15.25174,113.24807
pos,980430960000,30.22968,118.08417
pos,980694180000,44.48648,126.55037
pos,980957400000,56.88739,142.34239
pos,981220620000,64.37948,171.54631
pos,981483840000,62.44569,207.69765
pos,981747060000,52.42424,231.67118
pos,982010280000,38.80824,244.56316
pos,982273500000,23.74407,252.10250
pos,982536720000,8.04552,257.10095
pos,982799940000,-8.20317,260.83905
pos,983063160000,-24.57567,264.01764
pos,983326380000,-41.09001,267.21666
pos,983589600000,-57.66877,271.44227
pos,983852820000,-74.11391,281.07890
pos,984116040000,-85.29385,15.67899
pos,984379260000,-71.00593,73.58623
pos,984642480000,-54.32961,80.91505
pos,984905700000,-37.46920,84.14058
pos,985168920000,-20.55015,86.23086
pos,985432140000,-3.60712,87.86655
pos,985695360000,13.40724,89.30741
pos,985958580000,30.31241,90.70405
pos,986221800000,47.22489,92.21432
pos,986485020000,64.11111,94.21047
pos,986748240000,80.93212,99.45716
pos,987011460000,82.14656,267.18920
pos,987274680000,65.45374,273.50274
pos,987537900000,48.81624,276.01683
pos,987801120000,32.29451,278.28788
pos,988064340000,15.94648,280.83035
pos,988327560000,0.23215,283.99474
pos,988590780000,-16.07358,288.27364
pos,988854000000,-31.29967,294.57479
pos,989117220000,-45.39149,304.79130
pos,989380440000,-56.94583,322.85731
pos,989643660000,-62.64708,352.93470
pos,989906880000,-59.16510,25.21354
pos,990170100000,-48.84140,45.83592
pos,990433320000,-35.49335,57.12769
pos,990696540000,-20.90688,63.54197
pos,990959760000,-5.77781,67.27035
pos,991222980000,9.67290,69.21420
pos,991486200000,25.03365,69.58177
pos,991749420000,40.31921,67.93485
pos,992012640000,55.19309,62.49058
pos,992275860000,68.63933,46.66111
pos,992539080000,75.71351,0.57315
pos,992802300000,68.68774,314.42786
pos,993065520000,55.30485,298.59637
pos,993328740000,40.52903,293.19850
pos,993591960000,25.38139,291.63401
pos,993855180000,10.20067,292.12346
pos,994118400000,-5.00671,294.23701
pos,994381620000,-19.82365,298.18816
pos,994644840000,-33.99552,304.84989
pos,994908060000,-46.79374,316.20762
pos,995171280000,-56.50725,335.82022
pos,995434500000,-59.88286,4.87671
pos,995697720000,-54.95754,32.67684
pos,995960940000,-44.28495,50.64120
pos,996224160000,-30.85609,61.20390
pos,996487380000,-16.12478,67.71561
pos,996750600000,-0.14185,71.97355
pos,997013820000,15.17530,74.83471
pos,997277040000,31.22817,76.65607
pos,997540260000,47.47143,77.38828
pos,997803480000,63.80547,76.06028
pos,998066700000,79.91473,64.27739
pos,998329920000,81.86201,294.19045
pos,998593140000,65.75518,277.36734
pos,998856360000,49.10453,275.17832
pos,999119580000,32.34683,275.11584
pos,999382800000,15.55687,275.86672
pos,999646020000,-1.34214,277.17838
pos,999909240000,-18.17666,279.12411
pos,1000172460000,-34.95385,282.09442
pos,1000435680000,-51.55874,287.26537
pos,1000698900000,-67.56532,299.19441
pos,1000962120000,-79.63759,346.21871
pos,1001225340000,-72.99463,59.27750
pos,1001488560000,-57.65137,78.04986
pos,1001751780000,-41.26821,85.38153
pos,1002015000000,-24.67830,89.91571
pos,1002278220000,-8.08076,93.66175
pos,1002541440000,8.51464,97.50357
pos,1002804660000,24.71717,102.22478
pos,1003067880000,40.50128,109.11218
pos,1003331100000,55.20091,121.21309
pos,1003594320000,66.70907,146.65897
pos,1003857540000,69.00670,191.24669
pos,1004120760000,59.99039,224.16493
pos,1004383980000,46.23175,239.26713
pos,1004647200000,31.02529,246.79833
pos,1004910420000,15.32673,251.00360
pos,1005173640000,-0.08911,253.38302
pos,1005436860000,-16.58752,254.43574
pos,1005700080000,-32.45446,254.10015
pos,1005963300000,-48.10131,251.56500
pos,1006226520000,-63.15555,243.74848
pos,1006489740000,-75.75298,216.21923
pos,1006752960000,-75.97994,149.33939
pos,1007016180000,-63.66493,121.08954
pos,1007279400000,-48.96416,113.27703
pos,1007542620000,-33.83268,110.98890
pos,1007805840000,-18.66988,111.07739
pos,1008069060000,-3.64889,112.74698
pos,1008332280000,11.15018,115.97179
pos,1008595500000,25.28859,121.24844
pos,1008858720000,38.45418,129.77060
pos,1009121940000,49.61628,143.82529
pos,1009385160000,56.66959,166.10522
pos,1009648380000,56.85306,193.72171
pos,1009911600000,50.04934,216.47716
pos,1010174820000,38.96116,230.96787
pos,1010438040000,25.75602,239.80883
pos,1010701260000,11.50420,245.36281
pos,1010964480000,-3.46155,248.89239
pos,1011227700000,-18.70744,250.96256
pos,1011490920000,-34.16379,251.65059
pos,1011754140000,-49.69881,250.36967
pos,1012017360000,-65.04725,244.41779
pos,1012280580000,-78.68111,216.77880
pos,1012543800000,-77.65908,132.22089
pos,1012807020000,-63.45863,108.48024
pos,1013070240000,-47.67013,102.90672
pos,1013333460000,-31.52196,101.37354
pos,1013596680000,-15.22870,101.47826
pos,1013859900000,1.45630,102.63894
pos,1014123120000,17.51811,104.86091
pos,1014386340000,33.72204,108.63765
pos,1014649560000,49.58811,115.48417
pos,1014912780000,64.31256,130.42666
pos,1015176000000,74.10093,170.68957
pos,1015439220000,69.61281,225.12020
pos,1015702440000,56.07962,248.13054
pos,1015965660000,40.42123,258.01964
pos,1016228880000,24.15433,263.77820
pos,1016492100000,7.71847,268.04057
pos,1016755320000,-8.96364,271.91658
pos,1017018540000,-25.48430,276.21429
pos,1017281760000,-41.78647,282.09174
pos,1017544980000,-57.45507,292.40827
pos,1017808200000,-70.80240,317.33928
pos,1018071420000,-74.09481,14.80314
pos,1018334640000,-63.33167,52.33992
pos,1018597860000,-48.27855,66.01136
pos,1018861080000,-32.22747,72.38241
pos,1019124300000,-15.85745,75.94751
pos,1019387520000,1.00290,78.06746
pos,1019650740000,17.16801,79.17880
pos,1019913960000,33.58713,79.25033
pos,1020177180000,49.88890,77.62236
pos,1020440400000,65.83016,71.44788
pos,1020703620000,79.79241,41.02958
pos,1020966840000,77.25324,312.50992
pos,1021230060000,62.60769,292.50998
pos,1021493280000,46.91508,288.20754
pos,1021756500000,31.13821,287.59155
pos,1022019720000,15.49204,288.69586
pos,1022282940000,0.45551,291.14626
pos,1022546160000,-15.03752,295.15372
pos,1022809380000,-29.38004,301.46097
pos,1023072600000,-42.42378,311.65669
pos,1023335820000,-52.81596,328.56689
pos,1023599040000,-57.91710,354.16504
pos,1023862260000,-55.34903,21.73123
pos,1024125480000,-46.47734,41.54911
pos,1024388700000,-34.25506,53.53038
pos,1024651920000,-20.44454,60.73598
pos,1024915140000,-5.84404,65.12915
pos,1025178360000,9.26229,67.64204
pos,1025441580000,24.42173,68.56392
pos,1025704800000,39.65607,67.58316
pos,1025968020000,54.67250,63.18261
pos,1026231240000,68.65179,49.37834
pos,1026494460000,77.06028,3.05968
pos,1026757680000,70.25064,310.92924
pos,1027020900000,56.40969,294.56731
pos,1027284120000,41.16699,289.25812
pos,1027547340000,25.51817,287.67612
pos,1027810560000,9.76934,287.98551
pos,1028073780000,-6.11888,289.73880
pos,1028337000000,-21.76920,293.12581
pos,1028600220000,-37.01445,299.04195
pos,1028863440000,-51.24749,309.87263
pos,1029126660000,-62.68362,331.49174
pos,1029389880000,-66.60041,9.26077
pos,1029653100000,-59.80420,43.15467
pos,1029916320000,-47.05705,61.14689
pos,1030179540000,-32.13106,70.74415
pos,1030442760000,-16.31588,76.67335
pos,1030705980000,0.39953,80.90318
pos,1030969200000,16.47295,84.38265
pos,1031232420000,33.06288,87.76746
pos,1031495640000,49.71484,91.93109
pos,1031758860000,66.24911,99.46655
pos,1032022080000,81.40490,131.18836
pos,1032285300000,77.45269,237.37177
pos,1032548520000,61.40277,255.17834
pos,1032811740000,44.65504,260.64604
pos,1033074960000,27.77673,263.57316
pos,1033338180000,10.89240,265.56390
pos,1033601400000,-6.12682,267.10568
pos,1033864620000,-23.05392,268.39372
pos,1034127840000,-39.95451,269.50629
pos,1034391060000,-56.81642,270.41911
pos,1034654280000,-73.62571,270.71135
pos,1034917500000,-89.34806,147.63439
pos,1035180720000,-72.93394,96.97922
pos,1035443940000,-56.36177,97.65612
pos,1035707160000,-39.90886,99.15924
pos,1035970380000,-23.61319,101.18455
pos,1036233600000,-7.53093,103.84436
pos,1036496820000,8.34482,107.45117
pos,1036760040000,23.56930,112.62321
pos,1037023260000,37.98747,120.60952
pos,1037286480000,50.68704,133.99598
pos,1037549700000,59.53573,157.04425
pos,1037812920000,60.90620,188.74281
pos,1038076140000,54.03272,214.97327
pos,1038339360000,42.43740,230.46085
pos,1038602580000,28.81342,239.24136
pos,1038865800000,14.32246,244.40040
pos,1039129020000,-0.10904,247.38037
pos,1039392240000,-15.76309,248.73990
pos,1039655460000,-30.86505,248.45959
pos,1039918680000,-45.78336,245.77365
pos,1040181900000,-60.08962,237.96713
pos,1040445120000,-72.10669,214.90574
pos,1040708340000,-74.70547,161.16948
pos,1040971560000,-64.77315,127.20702
pos,1041234780000,-50.92889,115.91179
pos,1041498000000,-36.13556,111.89801
pos,1041761220000,-21.04686,110.88977
pos,1042024440000,-5.89650,111.66993
pos,1042287660000,9.25201,114.00161
pos,1042550880000,23.96329,118.22461
pos,1042814100000,38.06856,125.40829
pos,1043077320000,50.71004,138.00758
pos,1043340540000,59.82873,160.43062
pos,1043603760000,61.63853,192.60864
pos,1043866980000,54.88564,220.03793
pos,1044130200000,43.06429,236.36200
pos,1044393420000,29.00584,245.82093
pos,1044656640000,13.91897,251.77855
pos,1044919860000,-1.83027,255.87426
pos,1045183080000,-17.86172,258.91287
pos,1045446300000,-34.12446,261.33309
pos,1045709520000,-50.55326,263.43108
pos,1045972740000,-67.10628,265.58613
pos,1046235960000,-83.74282,270.64116
pos,1046499180000,-79.48566,83.84895
pos,1046762400000,-62.69837,86.87819
pos,1047025620000,-45.85373,88.46995
pos,1047288840000,-28.96885,89.82968
pos,1047552060000,-12.05565,91.16684
pos,1047815280000,5.02941,92.60166
pos,1048078500000,21.84491,94.28245
pos,1048341720000,38.73836,96.49808
pos,1048604940000,55.58116,100.04965
pos,1048868160000,72.19859,108.63880
pos,1049131380000,85.18959,181.32461
pos,1049394600000,72.67021,259.05752
pos,1049657820000,56.18696,268.29320
pos,1049921040000,39.55979,272.54028
pos,1050184260000,22.99050,275.78698
pos,1050447480000,6.61877,279.02394
pos,1050710700000,-9.74463,282.85056
pos,1050973920000,-25.60771,288.01830
pos,1051237140000,-40.75842,295.94405
pos,1051500360000,-54.33231,309.83655
pos,1051763580000,-63.84445,336.16210
pos,1052026800000,-64.40165,13.93196
pos,1052290020000,-55.65146,41.59005
pos,1052553240000,-42.55292,55.96933
pos,1052816460000,-27.85456,63.66341
pos,1053079680000,-12.51807,68.05675
pos,1053342900000,3.29264,70.50038
pos,1053606120000,18.79898,71.44253
pos,1053869340000,34.37966,70.73218
pos,1054132560000,49.70344,67.30605
pos,1054395780000,64.20973,57.26115
pos,1054659000000,75.24717,24.70731
pos,1054922220000,73.30420,326.07630
pos,1055185440000,60.95198,301.84918
pos,1055448660000,46.34544,294.26071
pos,1055711880000,31.23060,291.87971
pos,1055975100000,16.04030,291.90670
pos,1056238320000,1.22426,293.60204
pos,1056501540000,-13.96702,296.98747
pos,1056764760000,-28.24411,302.66630
pos,1057027980000,-41.40881,312.08100
pos,1057291200000,-52.22162,327.97794
pos,1057554420000,-58.12690,352.93762
pos,1057817640000,-56.37077,21.37382
pos,1058080860000,-47.85588,42.51150
pos,1058344080000,-35.63681,55.37140
pos,1058607300000,-21.64504,63.17873
pos,1058870520000,-6.74858,68.12082
pos,1059133740000,8.75531,71.28614
pos,1059396960000,24.40938,73.12915
pos,1059660180000,40.29394,73.62082
pos,1059923400000,56.24529,71.87988
pos,1060186620000,71.91863,63.16248
pos,1060449840000,83.17426,359.69307
pos,1060713060000,72.44387,291.34766
pos,1060976280000,56.54572,281.79433
pos,1061239500000,40.15432,279.49262
pos,1061502720000,23.61840,279.26371
pos,1061765940000,7.08248,280.08588
pos,1062029160000,-9.66126,281.77800
pos,1062292380000,-26.23282,284.57799
pos,1062555600000,-42.62267,289.34128
pos,1062818820000,-58.46829,298.77586
pos,1063082040000,-72.14801,323.83052
pos,1063345260000,-75.16114,26.34342
pos,1063608480000,-63.54945,63.65687
pos,1063871700000,-48.09108,76.75974
pos,1064134920000,-31.79555,83.39983
pos,1064398140000,-15.24434,87.92496
pos,1064661360000,1.67991,91.80360
pos,1064924580000,17.97437,95.87336
pos,1065187800000,34.31022,101.07193
pos,1065451020000,50.16683,109.29513
pos,1065714240000,64.56659,126.18129
pos,1065977460000,73.22536,168.02099
pos,1066240680000,67.91254,217.75538
pos,1066503900000,54.47076,239.04557
pos,1066767120000,39.01607,248.18407
pos,1067030340000,22.98261,252.98578
pos,1067293560000,6.81479,255.76785
pos,1067556780000,-9.60804,257.30531
pos,1067820000000,-25.87468,257.76228
pos,1068083220000,-42.02291,256.78513
pos,1068346440000,-57.88859,252.82725
pos,1068609660000,-72.79926,238.56125
pos,1068872880000,-80.54239,172.48354
pos,1069136100000,-69.91653,122.21990
pos,1069399320000,-54.97381,111.88154
pos,1069662540000,-39.53910,109.19599
pos,1069925760000,-24.09318,109.15370
pos,1070188980000,-8.80090,110.66051
pos,1070452200000,6.33018,113.57905
pos,1070715420000,20.75629,118.27920
pos,1070978640000,34.39007,125.72373
pos,1071241860000,46.38183,137.83597
pos,1071505080000,55.01623,157.46903
pos,1071768300000,57.52412,184.34212
pos,1072031520000,52.67085,209.35734
pos,1072294740000,42.68123,226.12085
pos,1072557960000,30.07914,236.31234
pos,1072821180000,16.20695,242.59521
pos,1073084400000,1.87226,246.50738
pos,1073347620000,-13.37898,248.76284
pos,1073610840000,-28.53968,249.53410
pos,1073874060000,-43.75509,248.39429
pos,1074137280000,-58.76849,243.46525
pos,1074400500000,-72.60563,226.33283
pos,1074663720000,-78.54537,164.93770
pos,1074926940000,-68.31636,120.63126
pos,1075190160000,-53.57865,109.21932
pos,1075453380000,-37.98701,105.59890
pos,1075716600000,-22.10857,104.72211
pos,1075979820000,-6.11566,105.33623
pos,1076243040000,9.97581,107.18421
pos,1076506260000,25.82197,110.54643
pos,1076769480000,41.37756,116.44929
pos,1077032700000,56.02055,127.83032
pos,1077295920000,67.67401,153.27075
pos,1077559140000,69.94758,199.92958
pos,1077822360000,60.49251,233.68093
pos,1078085580000,46.31865,248.92700
pos,1078348800000,30.70177,256.94701
pos,1078612020000,14.54650,262.14348
pos,1078875240000,-1.95692,266.19224
pos,1079138460000,-18.50935,269.97713
pos,1079401680000,-35.05923,274.31261
pos,1079664900000,-51.43688,280.69664
pos,1079928120000,-67.10307,294.12722
pos,1080191340000,-78.41244,340.62819
pos,1080454560000,-72.13091,47.79083
pos,1080717780000,-57.13797,67.30919
pos,1080981000000,-40.85478,74.62747
pos,1081244220000,-24.24922,78.46832
pos,1081507440000,-7.53708,80.83146
pos,1081770660000,9.29412,82.34913
pos,1082033880000,25.95816,83.19180
pos,1082297100000,42.61387,83.19164
pos,1082560320000,59.16329,81.41520
pos,1082823540000,75.33963,72.35446
pos,1083086760000,84.32534,334.34092
pos,1083349980000,70.11749,289.56618
pos,1083613200000,54.02267,284.79772
pos,1083876420000,37.88575,284.34763
pos,1084139640000,21.88071,285.47977
pos,1084402860000,6.16497,287.73993
pos,1084666080000,-9.43824,291.26451
pos,1084929300000,-24.35927,296.63318
pos,1085192520000,-38.29193,305.12035
pos,1085455740000,-50.24116,319.25517
pos,1085718960000,-57.98037,342.44717
pos,1085982180000,-58.33511,11.98269
pos,1086245400000,-51.16075,35.81461
pos,1086508620000,-39.62016,50.33513
pos,1086771840000,-26.07311,58.84120
pos,1087035060000,-11.58892,63.93629
pos,1087298280000,3.55778,66.89501
pos,1087561500000,18.56446,68.20253
pos,1087824720000,33.74406,67.75873
pos,1088087940000,48.76069,64.58537
pos,1088351160000,63.06477,55.11601
pos,1088614380000,74.25900,25.39969
pos,1088877600000,73.48124,328.29034
pos,1089140820000,61.64778,301.70295
pos,1089404040000,47.08675,293.10276
pos,1089667260000,31.82975,290.16463
pos,1089930480000,16.36357,289.74242
pos,1090193700000,1.14910,290.96723
pos,1090456920000,-14.61504,293.78767
pos,1090720140000,-29.66610,298.76783
pos,1090983360000,-43.90367,307.45783
pos,1091246580000,-56.15054,323.47765
pos,1091509800000,-63.34543,352.28246
pos,1091773020000,-61.26668,27.09178
pos,1092036240000,-51.30544,50.45114
pos,1092299460000,-37.74062,63.24378
pos,1092562680000,-22.67944,70.75937
pos,1092825900000,-6.90382,75.69498
pos,1093089120000,9.35826,79.29045
pos,1093352340000,25.71456,82.19671
pos,1093615560000,42.27501,84.87932
pos,1093878780000,58.94663,88.00238
pos,1094142000000,75.63734,94.41851
pos,1094405220000,86.44561,225.45902
pos,1094668440000,70.26419,260.70326
pos,1094931660000,53.38115,264.90776
pos,1095194880000,36.43554,267.11716
pos,1095458100000,19.47602,268.78945
pos,1095721320000,2.68018,270.29435
pos,1095984540000,-14.55343,271.81828
pos,1096247760000,-31.52971,273.54984
pos,1096510980000,-48.47153,275.85294
pos,1096774200000,-65.33440,279.95735
pos,1097037420000,-81.79008,296.77741
pos,1097300640000,-80.13054,75.41099
pos,1097563860000,-63.68766,88.84444
pos,1097827080000,-47.06090,93.10694
pos,1098090300000,-30.50346,96.12442
pos,1098353520000,-14.08414,99.06192
pos,1098616740000,2.38269,102.46297
pos,1098879960000,18.04425,106.91043
pos,1099143180000,33.31475,113.39858
pos,1099406400000,47.45439,124.01130
pos,1099669620000,58.94630,143.22061
pos,1099932840000,64.12099,175.53913
pos,1100196060000,59.67962,208.48364
pos,1100459280000,48.70279,228.24596
pos,1100722500000,35.04937,238.80412
pos,1100985720000,20.34970,244.76259
pos,1101248940000,5.29142,248.20674
pos,1101512160000,-10.19635,249.96504
pos,1101775380000,-25.54661,250.20662
pos,1102038600000,-40.75172,248.47355
pos,1102301820000,-55.51773,242.97667
pos,1102565040000,-68.85445,227.14000
pos,1102828260000,-75.89538,181.04030
pos,1103091480000,-68.97814,134.72277
pos,1103354700000,-55.76449,118.81508
pos,1103617920000,-41.17867,113.36357
pos,1103881140000,-26.22464,111.73841
pos,1104144360000,-11.20448,112.14437
pos,1104407580000,3.90168,114.12776
pos,1104670800000,18.39501,117.85418
pos,1104934020000,32.42102,124.09073
pos,1105197240000,45.23690,134.59076
pos,1105460460000,55.35543,152.60890
pos,1105723680000,59.81459,180.20310
pos,1105986900000,56.19865,208.72177
pos,1106250120000,46.40664,228.12295
pos,1106513340000,33.51548,239.64433
pos,1106776560000,19.16591,246.72791
pos,1107039780000,4.15869,251.36044
pos,1107303000000,-11.61706,254.51581
pos,1107566220000,-27.50727,256.64013
pos,1107829440000,-43.59959,257.82116
pos,1108092660000,-59.82400,257.56510
pos,1108355880000,-76.04109,252.15515
pos,1108619100000,-85.72159,133.68015
pos,1108882320000,-70.23543,97.07920
pos,1109145540000,-53.67676,94.24685
pos,1109408760000,-36.98873,94.05355
pos,1109671980000,-20.23660,94.69796
pos,1109935200000,-3.44764,95.84380
pos,1110198420000,13.41903,97.49860
pos,1110461640000,30.16223,99.91492
pos,1110724860000,46.84046,103.84659
pos,1110988080000,63.21587,111.93396
pos,1111251300000,77.89736,139.96293
pos,1111514520000,77.74581,229.02320
pos,1111777740000,63.03955,256.68601
pos,1112040960000,46.72423,265.18752
pos,1112304180000,30.15928,269.93977
pos,1112567400000,13.59940,273.66356
pos,1112830620000,-2.97226,277.34631
pos,1113093840000,-19.27858,281.71784
pos,1113357060000,-35.18639,287.82605
pos,1113620280000,-50.22237,297.93140
pos,1113883500000,-62.93415,317.88684
pos,1114146720000,-68.73638,356.72427
pos,1114409940000,-62.85728,35.20499
pos,1114673160000,-50.23730,54.62483
pos,1114936380000,-35.42103,64.06800
pos,1115199600000,-19.83955,69.22592
pos,1115462820000,-3.96228,72.17550
pos,1115726040000,12.08261,73.65768
pos,1115989260000,27.98737,73.77268
pos,1116252480000,43.76300,71.96804
pos,1116515700000,59.10183,66.06419
pos,1116778920000,72.81220,46.56699
pos,1117042140000,77.49785,345.03704
pos,1117305360000,66.94945,305.31967
pos,1117568580000,52.42236,294.60908
pos,1117831800000,37.20890,291.36004
pos,1118095020000,21.89343,290.97956
pos,1118358240000,6.73978,292.32675
pos,1118621460000,-8.35884,295.24467
pos,1118884680000,-22.84649,300.13917
pos,1119147900000,-36.41576,308.09495
pos,1119411120000,-48.14062,321.28128
pos,1119674340000,-56.03240,342.62490
pos,1119937560000,-57.17726,10.40471
pos,1120200780000,-50.95883,34.32656
pos,1120464000000,-40.03945,49.70201
pos,1120727220000,-26.79683,58.99640
pos,1120990440000,-12.40079,64.75837
pos,1121253660000,2.85051,68.36179
pos,1121516880000,18.04207,70.41453
pos,1121780100000,33.59172,70.99267
pos,1122043320000,49.20291,69.45614
pos,1122306540000,64.55538,62.92762
pos,1122569760000,77.93468,34.55052
pos,1122832980000,76.98160,315.39005
pos,1123096200000,63.03431,290.70532
pos,1123359420000,47.28756,284.61316
pos,1123622640000,31.14206,282.88608
pos,1123885860000,14.86868,282.95953
pos,1124149080000,-1.54174,284.21065
pos,1124412300000,-17.85342,286.66042
pos,1124675520000,-33.99217,290.87794
pos,1124938740000,-49.65055,298.57333
pos,1125201960000,-63.83048,315.13899
pos,1125465180000,-72.33851,355.37586
pos,1125728400000,-67.35184,43.73042
pos,1125991620000,-54.07854,65.79256
pos,1126254840000,-38.56694,75.86586
pos,1126518060000,-22.34275,81.79413
pos,1126781280000,-5.83446,86.12063
pos,1127044500000,10.86183,89.95288
pos,1127307720000,27.42242,94.08924
pos,1127570940000,43.86439,99.66829
pos,1127834160000,59.79650,109.65177
pos,1128097380000,73.53377,136.35339
pos,1128360600000,75.63987,203.49071
pos,1128623820000,63.22918,238.39192
pos,1128887040000,47.57157,249.88973
pos,1129150260000,31.24074,255.27616
pos,1129413480000,14.72526,258.36121
pos,1129676700000,-1.94196,260.25980
pos,1129939920000,-18.54153,261.32391
pos,1130203140000,-35.08441,261.51270
pos,1130466360000,-51.50756,260.22135
pos,1130729580000,-67.63201,254.69316
pos,1130992800000,-81.89530,220.80960
pos,1131256020000,-76.96866,123.68581
pos,1131519240000,-61.66752,109.06743
pos,1131782460000,-45.82115,106.25916
pos,1132045680000,-29.99771,106.28919
pos,1132308900000,-14.33658,107.74989
pos,1132572120000,1.39107,110.43233
pos,1132835340000,16.06808,114.61711
pos,1133098560000,30.28347,121.09026
pos,1133361780000,43.18826,131.48357
pos,1133625000000,53.40705,148.66116
pos,1133888220000,58.29952,174.49291
pos,1134151440000,55.58027,201.99038
pos,1134414660000,46.70555,221.60355
pos,1134677880000,34.59249,233.44775
pos,1134941100000,20.95955,240.58315
pos,1135204320000,6.63365,244.94729
pos,1135467540000,-8.29353,247.46339
pos,1135730760000,-23.29006,248.43183
pos,1135993980000,-38.32156,247.59305
pos,1136257200000,-53.15615,243.63046
pos,1136520420000,-67.11043,231.55522
pos,1136783640000,-76.59866,191.38928
pos,1137046860000,-71.78725,135.58319
pos,1137310080000,-58.60353,116.17721
pos,1137573300000,-43.68170,109.87682
pos,1137836520000,-28.25912,107.81659
pos,1138099740000,-12.65163,107.78430
pos,1138362960000,3.21046,109.18856
pos,1138626180000,18.59564,112.09853
pos,1138889400000,33.82695,117.19998
pos,1139152620000,48.30610,126.37139
pos,1139415840000,60.69958,144.44260
pos,1139679060000,67.10330,179.02257
pos,1139942280000,62.74637,216.87429
pos,1140205500000,51.01165,238.32143
pos,1140468720000,36.51030,249.40532
pos,1140731940000,20.94374,256.01238
pos,1140995160000,4.96835,260.59709
pos,1141258380000,-11.55090,264.28160
pos,1141521600000,-28.06257,267.77166
pos,1141784820000,-44.63021,271.87112
pos,1142048040000,-61.10240,278.52387
pos,1142311260000,-76.75361,298.20068
pos,1142574480000,-80.74376,35.05335
pos,1142837700000,-66.13508,69.53236
pos,1143100920000,-49.63753,77.64483
pos,1143364140000,-32.85879,81.44190
pos,1143627360000,-15.99379,83.80421
pos,1143890580000,1.25243,85.49949
pos,1144153800000,17.84446,86.80209
pos,1144417020000,34.69832,87.79312
pos,1144680240000,51.53556,88.37294
pos,1144943460000,68.32177,87.83779
pos,1145206680000,84.89266,75.46495
pos,1145469900000,78.06805,282.17461
pos,1145733120000,61.52148,279.32398
pos,1145996340000,45.04040,279.91825
pos,1146259560000,28.69586,281.46813
pos,1146522780000,12.56298,283.75362
pos,1146786000000,-3.41201,286.94993
pos,1147049220000,-18.90083,291.53881
pos,1147312440000,-33.66968,298.52790
pos,1147575660000,-47.02903,310.02257
pos,1147838880000,-57.28908,329.92771
pos,1148102100000,-61.05056,0.08995
pos,1148365320000,-56.16341,28.97288
pos,1148628540000,-45.45224,47.08583
pos,1148891760000,-32.11700,57.32720
pos,1149154980000,-17.64249,63.29330
pos,1149418200000,-2.64296,66.77943
pos,1149681420000,12.66003,68.52568
pos,1149944640000,27.91025,68.63776
pos,1150207860000,43.05612,66.52364
pos,1150471080000,57.70857,59.95240
pos,1150734300000,70.52920,40.56926
pos,1150997520000,75.30013,349.41066
pos,1151260740000,66.45081,309.94274
pos,1151523960000,52.67119,296.84184
pos,1151787180000,37.75994,292.28312
pos,1152050400000,22.52381,291.07210
pos,1152313620000,7.28093,291.77073
pos,1152576840000,-8.04809,294.07459
pos,1152840060000,-22.95440,298.29680
pos,1153103280000,-37.18262,305.48541
pos,1153366500000,-49.89679,318.03874
pos,1153629720000,-59.04886,340.18166
pos,1153892940000,-60.92730,11.77085
pos,1154156160000,-54.27727,38.92314
pos,1154419380000,-42.49706,55.25734
pos,1154682600000,-28.41965,64.74066
pos,1154945820000,-13.26444,70.66928
pos,1155209040000,2.70776,74.66498
pos,1155472260000,18.59274,77.50454
pos,1155735480000,34.87660,79.55515
pos,1155998700000,51.33520,80.90688
pos,1156261920000,67.91086,81.10224
pos,1156525140000,84.48309,72.29841
pos,1156788360000,78.52157,273.77838
pos,1157051580000,61.73959,271.18700
pos,1157314800000,44.87943,271.46603
pos,1157578020000,27.98457,272.32292
pos,1157841240000,11.09950,273.48320
pos,1158104460000,-5.92000,274.95092
pos,1158367680000,-22.84958,276.87909
pos,1158630900000,-39.73238,279.67993
pos,1158894120000,-56.48121,284.60050
pos,1159157340000,-72.70455,297.52835
pos,1159420560000,-82.76303,13.78774
pos,1159683780000,-70.49494,73.71709
pos,1159947000000,-54.24056,84.88803
pos,1160210220000,-37.65411,90.02156
pos,1160473440000,-21.05423,93.71836
pos,1160736660000,-4.55043,97.20024
pos,1160999880000,11.83280,101.16273
pos,1161263100000,27.75014,106.42262
pos,1161526320000,43.01384,114.51695
pos,1161789540000,56.70226,129.08613
pos,1162052760000,66.03895,157.90197
pos,1162315980000,65.53708,198.42401
pos,1162579200000,55.71914,225.31790
pos,1162842420000,42.07529,238.56911
pos,1163105640000,27.11935,245.57181
pos,1163368860000,11.69053,249.55676
pos,1163632080000,-4.04344,251.75100
pos,1163895300000,-19.73047,252.53786
pos,1164158520000,-35.31813,251.72950
pos,1164421740000,-50.61606,248.22288
pos,1164684960000,-65.07961,237.94858
pos,1164948180000,-75.95984,203.80721
pos,1165211400000,-73.42872,144.12013
pos,1165474620000,-60.89797,121.02577
pos,1165737840000,-46.34790,113.88807
pos,1166001060000,-31.35887,111.69109
pos,1166264280000,-16.31049,111.79224
pos,1166527500000,-1.37975,113.49433
pos,1166790720000,13.33252,116.81685
pos,1167053940000,27.40408,122.32039
pos,1167317160000,40.44986,131.33301
pos,1167580380000,51.33045,146.38580
pos,1167843600000,57.71223,170.13912
pos,1168106820000,56.82856,198.28999
pos,1168370040000,49.10225,220.20152
pos,1168633260000,37.43353,233.80804
pos,1168896480000,23.85107,242.11048
pos,1169159700000,9.32513,247.38669
pos,1169422920000,-5.90667,250.81284
pos,1169686140000,-21.39165,252.91580
pos,1169949360000,-37.09484,253.77103
pos,1170212580000,-52.90631,252.80079
pos,1170475800000,-68.60193,246.99895
pos,1170739020000,-82.29284,208.72945
pos,1171002240000,-76.14942,115.88674
pos,1171265460000,-60.60351,102.14989
pos,1171528680000,-44.35629,99.08450
pos,1171791900000,-27.91543,98.53652
pos,1172055120000,-11.38507,99.10797
pos,1172318340000,5.33187,100.49336
pos,1172581560000,21.77757,102.80698
pos,1172844780000,38.20998,106.63174
pos,1173108000000,54.32420,113.77071
pos,1173371220000,69.22358,131.21093
pos,1173634440000,77.26428,186.37577
pos,1173897660000,68.41217,238.78019
pos,1174160880000,53.35138,255.52157
pos,1174424100000,37.16772,263.04122
pos,1174687320000,20.68608,267.82499
pos,1174950540000,4.23909,271.73860
pos,1175213760000,-12.47925,275.68414
pos,1175476980000,-28.85005,280.50464
pos,1175740200000,-44.80757,287.67424
pos,1176003420000,-59.66225,301.07124
pos,1176266640000,-70.68535,332.46591
pos,1176529860000,-70.03738,23.90986
pos,1176793080000,-58.47860,52.64763
pos,1177056300000,-43.58779,64.67664
pos,1177319520000,-27.75365,70.71899
pos,1177582740000,-11.58876,74.15280
pos,1177845960000,4.85037,76.10700
pos,1178109180000,21.01670,76.91289
pos,1178372400000,37.20096,76.38566
pos,1178635620000,53.17735,73.44189
pos,1178898840000,68.48786,63.47121
pos,1179162060000,79.79386,18.56417
pos,1179425280000,73.46035,310.23048
pos,1179688500000,58.98062,294.15939
pos,1179951720000,43.54059,289.97034
pos,1180214940000,27.98276,289.27211
pos,1180478160000,12.54818,290.35873
pos,1180741380000,-2.75358,292.89799
pos,1181004600000,-17.55833,297.14273
pos,1181267820000,-31.60226,303.92184
pos,1181531040000,-44.18880,314.97682
pos,1181794260000,-53.78409,333.18605
pos,1182057480000,-57.63096,359.52648
pos,1182320700000,-53.86029,25.90183
pos,1182583920000,-44.32963,44.14936
pos,1182847140000,-31.80858,55.19757
pos,1183110360000,-17.84271,61.92403
pos,1183373580000,-3.13509,66.06826
pos,1183636800000,12.04775,68.44475
pos,1183900020000,27.32572,69.27276
pos,1184163240000,42.67741,68.15016
pos,1184426460000,57.81206,63.24336
pos,1184689680000,71.74667,46.55872
pos,1184952900000,78.10494,348.23127
pos,1185216120000,68.34634,302.75172
pos,1185479340000,53.65477,290.59105
pos,1185742560000,38.02955,286.72932
pos,1186005780000,22.11811,285.79542
pos,1186269000000,6.17955,286.45665
pos,1186532220000,-9.96797,288.44703
pos,1186795440000,-25.83131,292.07900
pos,1187058660000,-41.27897,298.46361
pos,1187321880000,-55.62006,310.68075
pos,1187585100000,-66.56243,336.85466
pos,1187848320000,-68.05434,20.61884
pos,1188111540000,-58.63547,52.05675
pos,1188374760000,-44.61743,67.05952
pos,1188637980000,-29.07445,75.14199
pos,1188901200000,-12.91448,80.36925
pos,1189164420000,3.73495,84.36324
pos,1189427640000,20.18410,87.97937
pos,1189690860000,36.80695,91.97820
pos,1189954080000,53.35086,97.74924
pos,1190217300000,69.37776,110.34670
pos,1190480520000,80.98667,165.33644
pos,1190743740000,72.28450,236.72465
pos,1191006960000,56.47488,252.17682
pos,1191270180000,39.89365,258.00441
pos,1191533400000,23.13554,261.19064
pos,1191796620000,6.39505,263.26248
pos,1192059840000,-10.56913,264.70961
pos,1192323060000,-27.38249,265.67857
pos,1192586280000,-44.14969,266.07283
pos,1192849500000,-60.83712,265.23872
pos,1193112720000,-77.30932,258.69648
pos,1193375940000,-84.74057,129.37566
pos,1193639160000,-68.97610,103.82868
pos,1193902380000,-52.67288,101.87167
pos,1194165600000,-36.45200,102.42025
pos,1194428820000,-20.39595,104.05294
pos,1194692040000,-4.57931,106.61670
pos,1194955260000,10.96149,110.36118
pos,1195218480000,25.80876,115.93620
pos,1195481700000,39.67221,124.70267
pos,1195744920000,51.49354,139.35025
pos,1196008140000,58.94125,163.41087
pos,1196271360000,58.81473,193.46793
pos,1196534580000,51.26915,216.97043
pos,1196797800000,39.59362,231.05071
pos,1197061020000,26.06638,239.26456
pos,1197324240000,11.71132,244.18111
pos,1197587460000,-3.17328,247.03109
pos,1197850680000,-18.16889,248.27978
pos,1198113900000,-33.18730,247.83393
pos,1198377120000,-48.02477,244.78183
pos,1198640340000,-62.18679,235.88357
pos,1198903560000,-73.58223,208.76421
pos,1199166780000,-74.05468,152.70356
pos,1199430000000,-62.97275,123.51306
pos,1199693220000,-48.77572,113.92595
pos,1199956440000,-33.78291,110.53835
pos,1200219660000,-18.52278,109.82055
pos,1200482880000,-3.19797,110.76994
pos,1200746100000,12.11662,113.24452
pos,1201009320000,27.04151,117.67811
pos,1201272540000,41.33402,125.34253
pos,1201535760000,54.03704,139.26652
pos,1201798980000,62.65325,164.95020
pos,1202062200000,62.80008,200.17379
pos,1202325420000,54.27183,226.60542
pos,1202588640000,41.37511,241.25060
pos,1202851860000,26.68346,249.68174
pos,1203115080000,11.18800,255.11480
pos,1203378300000,-4.88262,259.02389
pos,1203641520000,-21.15038,262.16558
pos,1203904740000,-37.59650,265.05997
pos,1204167960000,-54.15452,268.37482
pos,1204431180000,-70.73123,274.30514
pos,1204694400000,-86.06392,321.68102
pos,1204957620000,-75.00668,74.37331
pos,1205220840000,-58.30756,82.06639
pos,1205484060000,-41.44165,85.12048
pos,1205747280000,-24.52109,87.10605
pos,1206010500000,-7.57448,88.70774
pos,1206273720000,9.47259,90.18030
pos,1206536940000,26.36803,91.68863
pos,1206800160000,43.29045,93.44305
pos,1207063380000,60.18438,95.97672
pos,1207326600000,76.97814,102.34342
pos,1207589820000,85.47994,246.38166
pos,1207853040000,69.10619,269.70165
pos,1208116260000,52.44146,273.75467
pos,1208379480000,35.85152,276.48848
pos,1208642700000,19.40276,279.15855
pos,1208905920000,3.29009,282.25304
pos,1209169140000,-12.90747,286.26171
pos,1209432360000,-28.39841,291.98980
pos,1209695580000,-42.95119,301.07170
pos,1209958800000,-55.43418,317.05572
pos,1210222020000,-62.92679,345.27734
pos,1210485240000,-61.32449,19.76731
pos,1210748460000,-51.83486,43.29433
pos,1211011680000,-38.72545,56.01802
pos,1211274900000,-24.18096,63.10318
pos,1211538120000,-9.02710,67.20787
pos,1211801340000,6.51269,69.43396
pos,1212064560000,21.91117,70.10881
pos,1212327780000,37.29154,68.94679
pos,1212591000000,52.34455,64.56440
pos,1212854220000,66.31212,51.92526
pos,1213117440000,75.53837,12.89492
pos,1213380660000,71.00224,320.17718
pos,1213643880000,58.16792,300.43261
pos,1213907100000,43.51754,293.88127
pos,1214170320000,28.40917,291.83760
pos,1214433540000,13.23008,292.03509
pos,1214696760000,-1.95862,293.88075
pos,1214959980000,-16.80226,297.48001
pos,1215223200000,-31.06544,303.55298
pos,1215486420000,-44.12383,313.78674
pos,1215749640000,-54.53484,331.35890
pos,1216012860000,-59.37258,358.53430
pos,1216276080000,-56.08143,27.21128
pos,1216539300000,-46.41070,46.97673
pos,1216802520000,-33.50587,58.70591
pos,1217065740000,-19.07832,65.85851
pos,1217328960000,-3.86388,70.46474
pos,1217592180000,11.87824,73.50648
pos,1217855400000,27.79023,75.39906
pos,1218118620000,43.91502,76.12642
pos,1218381840000,60.13360,74.83888
pos,1218645060000,76.16192,65.78482
pos,1218908280000,84.14196,319.81022
pos,1219171500000,69.27810,281.47478
pos,1219434720000,52.80724,277.10500
pos,1219697940000,36.14482,276.35500
pos,1219961160000,19.41899,276.79189
pos,1220224380000,2.82579,277.92957
pos,1220487600000,-14.19054,279.75478
pos,1220750820000,-30.92134,282.58514
pos,1221014040000,-47.49049,287.40178
pos,1221277260000,-63.53753,297.63078
pos,1221540480000,-76.90359,331.15486
pos,1221803700000,-75.13044,46.55143
pos,1222066920000,-60.88313,73.17438
pos,1222330140000,-44.73971,82.47683
pos,1222593360000,-28.21302,87.69529
pos,1222856580000,-11.60490,91.66504
pos,1223119800000,5.11019,95.45797
pos,1223383020000,21.39699,99.84963
pos,1223646240000,37.42674,105.94066
pos,1223909460000,52.65451,116.19493
pos,1224172680000,65.53909,137.58145
pos,1224435900000,70.71078,181.36022
pos,1224699120000,63.32572,220.56219
pos,1224962340000,49.86334,238.28840
pos,1225225560000,34.65371,246.69425
pos,1225488780000,18.87705,251.28485
pos,1225752000000,3.04631,253.91629
pos,1226015220000,-13.23277,255.22544
pos,1226278440000,-29.23432,255.26491
pos,1226541660000,-45.06438,253.45331
pos,1226804880000,-60.45436,247.51589
pos,1227068100000,-74.19496,226.88509
pos,1227331320000,-78.01776,159.79729
pos,1227594540000,-66.63040,122.75345
pos,1227857760000,-51.95650,113.37055
pos,1228120980000,-36.76384,110.65071
pos,1228384200000,-21.52431,110.53097
pos,1228647420000,-6.41738,112.02072
pos,1228910640000,8.50665,115.01085
pos,1229173860000,22.76878,119.91205
pos,1229437080000,36.16588,127.77264
pos,1229700300000,47.78287,140.65786
pos,1229963520000,55.74551,161.38145
pos,1230226740000,57.26205,188.62989
pos,1230489960000,51.55228,212.69920
pos,1230753180000,41.07277,228.46698
pos,1231016400000,28.19437,238.07737
pos,1231279620000,14.13423,244.06677
pos,1231542840000,-0.11306,247.85142
pos,1231806060000,-15.79645,250.08437
pos,1232069280000,-31.14101,250.90883
pos,1232332500000,-46.56887,249.85829
pos,1232595720000,-61.83762,244.79583
pos,1232858940000,-75.84585,224.32855
pos,1233122160000,-79.05507,147.38408
pos,1233385380000,-66.31520,112.91382
pos,1233648600000,-50.86620,105.03730
pos,1233911820000,-34.89237,102.70111
pos,1234175040000,-18.72461,102.41866
pos,1234438260000,-2.47607,103.34092
pos,1234701480000,13.83784,105.36037
pos,1234964700000,29.95194,108.85841
pos,1235227920000,45.77124,115.06634
pos,1235491140000,60.63212,127.80087
pos,1235754360000,71.80464,159.82769
pos,1236017580000,70.84975,213.99938
pos,1236280800000,58.81011,242.73700
pos,1236544020000,43.62040,254.77295
pos,1236807240000,27.54271,261.37093
pos,1237070460000,11.16425,265.95773
pos,1237333680000,-5.46650,269.86367
pos,1237596900000,-22.02578,273.91060
pos,1237860120000,-38.45599,279.07869
pos,1238123340000,-54.46865,287.53453
pos,1238386560000,-68.98755,306.84466
pos,1238649780000,-76.01659,1.08215
pos,1238913000000,-67.09932,49.20015
pos,1239176220000,-52.22741,65.53341
pos,1239439440000,-36.15085,72.58514
pos,1239702660000,-19.72058,76.42293
pos,1239965880000,-3.16970,78.73048
pos,1240229100000,13.47108,80.05825
pos,1240492320000,29.97701,80.47970
pos,1240755540000,46.41199,79.57590
pos,1241018760000,62.61417,75.49115
pos,1241281980000,77.77419,56.53314
pos,1241545200000,80.38469,321.30313
pos,1241808420000,66.10829,292.63619
pos,1242071640000,50.32961,287.51685
pos,1242334860000,34.44383,286.70150
pos,1242598080000,18.67573,287.67064
pos,1242861300000,3.27352,289.93804
pos,1243124520000,-12.14057,293.64487
pos,1243387740000,-26.72288,299.42963
pos,1243650960000,-40.17025,308.69524
pos,1243914180000,-51.32484,324.08693
pos,1244177400000,-57.76797,348.34748
pos,1244440620000,-56.69678,16.78950
pos,1244703840000,-48.73080,38.49689
pos,1244967060000,-36.91687,51.73021
pos,1245230280000,-23.29387,59.61912
pos,1245493500000,-8.79230,64.40708
pos,1245756720000,6.28994,67.18899
pos,1246019940000,21.37519,68.35657
pos,1246283160000,36.58232,67.72033
pos,1246546380000,51.61932,64.08720
pos,1246809600000,65.84072,52.94506
pos,1247072820000,76.03214,15.95518
pos,1247336040000,72.27732,318.66508
pos,1247599260000,59.25800,297.49460
pos,1247862480000,44.28168,290.71725
pos,1248125700000,28.77653,288.51883
pos,1248388920000,13.11556,288.47628
pos,1248652140000,-2.66862,289.94913
pos,1248915360000,-18.25991,293.00649
pos,1249178580000,-33.49304,298.36370
pos,1249441800000,-47.85219,307.94815
pos,1249705020000,-59.91217,326.47878
pos,1249968240000,-65.77763,0.26541
pos,1250231460000,-61.24182,36.06586
pos,1250494680000,-49.60541,56.86544
pos,1250757900000,-35.17613,67.88169
pos,1251021120000,-19.62217,74.48005
pos,1251284340000,-3.52885,79.00373
pos,1251547560000,12.92903,82.53441
pos,1251810780000,29.45596,85.72332
pos,1252074000000,46.10407,89.24770
pos,1252337220000,62.75119,94.69775
pos,1252600440000,78.91712,112.10961
pos,1252863660000,81.37661,231.17552
pos,1253126880000,65.48177,255.74262
pos,1253390100000,48.70401,261.46662
pos,1253653320000,31.79854,264.37554
pos,1253916540000,14.87325,266.35919
pos,1254179760000,-2.15396,267.94212
pos,1254442980000,-19.11542,269.34321
pos,1254706200000,-36.05664,270.69471
pos,1254969420000,-52.96543,272.13911
pos,1255232640000,-69.82832,274.06269
pos,1255495860000,-86.59684,283.52584
pos,1255759080000,-76.59857,92.41556
pos,1256022300000,-59.95135,95.26377
pos,1256285520000,-43.40786,97.34767
pos,1256548740000,-27.00375,99.56238
pos,1256811960000,-10.78844,102.21616
pos,1257075180000,5.30535,105.65072
pos,1257338400000,20.72188,110.43356
pos,1257601620000,35.49660,117.66494
pos,1257864840000,48.83409,129.64842
pos,1258128060000,58.91560,150.71174
pos,1258391280000,62.09252,182.43732
pos,1258654500000,56.45508,211.38699
pos,1258917720000,45.30130,228.78997
pos,1259180940000,31.78790,238.48369
pos,1259444160000,17.29036,244.10563
pos,1259707380000,2.52316,247.37250
pos,1259970600000,-12.87922,248.97377
pos,1260233820000,-28.04898,248.99150
pos,1260497040000,-43.06321,246.83560
pos,1260760260000,-57.56958,240.34032
pos,1261023480000,-70.30444,221.53237
pos,1261286700000,-75.40535,171.65079
pos,1261549920000,-67.04898,131.17649
pos,1261813140000,-53.56575,117.47122
pos,1262076360000,-38.89689,112.63930
pos,1262339580000,-23.87738,111.24833
pos,1262602800000,-8.77909,111.77656
pos,1262866020000,6.36395,113.86438
pos,1263129240000,21.02409,117.74879
pos,1263392460000,35.16497,124.32381
pos,1263655680000,48.02215,135.65750
pos,1263918900000,57.86954,155.64350
pos,1264182120000,61.27552,185.90721
pos,1264445340000,56.12665,214.66314
pos,1264708560000,45.21110,232.77654
pos,1264971780000,31.62850,243.28834
pos,1265235000000,16.82035,249.80044
pos,1265498220000,1.59806,254.17084
pos,1265761440000,-14.60108,257.30155
pos,1266024660000,-30.74106,259.64740
pos,1266287880000,-47.06646,261.42514
pos,1266551100000,-63.53141,262.62106
pos,1266814320000,-80.09923,261.98987
pos,1267077540000,-83.19132,91.54363
pos,1267340760000,-66.46838,89.32504
pos,1267603980000,-49.67269,89.95055
pos,1267867200000,-32.82990,90.93291
pos,1268130420000,-15.95333,92.09336
pos,1268393640000,1.29232,93.45032
pos,1268656860000,17.89591,95.11644
pos,1268920080000,34.75640,97.36186
pos,1269183300000,51.56827,100.92369
pos,1269446520000,68.15523,108.73594
pos,1269709740000,82.76655,149.53801
pos,1269972960000,75.84114,249.90267
pos,1270236180000,59.70544,264.70764
pos,1270499400000,43.12022,270.18844
pos,1270762620000,26.51923,273.84889
pos,1271025840000,10.04386,277.17572
pos,1271289060000,-6.39708,280.86522
pos,1271552280000,-22.44729,285.62417
pos,1271815500000,-37.92526,292.66888
pos,1272078720000,-52.16146,304.71816
pos,1272341940000,-63.17703,327.99207
pos,1272605160000,-66.11910,6.22910
pos,1272868380000,-58.71415,38.11159
pos,1273131600000,-45.96892,54.66414
pos,1273394820000,-31.32391,63.24509
pos,1273658040000,-15.95447,68.07343
pos,1273921260000,0.20798,70.80774
pos,1274184480000,15.52185,72.03621
pos,1274447700000,31.20603,71.73567
pos,1274710920000,46.69747,69.11143
pos,1274974140000,61.57075,61.21089
pos,1275237360000,73.99394,35.63709
pos,1275500580000,75.29662,334.95687
pos,1275763800000,63.86282,304.06850
pos,1276027020000,49.38365,294.84614
pos,1276290240000,34.27676,291.91051
pos,1276553460000,19.06056,291.64438
pos,1276816680000,4.04479,293.09461
pos,1277079900000,-11.03572,296.17850
pos,1277343120000,-25.42576,301.38364
pos,1277606340000,-38.82665,309.94871
pos,1277869560000,-50.17905,324.31452
pos,1278132780000,-57.22928,347.39147
pos,1278396000000,-57.04077,15.80358
pos,1278659220000,-49.67713,38.57849
pos,1278922440000,-38.07689,52.76310
pos,1279185660000,-24.42651,61.33729
pos,1279448880000,-9.74553,66.71202
pos,1279712100000,5.64710,70.12984
pos,1279975320000,21.13604,72.13093
pos,1280238540000,36.90483,72.75667
pos,1280501760000,52.75146,71.29954
pos,1280764980000,68.37299,64.25864
pos,1281028200000,81.40186,23.54338
pos,1281291420000,75.28900,299.76073
pos,1281554640000,59.94986,284.69089
pos,1281817860000,43.74674,281.07115
pos,1282081080000,27.32292,280.31274
pos,1282344300000,10.84270,280.85366
pos,1282607520000,-5.79015,282.35141
pos,1282870740000,-22.29846,284.94870
pos,1283133960000,-38.64087,289.34254
pos,1283397180000,-54.50434,297.65860
pos,1283660400000,-68.68374,317.61673
pos,1283923620000,-75.02837,10.52218
pos,1284186840000,-66.10229,56.17193
pos,1284450060000,-51.32461,72.88997
pos,1284713280000,-35.25415,80.77441
pos,1284976500000,-18.78472,85.78028
pos,1285239720000,-2.18146,89.78399
pos,1285502940000,14.48414,93.71001
pos,1285766160000,30.93431,98.41096
pos,1286029380000,47.06401,105.39864
pos,1286292600000,62.20230,118.95183
pos,1286555820000,73.34996,154.17178
pos,1286819040000,71.13966,211.27292
pos,1287082260000,58.29332,237.66778
pos,1287345480000,42.86500,248.07881
pos,1287608700000,26.76497,253.31745
pos,1287871920000,10.47747,256.33531
pos,1288135140000,-6.00570,258.08532
pos,1288398360000,-22.38593,258.83188
pos,1288661580000,-38.67566,258.37537
pos,1288924800000,-54.75944,255.64039
pos,1289188020000,-70.23288,245.76290
pos,1289451240000,-81.37431,193.36116
pos,1289714460000,-73.12831,124.58062
pos,1289977680000,-58.20126,111.66906
pos,1290240900000,-42.66282,108.53897
pos,1290504120000,-27.10120,108.33133
pos,1290767340000,-11.68632,109.69605
pos,1291030560000,3.65102,112.41519
pos,1291293780000,18.18781,116.78749
pos,1291557000000,32.07179,123.66021
pos,1291820220000,44.50272,134.76986
pos,1292083440000,53.96617,152.94708
pos,1292346660000,57.77442,179.11716
pos,1292609880000,54.11377,205.34853
pos,1292873100000,44.78479,223.59491
pos,1293136320000,32.49918,234.69684
pos,1293399540000,18.79155,241.48386
pos,1293662760000,4.45024,245.69108
pos,1293925980000,-10.58954,248.14517
pos,1294189200000,-25.67262,249.09622
pos,1294452420000,-40.81856,248.22891
pos,1294715640000,-55.79472,244.03415
pos,1294978860000,-69.83850,230.28310
pos,1295242080000,-78.19328,180.26617
pos,1295505300000,-70.57203,126.95134
pos,1295768520000,-56.42268,111.87022
pos,1296031740000,-41.06880,107.09298
pos,1296294960000,-25.34433,105.70133
pos,1296558180000,-9.47491,106.01482
pos,1296821400000,6.54879,107.62464
pos,1297084620000,22.27160,110.70332
pos,1297347840000,37.76928,116.08539
pos,1297611060000,52.48137,126.10998
pos,1297874280000,64.79275,147.36525
pos,1298137500000,69.54001,189.04584
pos,1298400720000,62.37447,226.69256
pos,1298663940000,49.08904,244.89681
pos,1298927160000,33.84527,254.18661
pos,1299190380000,17.87304,259.93731
pos,1299453600000,1.78713,264.18495
pos,1299716820000,-15.02220,267.91079
pos,1299980040000,-31.58665,271.86970
pos,1300243260000,-48.08028,277.21390
pos,1300506480000,-64.17435,287.34532
pos,1300769700000,-77.86537,321.02549
pos,1301032920000,-75.80238,41.62622
pos,1301296140000,-61.16450,66.84679
pos,1301559360000,-44.86645,74.99077
pos,1301822580000,-28.21825,79.04850
pos,1302085800000,-11.45786,81.52872
pos,1302349020000,5.48111,83.17949
pos,1302612240000,22.16292,84.23945
pos,1302875460000,38.89747,84.66204
pos,1303138680000,55.56952,83.91854
pos,1303401900000,72.05459,79.14862
pos,1303665120000,85.93546,15.62068
pos,1303928340000,73.81136,289.06700
pos,1304191560000,57.60395,283.56982
pos,1304454780000,41.35396,283.11666
pos,1304718000000,25.22932,284.22561
pos,1304981220000,9.34621,286.37825
pos,1305244440000,-6.38251,289.67222
pos,1305507660000,-21.53298,294.61105
pos,1305770880000,-35.82632,302.31230
pos,1306034100000,-48.42632,315.05916
pos,1306297320000,-57.38790,336.49681
pos,1306560540000,-59.41769,6.16892
pos,1306823760000,-53.41478,32.20121
pos,1307086980000,-42.37631,48.38482
pos,1307350200000,-29.02017,57.76730
pos,1307613420000,-14.60745,63.34003
pos,1307876640000,0.73123,66.60626
pos,1308139860000,15.53185,68.17542
pos,1308403080000,30.72236,68.05893
pos,1308666300000,45.79072,65.50175
pos,1308929520000,60.28578,57.73266
pos,1309192740000,72.46107,34.06338
pos,1309455960000,74.72293,338.60919
pos,1309719180000,64.25344,305.44265
pos,1309982400000,50.04160,294.72099
pos,1310245620000,34.93095,290.99435
pos,1310508840000,19.54888,290.16827
pos,1310772060000,4.22288,291.10353
pos,1311035280000,-11.31024,293.62033
pos,1311298500000,-26.35261,298.14614
pos,1311561720000,-40.67821,305.95466
pos,1311824940000,-53.31379,320.02325
pos,1312088160000,-61.74700,345.46651
pos,1312351380000,-61.77790,19.65815
pos,1312614600000,-53.29910,45.48081
pos,1312877820000,-40.44633,60.01769
pos,1313141040000,-25.75193,68.42854
pos,1313404260000,-10.19573,73.80821
pos,1313667480000,5.96245,77.59245
pos,1313930700000,22.17260,80.49570
pos,1314193920000,38.64954,82.94408
pos,1314457140000,55.26874,85.33391
pos,1314720360000,71.97928,88.68980
pos,1314983580000,88.30861,132.36247
pos,1315246800000,74.25208,262.87553
pos,1315510020000,57.36095,266.32397
pos,1315773240000,40.42165,268.18044
pos,1316036460000,23.46479,269.68606
pos,1316299680000,6.56538,271.12187
pos,1316562900000,-10.54845,272.64409
pos,1316826120000,-27.52354,274.43664
pos,1317089340000,-44.46286,276.87058
pos,1317352560000,-61.31347,281.10394
pos,1317615780000,-77.77953,294.40369
pos,1317879000000,-82.94830,55.71242
pos,1318142220000,-67.21308,84.44095
pos,1318405440000,-50.61890,90.56835
pos,1318668660000,-34.01347,94.15165
pos,1318931880000,-17.50735,97.25766
pos,1319195100000,-1.17593,100.60295
pos,1319458320000,14.93321,104.77461
pos,1319721540000,30.47224,110.65646
pos,1319984760000,45.09952,120.04132
pos,1320247980000,57.59688,136.96919
pos,1320511200000,64.70476,167.57640
pos,1320774420000,62.08502,203.49114
pos,1321037640000,51.77914,226.18328
pos,1321300860000,38.26709,238.03251
pos,1321564080000,23.55047,244.57146
pos,1321827300000,8.38776,248.34119
pos,1322090520000,-7.13330,250.35331
pos,1322353740000,-22.58059,250.88598
pos,1322616960000,-37.91092,249.62539
pos,1322880180000,-52.88316,245.16289
pos,1323143400000,-66.75489,232.38095
pos,1323406620000,-75.85371,192.71816
pos,1323669840000,-71.18812,139.84836
pos,1323933060000,-58.42648,120.36931
pos,1324196280000,-43.93008,113.90700
pos,1324459500000,-29.00048,111.87508
pos,1324722720000,-13.98887,112.03850
pos,1324985940000,1.27911,113.80110
pos,1325249160000,15.63882,117.23796
pos,1325512380000,29.72595,122.99147
pos,1325775600000,42.73568,132.57045
pos,1326038820000,53.38981,148.86371
pos,1326302040000,59.05040,174.52785
pos,1326565260000,56.95428,203.37587
pos,1326828480000,48.18999,224.38491
pos,1327091700000,35.85815,237.06043
pos,1327354920000,21.83537,244.79377
pos,1327618140000,6.99670,249.77922
pos,1327881360000,-8.54680,253.11250
pos,1328144580000,-24.29468,255.29430
pos,1328407800000,-40.25881,256.42918
pos,1328671020000,-56.35624,256.04057
pos,1328934240000,-72.43206,251.08629
pos,1329197460000,-85.76869,184.95362
pos,1329460680000,-73.56489,102.55845
pos,1329723900000,-57.23728,96.53815
pos,1329987120000,-40.66394,95.48011
pos,1330250340000,-23.99570,95.75463
pos,1330513560000,-7.27554,96.71010
pos,1330776780000,9.55635,98.25418
pos,1331040000000,26.22584,100.58138
pos,1331303220000,42.85121,104.33888
pos,1331566440000,59.19628,111.63381
pos,1331829660000,74.25468,132.68703
pos,1332092880000,78.98631,209.83105
pos,1332356100000,66.15672,250.66280
pos,1332619320000,50.16180,261.97895
pos,1332882540000,33.68020,267.62312
pos,1333145760000,17.11248,271.65912
pos,1333408980000,0.89532,275.35996
pos,1333672200000,-15.91753,279.49140
pos,1333935420000,-32.03269,284.98109
pos,1334198640000,-47.48513,293.68597
pos,1334461860000,-61.20658,310.48025
pos,1334725080000,-69.44972,346.15774
pos,1334988300000,-65.84182,29.79902
pos,1335251520000,-53.82897,52.90238
pos,1335514740000,-39.09931,63.61422
pos,1335777960000,-23.48345,69.29339
pos,1336041180000,-7.53409,72.54236
pos,1336304400000,8.62845,74.28518
pos,1336567620000,24.62201,74.73854
pos,1336830840000,40.54288,73.53586
pos,1337094060000,56.13870,69.07242
pos,1337357280000,70.62043,54.54739
pos,1337620500000,78.63661,359.95127
pos,1337883720000,69.97051,308.45566
pos,1338146940000,55.59926,295.10136
pos,1338410160000,40.35606,291.18470
pos,1338673380000,24.97569,290.51477
pos,1338936600000,9.71710,291.64371
pos,1339199820000,-5.44297,294.30353
pos,1339463040000,-20.06662,298.80450
pos,1339726260000,-33.86650,306.08006
pos,1339989480000,-46.04777,318.05553
pos,1340252700000,-54.87635,337.66933
pos,1340515920000,-57.48697,4.78511
pos,1340779140000,-52.54577,30.09217
pos,1341042360000,-42.33610,46.96695
pos,1341305580000,-29.45815,57.17420
pos,1341568800000,-15.27271,63.45267
pos,1341832020000,0.11778,67.36503
pos,1342095240000,14.92441,69.62911
pos,1342358460000,30.36909,70.40554
pos,1342621680000,45.89439,69.20729
pos,1342884900000,61.21399,63.82146
pos,1343148120000,75.12811,42.99338
pos,1343411340000,78.42244,330.29445
pos,1343674560000,66.00846,295.11892
pos,1343937780000,50.60611,286.65553
pos,1344201000000,34.62537,284.10337
pos,1344464220000,18.45937,283.77374
pos,1344727440000,2.41254,284.76346
pos,1344990660000,-14.07669,286.97006
pos,1345253880000,-30.15537,290.83007
pos,1345517100000,-45.81114,297.71696
pos,1345780320000,-60.24760,311.72259
pos,1346043540000,-70.38623,344.56781
pos,1346306760000,-68.65361,33.64222
pos,1346569980000,-56.81116,60.59384
pos,1346833200000,-41.78851,72.67125
pos,1347096420000,-25.77459,79.41761
pos,1347359640000,-9.36582,84.06860
pos,1347622860000,7.32870,87.93595
pos,1347886080000,23.88115,91.82649
pos,1348149300000,40.42435,96.68615
pos,1348412520000,56.66347,104.67331
pos,1348675740000,71.60173,124.35885
pos,1348938960000,78.08979,189.19960
pos,1349202180000,67.15670,236.27793
pos,1349465400000,51.56733,249.83468
pos,1349728620000,35.18578,255.69674
pos,1349991840000,18.59560,258.97309
pos,1350255060000,2.14331,261.02151
pos,1350518280000,-14.81388,262.28373
pos,1350781500000,-31.45572,262.81537
pos,1351044720000,-48.01319,262.25533
pos,1351307940000,-64.38531,258.92628
pos,1351571160000,-79.91483,240.10074
pos,1351834380000,-80.39017,128.43730
pos,1352097600000,-65.12845,108.32730
pos,1352360820000,-49.15384,105.19100
pos,1352624040000,-33.20162,105.16587
pos,1352887260000,-17.40579,106.55225
pos,1353150480000,-1.86363,109.08297
pos,1353413700000,13.35253,112.98706
pos,1353676920000,27.82576,118.95762
pos,1353940140000,41.15621,128.45775
pos,1354203360000,52.14519,144.21508
pos,1354466580000,58.33358,168.93229
pos,1354729800000,56.98396,197.46488
pos,1354993020000,48.89120,218.89840
pos,1355256240000,37.10907,231.89021
pos,1355519460000,23.61391,239.63640
pos,1355782680000,9.32773,244.34674
pos,1356045900000,-5.52925,247.09407
pos,1356309120000,-20.50020,248.26907
pos,1356572340000,-35.51608,247.71373
pos,1356835560000,-50.36450,244.36696
pos,1357098780000,-64.48908,234.34141
pos,1357362000000,-75.26915,202.00775
pos,1357625220000,-73.38448,143.86208
pos,1357888440000,-61.14077,119.35902
pos,1358151660000,-46.51944,111.48094
pos,1358414880000,-31.26096,108.77995
pos,1358678100000,-15.77397,108.40046
pos,1358941320000,0.26179,109.55011
pos,1359204540000,15.29964,112.18793
pos,1359467760000,30.47007,116.85833
pos,1359730980000,44.98236,125.09858
pos,1359994200000,57.74069,140.77442
pos,1360257420000,65.61008,170.93210
pos,1360520640000,63.60424,209.04867
pos,1360783860000,53.21815,233.49924
pos,1361047080000,39.31385,246.25342
pos,1361310300000,24.04969,253.65129
pos,1361573520000,8.20593,258.59397
pos,1361836740000,-8.14676,262.37507
pos,1362099960000,-24.59318,265.72392
pos,1362363180000,-41.14546,269.31009
pos,1362626400000,-57.70098,274.43584
pos,1362889620000,-73.92142,286.91915
pos,1363152840000,-83.66734,14.13798
pos,1363416060000,-70.17557,69.31819
pos,1363679280000,-53.66166,78.35128
pos,1363942500000,-36.85623,82.21942
pos,1364205720000,-19.96569,84.59144
pos,1364468940000,-3.04428,86.32670
pos,1364732160000,13.94551,87.73124
pos,1364995380000,30.82647,88.93536
pos,1365258600000,47.70775,89.97847
pos,1365521820000,64.55862,90.75443
pos,1365785040000,81.35793,89.87240
pos,1366048260000,81.86444,277.80736
pos,1366311480000,65.19982,276.95908
pos,1366574700000,48.62440,278.15639
pos,1366837920000,32.17667,279.91381
pos,1367101140000,15.91466,282.21582
pos,1367364360000,0.29156,285.27487
pos,1367627580000,-15.88001,289.53502
pos,1367890800000,-30.94927,295.88041
pos,1368154020000,-44.83540,306.15614
pos,1368417240000,-56.13327,324.06532
pos,1368680460000,-61.66721,353.18316
pos,1368943680000,-58.35474,24.37185
pos,1369206900000,-48.32364,44.81327
pos,1369470120000,-35.20292,56.23830
pos,1369733340000,-20.77953,62.79520
pos,1369996560000,-5.77269,66.63055
pos,1370259780000,9.58262,68.65012
pos,1370523000000,24.86505,69.07249
pos,1370786220000,40.08772,67.47331
pos,1371049440000,54.91437,62.10580
pos,1371312660000,68.34663,46.56130
pos,1371575880000,75.58393,1.41404
pos,1371839100000,68.82399,314.88640
pos,1372102320000,55.51604,298.63850
pos,1372365540000,40.74645,293.06430
pos,1372628760000,25.57556,291.39606
pos,1372891980000,10.34963,291.80003
pos,1373155200000,-4.92293,293.82350
pos,1373418420000,-19.83407,297.66562
pos,1373681640000,-34.14008,304.19194
pos,1373944860000,-47.13120,315.41791
pos,1374208080000,-57.09918,335.11374
pos,1374471300000,-60.65990,4.89877
pos,1374734520000,-55.66642,33.48771
pos,1374997740000,-44.81180,51.68791
pos,1375260960000,-31.21374,62.26749
pos,1375524180000,-16.34123,68.77806
pos,1375787400000,-0.22153,73.07385
pos,1376050620000,15.18989,76.03958
pos,1376313840000,31.34820,78.07557
pos,1376577060000,47.70182,79.24300
pos,1376840280000,64.17419,78.95481
pos,1377103500000,80.60630,71.26327
pos,1377366720000,82.03951,284.18019
pos,1377629940000,65.50598,273.90324
pos,1377893160000,48.72738,272.98968
pos,1378156380000,31.88734,273.40597
pos,1378419600000,15.03256,274.35717
pos,1378682820000,-1.92871,275.71763
pos,1378946040000,-18.82542,277.58821
pos,1379209260000,-35.67836,280.33081
pos,1379472480000,-52.39944,285.01044
pos,1379735700000,-68.65319,295.93211
pos,1379998920000,-81.27275,346.07801
pos,1380262140000,-73.46349,64.70835
pos,1380525360000,-57.68803,81.09843
pos,1380788580000,-41.19142,87.53616
pos,1381051800000,-24.58443,91.68357
pos,1381315020000,-8.01988,95.26959
pos,1381578240000,8.50307,99.09294
pos,1381841460000,24.58818,103.92064
pos,1382104680000,40.18644,111.05941
pos,1382367900000,54.57489,123.55163
pos,1382631120000,65.57697,148.88434
pos,1382894340000,67.61036,190.82088
pos,1383157560000,58.96093,222.41187
pos,1383420780000,45.55022,237.65327
pos,1383684000000,30.58749,245.41800
pos,1383947220000,15.07615,249.77601
pos,1384210440000,-0.16788,252.23134
pos,1384473660000,-16.53815,253.29288
pos,1384736880000,-32.26451,252.89544
pos,1385000100000,-47.75908,250.20720
pos,1385263320000,-62.62010,242.13993
pos,1385526540000,-74.95340,215.15721
pos,1385789760000,-75.53491,151.94390
pos,1386052980000,-63.71091,122.70753
pos,1386316200000,-49.21934,114.20666
pos,1386579420000,-34.20237,111.56691
pos,1386842640000,-19.10787,111.43788
pos,1387105860000,-4.12210,112.94345
pos,1387369080000,10.67594,116.01633
pos,1387632300000,24.84365,121.12035
pos,1387895520000,38.09267,129.41300
pos,1388158740000,49.42406,143.16026
pos,1388421960000,56.76764,165.20622
pos,1388685180000,57.27458,193.08471
pos,1388948400000,50.64243,216.37671
pos,1389211620000,39.58346,231.22279
pos,1389474840000,26.34085,240.26122
pos,1389738060000,12.01905,245.95099
pos,1390001280000,-3.02949,249.61117
pos,1390264500000,-18.37626,251.84694
pos,1390527720000,-33.95150,252.78761
pos,1390790940000,-49.63746,251.95724
pos,1391054160000,-65.22217,246.98110
pos,1391317380000,-79.45733,221.27542
pos,1391580600000,-78.48307,127.92643
pos,1391843820000,-63.77170,105.72048
pos,1392107040000,-47.75636,100.95306
pos,1392370260000,-31.45117,99.77436
pos,1392633480000,-15.02463,100.03259
pos,1392896700000,1.75907,101.22464
pos,1393159920000,17.97643,103.37319
pos,1393423140000,34.33085,106.95209
pos,1393686360000,50.40145,113.42329
pos,1393949580000,65.47102,127.88995
pos,1394212800000,75.70408,170.58245
pos,1394476020000,70.53225,229.03915
pos,1394739240000,56.43238,251.00340
pos,1395002460000,40.53239,260.17447
pos,1395265680000,24.15221,265.58330
pos,1395528900000,7.67031,269.70186
pos,1395792120000,-9.01005,273.57959
pos,1396055340000,-25.47809,278.02536
pos,1396318560000,-41.65614,284.25852
pos,1396581780000,-57.05982,295.28626
pos,1396845000000,-69.80416,320.99361
pos,1397108220000,-72.53951,14.39526
pos,1397371440000,-62.17990,50.13866
pos,1397634660000,-47.43465,64.16916
pos,1397897880000,-31.57199,70.84677
pos,1398161100000,-15.34072,74.57630
pos,1398424320000,1.36023,76.75212
pos,1398687540000,17.44807,77.82146
pos,1398950760000,33.74400,77.72948
pos,1399213980000,49.89591,75.72563
pos,1399477200000,65.60440,68.66785
pos,1399740420000,78.98043,36.95249
pos,1400003640000,76.54518,315.88992
pos,1400266860000,62.33204,294.53981
pos,1400530080000,46.83025,289.53375
pos,1400793300000,31.17956,288.57392
pos,1401056520000,15.63383,289.48314
pos,1401319740000,0.65463,291.80879
pos,1401582960000,-14.73164,295.72351
pos,1401846180000,-29.00945,301.93947
pos,1402109400000,-42.00811,311.99937
pos,1402372620000,-52.40214,328.64637
pos,1402635840000,-57.61064,353.85220
pos,1402899060000,-55.24594,21.26004
pos,1403162280000,-46.54573,41.21723
pos,1403425500000,-34.42296,53.37294
pos,1403688720000,-20.66157,60.71710
pos,1403951940000,-6.07692,65.22554
pos,1404215160000,9.04157,67.85187
pos,1404478380000,24.23427,68.90909
pos,1404741600000,39.53326,68.12241
pos,1405004820000,54.66215,64.05183
pos,1405268040000,68.86430,50.84838
pos,1405531260000,77.68765,3.73606
pos,1405794480000,70.73474,309.35054
pos,1406057700000,56.67094,293.22237
pos,1406320920000,41.27901,288.13051
pos,1406584140000,25.50516,286.65335
pos,1406847360000,9.63565,286.99179
pos,1407110580000,-6.38398,288.71439
pos,1407373800000,-22.18479,292.01247
pos,1407637020000,-37.61829,297.78062
pos,1407900240000,-52.10696,308.46270
pos,1408163460000,-63.87303,330.45016
pos,1408426680000,-67.85527,10.38127
pos,1408689900000,-60.59655,45.41346
pos,1408953120000,-47.45993,63.14845
pos,1409216340000,-32.29976,72.45402
pos,1409479560000,-16.33752,78.22823
pos,1409742780000,0.46379,82.42573
pos,1410006000000,16.60694,85.99554
pos,1410269220000,33.22117,89.64000
pos,1410532440000,49.84438,94.39429
pos,1410795660000,66.21957,103.46566
pos,1411058880000,80.51540,139.85041
pos,1411322100000,76.22307,232.65776
pos,1411585320000,60.55570,252.29501
pos,1411848540000,43.93834,258.59324
pos,1412111760000,27.13289,261.88571
pos,1412374980000,10.30682,264.02755
pos,1412638200000,-6.66618,265.58130
pos,1412901420000,-23.54067,266.74557
pos,1413164640000,-40.38119,267.53176
pos,1413427860000,-57.16766,267.66291
pos,1413691080000,-73.85552,265.37188
pos,1413954300000,-87.91398,165.39221
pos,1414217520000,-72.63487,101.74553
pos,1414480740000,-56.19929,100.16322
pos,1414743960000,-39.85637,100.92632
pos,1415007180000,-23.66957,102.61223
pos,1415270400000,-7.70210,105.10130
pos,1415533620000,8.05075,108.62845
pos,1415796840000,23.12857,113.77426
pos,1416060060000,37.37708,121.74408
pos,1416323280000,49.88420,134.99316
pos,1416586500000,58.59074,157.40642
pos,1416849720000,60.09067,187.96606
pos,1417112940000,53.57573,213.78387
pos,1417376160000,42.29059,229.43110
pos,1417639380000,28.88130,238.43202
pos,1417902600000,14.53881,243.76666
pos,1418165820000,0.16358,246.88262
pos,1418429040000,-15.36381,248.35844
pos,1418692260000,-30.41648,248.19970
pos,1418955480000,-45.31465,245.68649
pos,1419218700000,-59.65056,238.23687
pos,1419481920000,-71.85220,216.15356
pos,1419745140000,-74.99128,162.64537
pos,1420008360000,-65.28262,127.27956
pos,1420271580000,-51.43819,115.57697
pos,1420534800000,-36.59524,111.42013
pos,1420798020000,-21.43289,110.32248
pos,1421061240000,-6.18784,111.01357
pos,1421324460000,9.08153,113.23304
pos,1421587680000,23.94483,117.30211
pos,1421850900000,38.25769,124.27748
pos,1422114120000,51.19460,136.66620
pos,1422377340000,60.69938,159.29253
pos,1422640560000,62.73471,192.77505
pos,1422903780000,55.82554,221.22735
pos,1423167000000,43.75264,237.73898
pos,1423430220000,29.48478,247.16679
pos,1423693440000,14.23239,253.09989
pos,1423956660000,-1.64805,257.23128
pos,1424219880000,-17.78840,260.39612
pos,1424483100000,-34.14092,263.09182
pos,1424746320000,-50.64054,265.78064
pos,1425009540000,-67.23258,269.51094
pos,1425272760000,-83.69581,284.90656
pos,1425535980000,-78.95561,75.86760
pos,1425799200000,-62.22666,83.56293
pos,1426062420000,-45.36436,86.26192
pos,1426325640000,-28.45470,88.06258
pos,1426588860000,-11.51876,89.58232
pos,1426852080000,5.57345,91.04647
pos,1427115300000,22.41841,92.61782
pos,1427378520000,39.33581,94.53016
pos,1427641740000,56.22430,97.37317
pos,1427904960000,72.98790,103.91151
pos,1428168180000,86.73634,187.31140
pos,1428431400000,72.66256,264.35887
pos,1428694620000,56.04285,271.06653
pos,1428957840000,39.41352,274.50434
pos,1429221060000,22.88772,277.40019
pos,1429484280000,6.58964,280.48543
pos,1429747500000,-9.67196,284.28094
pos,1430010720000,-25.39597,289.51501
pos,1430273940000,-40.35040,297.59538
pos,1430537160000,-53.63446,311.63655
pos,1430800380000,-62.78146,337.46265
pos,1431063600000,-63.26493,13.46784
pos,1431326820000,-54.81340,40.35538
pos,1431590040000,-41.99917,54.79261
pos,1431853260000,-27.50911,62.64317
pos,1432116480000,-12.33206,67.15406
pos,1432379700000,3.34615,69.66816
pos,1432642920000,18.74285,70.63912
pos,1432906140000,34.22163,69.91760
pos,1433169360000,49.44474,66.43973
pos,1433432580000,63.83727,56.35227
pos,1433695800000,74.77718,24.52798
pos,1433959020000,73.12109,327.31321
pos,1434222240000,61.01270,302.52859
pos,1434485460000,46.50492,294.58946
pos,1434748680000,31.43263,292.01633
pos,1435011900000,16.25208,291.91355
pos,1435275120000,1.40183,293.50037
pos,1435538340000,-13.81537,296.77612
pos,1435801560000,-28.17070,302.32805
pos,1436064780000,-41.46043,311.59358
pos,1436328000000,-52.46181,327.38054
pos,1436591220000,-58.59023,352.54075
pos,1436854440000,-56.94126,21.56711
pos,1437117660000,-48.37700,43.10024
pos,1437380880000,-36.05670,56.09968
pos,1437644100000,-21.95864,63.96536
pos,1437907320000,-6.95746,68.96478
pos,1438170540000,8.65267,72.22126
pos,1438433760000,24.41530,74.22167
pos,1438696980000,40.42084,74.99849
pos,1438960200000,56.52437,73.83515
pos,1439223420000,72.46638,66.56523
pos,1439486640000,84.39194,358.01619
pos,1439749860000,72.61285,287.10926
pos,1440013080000,56.42522,279.39047
pos,1440276300000,39.88602,277.72688
pos,1440539520000,23.23947,277.77133
pos,1440802740000,6.61123,278.69694
pos,1441065960000,-10.23718,280.37746
pos,1441329180000,-26.91582,283.05207
pos,1441592400000,-43.44252,287.53597
pos,1441855620000,-59.50712,296.47213
pos,1442118840000,-73.60723,321.62423
pos,1442382060000,-76.37818,30.65404
pos,1442645280000,-63.91889,67.23261
pos,1442908500000,-48.15435,79.20312
pos,1443171720000,-31.73990,85.32214
pos,1443434940000,-15.14884,89.61508
pos,1443698160000,1.75860,93.42991
pos,1443961380000,18.00319,97.57390
pos,1444224600000,34.22301,103.00956
pos,1444487820000,49.86077,111.71657
pos,1444751040000,63.82005,129.33890
pos,1445014260000,71.77754,169.75168
pos,1445277480000,66.59515,215.85320
pos,1445540700000,53.56011,237.07116
pos,1445803920000,38.36515,246.54323
pos,1446067140000,22.51467,251.56133
pos,1446330360000,6.50044,254.44807
pos,1446593580000,-9.78970,255.99860
pos,1446856800000,-25.91724,256.37428
pos,1447120020000,-41.91109,255.18418
pos,1447383240000,-57.57841,250.77307
pos,1447646460000,-72.14983,235.68868
pos,1447909680000,-79.56783,174.25202
pos,1448172900000,-69.65941,124.89350
pos,1448436120000,-55.02483,113.43875
pos,1448699340000,-39.75563,110.23621
pos,1448962560000,-24.42431,109.91036
pos,1449225780000,-9.21941,111.23201
pos,1449489000000,5.85395,114.00487
pos,1449752220000,20.22903,118.56010
pos,1450015440000,33.85210,125.81734
pos,1450278660000,45.89457,137.63717
pos,1450541880000,54.69680,156.84688
pos,1450805100000,57.51508,183.47434
pos,1451068320000,52.95967,208.75081
pos,1451331540000,43.13193,225.88577
pos,1451594760000,30.59134,236.33806
pos,1451857980000,16.72506,242.80108
pos,1452121200000,2.33303,246.86285
pos,1452384420000,-12.93753,249.27553
pos,1452647640000,-28.17664,250.25180
pos,1452910860000,-43.50669,249.43376
pos,1453174080000,-58.70435,245.11101
pos,1453437300000,-72.92972,229.24036
pos,1453700520000,-79.52824,164.82841
pos,1453963740000,-68.93432,118.31848
pos,1454226960000,-53.92703,107.44414
pos,1454490180000,-38.15665,104.13466
pos,1454753400000,-22.13013,103.40289
pos,1455016620000,-5.99761,104.05754
pos,1455279840000,10.23642,105.86150
pos,1455543060000,26.24837,109.08985
pos,1455806280000,42.01300,114.74721
pos,1456069500000,56.95983,125.80237
pos,1456332720000,69.05689,151.70922
pos,1456595940000,71.30981,202.03438
pos,1456859160000,61.22472,236.50857
pos,1457122380000,46.67039,251.17107
pos,1457385600000,30.85207,258.80739
pos,1457648820000,14.58445,263.81928
pos,1457912040000,-1.97709,267.82858
pos,1458175260000,-18.54421,271.71018
pos,1458438480000,-35.05851,276.32466
pos,1458701700000,-51.31427,283.32592
pos,1458964920000,-66.63519,298.12948
pos,1459228140000,-76.97785,344.26666
pos,1459491360000,-70.80194,44.89640
pos,1459754580000,-56.20207,64.95164
pos,1460017800000,-40.11138,72.80027
pos,1460281020000,-23.62858,76.91399
pos,1460544240000,-7.01355,79.39240
pos,1460807460000,9.72502,80.90824
pos,1461070680000,26.30120,81.62507
pos,1461333900000,42.85166,81.30516
pos,1461597120000,59.25274,78.76354
pos,1461860340000,75.10101,67.29802
pos,1462123560000,83.12996,337.98807
pos,1462386780000,69.66960,292.82041
pos,1462650000000,53.80381,286.71054
pos,1462913220000,37.80765,285.72191
pos,1463176440000,21.91759,286.58443
pos,1463439660000,6.30485,288.69555
pos,1463702880000,-9.19322,292.13501
pos,1463966100000,-24.00939,297.45062
pos,1464229320000,-37.83226,305.87712
pos,1464492540000,-49.67606,319.84426
pos,1464755760000,-57.37542,342.56222
pos,1465018980000,-57.86795,11.48442
pos,1465282200000,-50.93042,35.17086
pos,1465545420000,-39.57722,49.82276
pos,1465808640000,-26.15157,58.48176
pos,1466071860000,-11.74169,63.70393
pos,1466335080000,3.37181,66.77173
pos,1466598300000,18.35749,68.18705
pos,1466861520000,33.54812,67.87320
pos,1467124740000,48.60767,64.89644
pos,1467387960000,63.01439,55.79529
pos,1467651180000,74.46943,26.56148
pos,1467914400000,73.91682,327.93599
pos,1468177620000,61.98549,300.87099
pos,1468440840000,47.31908,292.30486
pos,1468704060000,31.96298,289.40194
pos,1468967280000,16.39374,288.98047
pos,1469230500000,1.07406,290.17016
pos,1469493720000,-14.83056,292.91653
pos,1469756940000,-30.04305,297.77940
pos,1470020160000,-44.49239,306.32779
pos,1470283380000,-57.02331,322.37132
pos,1470546600000,-64.46867,352.14747
pos,1470809820000,-62.23757,28.51851
pos,1471073040000,-51.91869,52.18178
pos,1471336260000,-38.08122,64.81939
pos,1471599480000,-22.83126,72.20011
pos,1471862700000,-6.91907,77.08730
pos,1472125920000,9.44391,80.73081
pos,1472389140000,25.87486,83.81066
pos,1472652360000,42.48222,86.88612
pos,1472915580000,59.15970,90.94513
pos,1473178800000,75.71719,100.70118
pos,1473442020000,85.03993,215.62543
pos,1473705240000,69.54817,256.54317
pos,1473968460000,52.73953,262.44516
pos,1474231680000,35.81280,265.26103
pos,1474494900000,18.86210,267.19150
pos,1474758120000,2.10802,268.77805
pos,1475021340000,-15.15131,270.24843
pos,1475284560000,-32.11617,271.76589
pos,1475547780000,-49.05146,273.56535
pos,1475811000000,-65.93676,276.35924
pos,1476074220000,-82.65812,286.96321
pos,1476337440000,-80.18034,84.54349
pos,1476600660000,-63.54699,92.28134
pos,1476863880000,-46.93590,95.30207
pos,1477127100000,-30.43830,97.82513
pos,1477390320000,-14.10515,100.53485
pos,1477653540000,2.25891,103.84462
pos,1477916760000,17.77367,108.29155
pos,1478179980000,32.86460,114.84650
pos,1478443200000,46.76707,125.53277
pos,1478706420000,57.96581,144.50442
pos,1478969640000,62.99014,175.51440
pos,1479232860000,58.82053,207.23373
pos,1479496080000,48.20925,226.91988
pos,1479759300000,34.82763,237.68348
pos,1480022520000,20.32648,243.82294
pos,1480285740000,5.41979,247.39555
pos,1480548960000,-9.93916,249.24268
pos,1480812180000,-25.18435,249.54911
pos,1481075400000,-40.30213,247.87838
pos,1481338620000,-55.00040,242.50373
pos,1481601840000,-68.32016,227.17032
pos,1481865060000,-75.65420,182.79496
pos,1482128280000,-69.23312,135.81643
pos,1482391500000,-56.18023,119.14037
pos,1482654720000,-41.63787,113.37008
pos,1482917940000,-26.68100,111.56823
pos,1483181160000,-11.62650,111.84037
pos,1483444380000,3.55738,113.69265
pos,1483707600000,18.14030,117.26554
pos,1483970820000,32.31768,123.30517
pos,1484234040000,45.36084,133.56587
pos,1484497260000,55.80905,151.45669
pos,1484760480000,60.61471,179.58286
pos,1485023700000,57.09547,209.11022
pos,1485286920000,47.18565,229.00660
pos,1485550140000,34.13690,240.66281
pos,1485813360000,19.64019,247.79360
pos,1486076580000,4.49112,252.48394
pos,1486339800000,-11.39848,255.74938
pos,1486603020000,-27.40815,258.08029
pos,1486866240000,-43.62076,259.66039
pos,1487129460000,-59.97933,260.29708
pos,1487392680000,-76.41789,257.92016
pos,1487655900000,-86.45295,114.95070
pos,1487919120000,-70.13611,92.66372
pos,1488182340000,-53.42985,91.70007
pos,1488445560000,-36.65018,92.14846
pos,1488708780000,-19.82404,93.06669
pos,1488972000000,-2.96816,94.30702
pos,1489235220000,13.96192,95.92539
pos,1489498440000,30.77944,98.15963
pos,1489761660000,47.55458,101.67215
pos,1490024880000,64.10855,108.82242
pos,1490288100000,79.31179,135.72962
pos,1490551320000,78.49847,236.09326
pos,1490814540000,63.13394,260.27573
pos,1491077760000,46.66637,267.53873
pos,1491340980000,30.06636,271.78099
pos,1491604200000,13.52344,275.27945
pos,1491867420000,-2.99427,278.89424
pos,1492130640000,-19.20587,283.32039
pos,1492393860000,-34.96119,289.61303
pos,1492657080000,-49.74469,300.04600
pos,1492920300000,-62.03047,320.19932
pos,1493183520000,-67.40495,357.38545
pos,1493446740000,-61.71125,33.85848
pos,1493709960000,-49.43260,53.13276
pos,1493973180000,-34.86112,62.77067
pos,1494236400000,-19.45823,68.08357
pos,1494499620000,-3.72468,71.11926
pos,1494762840000,12.19283,72.62424
pos,1495026060000,27.97631,72.69629
pos,1495289280000,43.62202,70.76225
pos,1495552500000,58.79856,64.59863
pos,1495815720000,72.25579,44.91733
pos,1496078940000,76.89033,346.35608
pos,1496342160000,66.77626,306.78877
pos,1496605380000,52.45195,295.47802
pos,1496868600000,37.34224,291.91147
pos,1497131820000,22.08685,291.34245
pos,1497395040000,6.96341,292.55693
pos,1497658260000,-8.12125,295.36246
pos,1497921480000,-22.62277,300.14081
pos,1498184700000,-36.23939,307.95431
pos,1498447920000,-48.06465,320.96125
pos,1498711140000,-56.13031,342.17705
pos,1498974360000,-57.46871,10.14084
pos,1499237580000,-51.34185,34.42604
pos,1499500800000,-40.41866,50.03343
pos,1499764020000,-27.13058,59.45243
pos,1500027240000,-12.67122,65.30367
pos,1500290460000,2.66424,69.00145
pos,1500553680000,17.93099,71.18306
pos,1500816900000,33.58090,71.96438
pos,1501080120000,49.32329,70.78931
pos,1501343340000,64.88609,65.00113
pos,1501606560000,78.75504,37.46668
pos,1501869780000,77.63662,311.52634
pos,1502133000000,63.19996,288.23014
pos,1502396220000,47.23754,282.86397
pos,1502659440000,30.94594,281.45450
pos,1502922660000,14.55079,281.66368
pos,1503185880000,-1.97756,282.94079
pos,1503449100000,-18.41259,285.32460
pos,1503712320000,-34.69891,289.37358
pos,1503975540000,-50.56272,296.78125
pos,1504238760000,-65.07201,313.17972
pos,1504501980000,-73.85642,356.09043
pos,1504765200000,-68.18734,47.20850
pos,1505028420000,-54.38414,68.44604
pos,1505291640000,-38.63147,77.91040
pos,1505554860000,-22.29071,83.53757
pos,1505818080000,-5.73202,87.75004
pos,1506081300000,10.96657,91.61010
pos,1506344520000,27.48344,95.92843
pos,1506607740000,43.81221,101.92892
pos,1506870960000,59.48426,112.80734
pos,1507134180000,72.54589,140.73218
pos,1507397400000,74.07475,202.23902
pos,1507660620000,62.13801,235.90323
pos,1507923840000,46.76499,247.93246
pos,1508187060000,30.60823,253.65369
pos,1508450280000,14.22701,256.90245
pos,1508713500000,-2.32396,258.84499
pos,1508976720000,-18.80680,259.84447
pos,1509239940000,-35.22369,259.82799
pos,1509503160000,-51.49234,258.07119
pos,1509766380000,-67.36998,251.39464
pos,1510029600000,-80.92362,215.68362
pos,1510292820000,-76.37338,128.11097
pos,1510556040000,-61.50538,111.40333
pos,1510819260000,-45.85913,107.78566
pos,1511082480000,-30.17935,107.43011
pos,1511345700000,-14.63913,108.67145
pos,1511608920000,1.02150,111.21041
pos,1511872140000,15.56355,115.28192
pos,1512135360000,29.69549,121.63079
pos,1512398580000,42.54467,131.81928
pos,1512661800000,52.77962,148.58409
pos,1512925020000,57.85368,173.80780
pos,1513188240000,55.46389,201.08067
pos,1513451460000,46.86831,220.92484
pos,1513714680000,34.92459,233.04299
pos,1513977900000,21.38418,240.38861
pos,1514241120000,7.09560,244.91860
pos,1514504340000,-7.81824,247.58679
pos,1514767560000,-22.84111,248.72490
pos,1515030780000,-37.93453,248.11923
pos,1515294000000,-52.88378,244.55246
pos,1515557220000,-67.07462,233.28819
pos,1515820440000,-77.13787,193.60429
pos,1516083660000,-72.52274,134.53971
pos,1516346880000,-59.14390,114.86442
pos,1516610100000,-44.06410,108.69674
pos,1516873320000,-28.50232,106.71795
pos,1517136540000,-12.75686,106.70421
pos,1517399760000,3.25039,108.06893
pos,1517662980000,18.80274,110.87617
pos,1517926200000,34.23573,115.79785
pos,1518189420000,48.98492,124.71998
pos,1518452640000,61.76302,142.76342
pos,1518715860000,68.48644,179.05370
pos,1518979080000,63.82069,218.96541
pos,1519242300000,51.65407,240.43407
pos,1519505520000,36.87489,251.22540
pos,1519768740000,21.13058,257.64609
pos,1520031960000,5.03548,262.16547
pos,1520295180000,-11.55812,265.90214
pos,1520558400000,-28.10596,269.59261
pos,1520821620000,-44.65774,274.15135
pos,1521084840000,-61.00827,281.89485
pos,1521348060000,-76.13127,304.68431
pos,1521611280000,-79.22134,31.46970
pos,1521874500000,-65.20437,66.24514
pos,1522137720000,-48.89659,75.40791
pos,1522400940000,-32.20713,79.67484
pos,1522664160000,-15.40161,82.24821
pos,1522927380000,1.74643,84.00258
pos,1523190600000,18.33099,85.23502
pos,1523453820000,35.12516,85.98842
pos,1523717040000,51.88570,86.00321
pos,1523980260000,68.55049,83.87231
pos,1524243480000,84.57742,60.13553
pos,1524506700000,77.56403,288.34111
pos,1524769920000,61.23143,282.07398
pos,1525033140000,44.86489,281.73727
pos,1525296360000,28.62051,282.88575
pos,1525559580000,12.58898,284.97293
pos,1525822800000,-3.27550,288.07578
pos,1526086020000,-18.63865,292.63605
pos,1526349240000,-33.25853,299.63198
pos,1526612460000,-46.43878,311.09717
pos,1526875680000,-56.51539,330.68364
pos,1527138900000,-60.24633,359.93474
pos,1527402120000,-55.58381,28.16202
pos,1527665340000,-45.12964,46.26033
pos,1527928560000,-31.98189,56.64827
pos,1528191780000,-17.63842,62.74971
pos,1528455000000,-2.73294,66.34177
pos,1528718220000,12.50283,68.17438
pos,1528981440000,27.70575,68.36819
pos,1529244660000,42.82682,66.35520
pos,1529507880000,57.48605,59.96539
pos,1529771100000,70.39008,41.03899
pos,1530034320000,75.43492,350.13168
pos,1530297540000,66.71548,309.84134
pos,1530560760000,52.92252,296.50299
pos,1530823980000,37.96793,291.86619
pos,1531087200000,22.67282,290.60185
pos,1531350420000,7.35472,291.24078
pos,1531613640000,-8.06796,293.46532
pos,1531876860000,-23.09792,297.57933
pos,1532140080000,-37.49373,304.63150
pos,1532403300000,-50.43958,317.08682
pos,1532666520000,-59.86844,339.52923
pos,1532929740000,-61.85043,12.23930
pos,1533192960000,-55.00310,40.14656
pos,1533456180000,-42.97929,56.56664
pos,1533719400000,-28.71029,65.99030
pos,1533982620000,-13.40708,71.88601
pos,1534245840000,2.68654,75.91284
pos,1534509060000,18.67324,78.87168
pos,1534772280000,35.04954,81.18396
pos,1535035500000,51.59446,83.09970
pos,1535298720000,68.25830,84.82294
pos,1535561940000,85.01078,87.32754
pos,1535825160000,78.16434,266.55265
pos,1536088380000,61.28962,268.11629
pos,1536351600000,44.37635,269.39372
pos,1536614820000,27.44054,270.64646
pos,1536878040000,10.52352,271.96542
pos,1537141260000,-6.53305,273.44840
pos,1537404480000,-23.49820,275.25878
pos,1537667700000,-40.42841,277.75313
pos,1537930920000,-57.26367,281.98063
pos,1538194140000,-73.73375,293.15451
pos,1538457360000,-84.18173,20.73535
pos,1538720580000,-70.61988,78.54117
pos,1538983800000,-54.16733,87.61273
pos,1539247020000,-37.55419,92.00750
pos,1539510240000,-20.98656,95.38117
pos,1539773460000,-4.55122,98.73153
pos,1540036680000,11.73015,102.68581
pos,1540299900000,27.50095,108.04495
pos,1540563120000,42.54934,116.34408
pos,1540826340000,55.90686,131.11014
pos,1541089560000,64.82618,159.21351
pos,1541352780000,64.31727,197.50391
pos,1541616000000,54.88651,223.72966
pos,1541879220000,41.56637,237.14802
pos,1542142440000,26.84348,244.35579
pos,1542405660000,11.59527,248.48003
pos,1542668880000,-3.98857,250.75263
pos,1542932100000,-19.54161,251.56693
pos,1543195320000,-35.00249,250.73908
pos,1543458540000,-50.17026,247.17254
pos,1543721760000,-64.48632,236.90564
pos,1543984980000,-75.28355,204.12379
pos,1544248200000,-73.28243,146.24003
pos,1544511420000,-61.11657,122.11971
pos,1544774640000,-46.71375,114.44410
pos,1545037860000,-31.79425,111.96512
pos,1545301080000,-16.77284,111.88122
pos,1545564300000,-1.83574,113.43177
pos,1545827520000,12.91830,116.60145
pos,1546090740000,27.06893,121.92183
pos,1546353960000,40.25540,130.69419
pos,1546617180000,51.37209,145.47300
pos,1546880400000,58.09320,169.20304
pos,1547143620000,57.48879,197.94574
pos,1547406840000,49.82886,220.47649
pos,1547670060000,38.10417,234.38597
pos,1547933280000,24.42696,242.83191
pos,1548196500000,9.79185,248.20990
pos,1548459720000,-5.54717,251.75200
pos,1548722940000,-21.14852,254.02644
pos,1548986160000,-36.97831,255.17138
pos,1549249380000,-52.94296,254.76194
pos,1549512600000,-68.88195,250.32959
pos,1549775820000,-83.36116,214.58388
pos,1550039040000,-76.62855,110.55063
pos,1550302260000,-60.69032,99.31953
pos,1550565480000,-44.26364,97.08652
pos,1550828700000,-27.69374,96.89193
pos,1551091920000,-11.05344,97.60957
pos,1551355140000,5.75768,99.01118
pos,1551618360000,22.31832,101.22190
pos,1551881580000,38.87963,104.78815
pos,1552144800000,55.18498,111.41311
pos,1552408020000,70.46035,128.14852
pos,1552671240000,78.82867,188.69926
pos,1552934460000,68.98019,243.02369
pos,1553197680000,53.50580,258.26896
pos,1553460900000,37.16751,265.10085
pos,1553724120000,20.62829,269.57036
pos,1553987340000,4.18046,273.36507
pos,1554250560000,-12.49685,277.33164
pos,1554513780000,-28.77245,282.31681
pos,1554777000000,-44.55294,289.84850
pos,1555040220000,-59.06619,303.85725
pos,1555303440000,-69.46194,335.05464
pos,1555566660000,-68.61085,22.87736
pos,1555829880000,-57.44025,50.78679
pos,1556093100000,-42.83233,63.07667
pos,1556356320000,-27.18853,69.34589
pos,1556619540000,-11.17157,72.90382
pos,1556882760000,5.13061,74.89503
pos,1557145980000,21.17778,75.65349
pos,1557409200000,37.22895,74.96944
pos,1557672420000,53.04294,71.67780
pos,1557935640000,68.09470,60.97412
pos,1558198860000,78.89695,17.08707
pos,1558462080000,72.96634,312.70698
pos,1558725300000,58.82070,295.67549
pos,1558988520000,43.54463,290.97513
pos,1559251740000,28.09466,290.00553
pos,1559514960000,12.74014,290.92531
pos,1559778180000,-2.49840,293.34542
pos,1560041400000,-17.25888,297.48715
pos,1560304620000,-31.28078,304.15147
pos,1560567840000,-43.87987,315.04209
pos,1560831060000,-53.55091,333.00333
pos,1561094280000,-57.56325,359.13870
pos,1561357500000,-53.97531,25.60818
pos,1561620720000,-44.55186,44.07292
pos,1561883940000,-32.07193,55.28833
pos,1562147160000,-18.10861,62.13642
pos,1562410380000,-3.37812,66.38710
pos,1562673600000,11.85027,68.88031
pos,1562936820000,27.19450,69.86316
pos,1563200040000,42.64362,68.98115
pos,1563463260000,57.93090,64.50753
pos,1563726480000,72.16559,48.57817
pos,1563989700000,78.91377,347.49823
pos,1564252920000,68.75552,300.59088
pos,1564516140000,53.81421,288.99736
pos,1564779360000,38.03026,285.43376
pos,1565042580000,21.98777,284.63584
pos,1565305800000,5.92740,285.33750
pos,1565569020000,-10.35833,287.29541
pos,1565832240000,-26.37527,290.82298
pos,1566095460000,-42.01758,297.02794
pos,1566358680000,-56.63289,309.08043
pos,1566621900000,-67.91819,336.02201
pos,1566885120000,-69.25927,22.75721
pos,1567148340000,-59.25630,54.64372
pos,1567411560000,-44.88144,69.14679
pos,1567674780000,-29.14251,76.89808
pos,1567938000000,-12.86777,81.97072
pos,1568201220000,3.84309,85.94591
pos,1568464440000,20.32090,89.67913
pos,1568727660000,36.92220,93.99022
pos,1568990880000,53.36337,100.46879
pos,1569254100000,69.05948,114.84871
pos,1569517320000,79.51070,169.42872
pos,1569780540000,71.06953,233.27951
pos,1570043760000,55.60058,249.73426
pos,1570306980000,39.17574,256.13682
pos,1570570200000,22.51894,259.59647
pos,1570833420000,5.86890,261.77419
pos,1571096640000,-11.02653,263.20236
pos,1571359860000,-27.75645,264.01529
pos,1571623080000,-44.42488,264.02876
pos,1571886300000,-60.97431,262.26325
pos,1572149520000,-77.13593,252.34698
pos,1572412740000,-83.73542,138.72349
pos,1572675960000,-68.66849,107.40078
pos,1572939180000,-52.56025,103.96712
pos,1573202400000,-36.47576,103.94246
pos,1573465620000,-20.54139,105.29047
pos,1573728840000,-4.84390,107.69817
pos,1573992060000,10.57691,111.35338
pos,1574255280000,25.29185,116.86739
pos,1574518500000,39.01676,125.54458
pos,1574781720000,50.71234,139.92759
pos,1575044940000,58.14523,163.28166
pos,1575308160000,58.26061,192.53667
pos,1575571380000,51.06400,215.94241
pos,1575834600000,39.65044,230.25142
pos,1576097820000,26.29334,238.68889
pos,1576361040000,12.04658,243.77992
pos,1576624260000,-2.76681,246.77307
pos,1576887480000,-17.72451,248.15840
pos,1577150700000,-32.73474,247.87490
pos,1577413920000,-47.60235,245.07325
pos,1577677140000,-61.86867,236.68397
pos,1577940360000,-73.59150,210.64062
pos,1578203580000,-74.60008,153.40177
pos,1578466800000,-63.55354,122.96981
pos,1578730020000,-49.27285,113.20152
pos,1578993240000,-34.18247,109.77527
pos,1579256460000,-18.81511,109.02149
pos,1579519680000,-3.36964,109.90932
pos,1579782900000,12.08646,112.28252
pos,1580046120000,27.18623,116.56003
pos,1580309340000,41.71213,124.00732
pos,1580572560000,54.74462,137.75414
pos,1580835780000,63.75789,163.98187
pos,1581099000000,63.98334,201.02257
pos,1581362220000,55.14741,228.25660
pos,1581625440000,41.95467,242.87348
pos,1581888660000,27.04975,251.18460
pos,1582151880000,11.39879,256.55988
pos,1582415100000,-4.78582,260.49892
pos,1582678320000,-21.13913,263.78351
pos,1582941540000,-37.64231,267.00472
pos,1583204760000,-54.21671,271.05370
pos,1583467980000,-70.69893,279.12518
pos,1583731200000,-84.82830,334.83628
pos,1583994420000,-74.20658,69.04433
pos,1584257640000,-57.67589,79.22250
pos,1584520860000,-40.85120,83.08848
pos,1584784080000,-23.94740,85.41888
pos,1585047300000,-7.01262,87.15463
pos,1585310520000,10.01760,88.62002
pos,1585573740000,26.90305,89.97568
pos,1585836960000,43.81221,91.34631
pos,1586100180000,60.70037,92.93472
pos,1586363400000,77.54600,95.73767
pos,1586626620000,85.59205,266.13364
pos,1586889840000,68.88960,273.84822
pos,1587153060000,52.24411,276.13222
pos,1587416280000,35.71141,278.23867
pos,1587679500000,19.34036,280.62442
pos,1587942720000,3.32237,283.59335
pos,1588205940000,-12.75557,287.57489
pos,1588469160000,-28.09700,293.35103
pos,1588732380000,-42.45114,302.52620
pos,1588995600000,-54.66772,318.48328
pos,1589258820000,-61.91189,345.93009
pos,1589522040000,-60.39006,19.06533
pos,1589785260000,-51.19882,42.20553
pos,1590048480000,-38.34184,55.03108
pos,1590311700000,-23.98181,62.26195
pos,1590574920000,-8.96749,66.47798
pos,1590838140000,6.46299,68.77985
pos,1591101360000,21.77159,69.50295
pos,1591364580000,37.07764,68.37022
pos,1591627800000,52.06704,64.01822
pos,1591891020000,65.98367,51.52823
pos,1592154240000,75.26888,13.43797
pos,1592417460000,71.03835,320.93795
pos,1592680680000,58.34075,300.68298
pos,1592943900000,43.73022,293.89399
pos,1593207120000,28.62192,291.71712
pos,1593470340000,13.41534,291.81509
pos,1593733560000,-1.82462,293.56618
pos,1593996780000,-16.74855,297.05920
pos,1594260000000,-31.12815,303.00313
pos,1594523220000,-44.35449,313.09650
pos,1594786440000,-54.99697,330.64960
pos,1595049660000,-60.05275,358.31711
pos,1595312880000,-56.77459,27.77487
pos,1595576100000,-46.96609,47.87560
pos,1595839320000,-33.90899,59.67045
pos,1596102540000,-19.34545,66.83925
pos,1596365760000,-4.00862,71.48423
pos,1596628980000,11.84790,74.61779
pos,1596892200000,27.87068,76.69229
pos,1597155420000,44.11104,77.77603
pos,1597418640000,60.47050,77.28091
pos,1597681860000,76.77451,70.71894
pos,1597945080000,84.89634,307.98919
pos,1598208300000,69.16948,277.54387
pos,1598471520000,52.51919,274.78025
pos,1598734740000,35.75105,274.59820
pos,1598997960000,18.94217,275.27697
pos,1599261180000,2.30280,276.49366
pos,1599524400000,-14.81848,278.27658
pos,1599787620000,-31.63342,280.92950
pos,1600050840000,-48.31927,285.35721
pos,1600314060000,-64.58487,294.81843
pos,1600577280000,-78.45991,328.95755
pos,1600840500000,-75.91728,52.26921
pos,1601103720000,-61.03131,76.52181
pos,1601366940000,-44.70544,84.76764
pos,1601630160000,-28.12440,89.53005
pos,1601893380000,-11.52199,93.30367
pos,1602156600000,5.14266,97.05477
pos,1602419820000,21.33439,101.53470
pos,1602683040000,37.20311,107.86489
pos,1602946260000,52.15476,118.54625
pos,1603209480000,64.55021,140.21593
pos,1603472700000,69.26303,181.68405
pos,1603735920000,62.17604,218.77040
pos,1603999140000,49.08705,236.55374
pos,1604262360000,34.13057,245.22399
pos,1604525580000,18.54199,249.99078
pos,1604788800000,2.87590,252.71006
pos,1605052020000,-13.26673,254.03149
pos,1605315240000,-29.12373,254.00519
pos,1605578460000,-44.79636,252.02447
pos,1605841680000,-59.98885,245.76618
pos,1606104900000,-73.42651,225.04852
pos,1606368120000,-77.35069,162.33969
pos,1606631340000,-66.56094,124.74764
pos,1606894560000,-52.13733,114.52265
pos,1607157780000,-37.07939,111.38930
pos,1607421000000,-21.92647,111.02730
pos,1607684220000,-6.87620,112.34502
pos,1607947440000,8.02318,115.18500
pos,1608210660000,22.28263,119.92294
pos,1608473880000,35.72760,127.56856
pos,1608737100000,47.47081,140.14815
pos,1609000320000,55.68288,160.54730
pos,1609263540000,57.53298,187.85507
pos,1609526760000,52.05170,212.39583
pos,1609789980000,41.64882,228.55040
pos,1610053200000,28.76571,238.38814
pos,1610316420000,14.66178,244.52927
pos,1610579640000,0.27972,248.44902
pos,1610842860000,-15.41485,250.84057
pos,1611106080000,-30.86484,251.89262
pos,1611369300000,-46.43203,251.22620
pos,1611632520000,-61.91479,246.94121
pos,1611895740000,-76.40230,228.16590
pos,1612158960000,-80.05655,144.44310
pos,1612422180000,-66.75203,110.12967
pos,1612685400000,-51.04625,103.07866
pos,1612948620000,-34.90540,101.11642
pos,1613211840000,-18.59996,100.99994
pos,1613475060000,-2.22202,101.96641
pos,1613738280000,14.22429,103.93185
pos,1614001500000,30.49332,107.26703
pos,1614264720000,46.51476,113.16545
pos,1614527940000,61.69185,125.47602
pos,1614791160000,73.33299,158.64152
pos,1615054380000,71.99797,217.46091
pos,1615317600000,59.30065,245.71988
pos,1615580820000,43.81055,257.00574
pos,1615844040000,27.58858,263.21517
pos,1616107260000,11.14138,267.63081
pos,1616370480000,-5.50920,271.51419
pos,1616633700000,-22.04267,275.67997
pos,1616896920000,-38.38651,281.16022
pos,1617160140000,-54.19810,290.27390
pos,1617423360000,-68.22334,310.71010
pos,1617686580000,-74.45403,2.08241
pos,1617949800000,-65.85620,46.84134
pos,1618213020000,-51.32890,63.52892
pos,1618476240000,-35.45119,70.94952
pos,1618739460000,-19.15990,74.98867
pos,1619002680000,-2.72368,77.37591
pos,1619265900000,13.80867,78.68131
pos,1619529120000,30.20493,78.96171
pos,1619792340000,46.50845,77.71941
pos,1620055560000,62.51460,72.83243
pos,1620318780000,77.19948,51.81184
pos,1620582000000,79.47559,324.99312
pos,1620845220000,65.75110,295.06631
pos,1621108440000,50.18987,289.05019
pos,1621371660000,34.44159,287.82248
pos,1621634880000,18.78112,288.56806
pos,1621898100000,3.46393,290.70032
pos,1622161320000,-11.85835,294.31639
pos,1622424540000,-26.36311,300.02449
pos,1622687760000,-39.74156,309.18472
pos,1622950980000,-50.85563,324.35184
pos,1623214200000,-57.34986,348.17866
pos,1623477420000,-56.46543,16.28616
pos,1623740640000,-48.70196,38.04409
pos,1624003860000,-37.02129,51.44649
pos,1624267080000,-23.47186,59.48376
pos,1624530300000,-9.00347,64.39279
pos,1624793520000,6.07847,67.28584
pos,1625056740000,21.18058,68.57583
pos,1625319960000,36.43332,68.10399
pos,1625583180000,51.55425,64.73831
pos,1625846400000,65.94328,54.09434
pos,1626109620000,76.50214,17.17993
pos,1626372840000,72.79047,317.47703
pos,1626636060000,59.56843,296.26969
pos,1626899280000,44.44668,289.67035
pos,1627162500000,28.81808,287.56726
pos,1627425720000,13.03751,287.55393
pos,1627688940000,-2.87336,289.00255
pos,1627952160000,-18.60707,291.98335
pos,1628215380000,-34.01422,297.20909
pos,1628478600000,-48.60562,306.64094
pos,1628741820000,-60.97710,325.32267
pos,1629005040000,-67.02557,0.72530
pos,1629268260000,-62.14299,38.07570
pos,1629531480000,-50.09874,58.82800
pos,1629794700000,-35.40631,69.57497
pos,1630057920000,-19.68288,76.00853
pos,1630321140000,-3.47575,80.48248
pos,1630584360000,13.05666,84.07784
pos,1630847580000,29.62535,87.48112
pos,1631110800000,46.27326,91.49401
pos,1631374020000,62.83517,98.16181
pos,1631637240000,78.52036,120.05695
pos,1631900460000,80.04555,225.48223
pos,1632163680000,64.64186,252.44457
pos,1632426900000,47.98895,259.26542
pos,1632690120000,31.14242,262.62845
pos,1632953340000,14.26086,264.80569
pos,1633216560000,-2.72959,266.42974
pos,1633479780000,-19.64912,267.73842
pos,1633743000000,-36.54354,268.81746
pos,1634006220000,-53.39956,269.62257
pos,1634269440000,-70.20114,269.67568
pos,1634532660000,-86.84211,257.13879
pos,1634795880000,-76.32735,98.64525
pos,1635059100000,-59.76473,98.11854
pos,1635322320000,-43.30892,99.27537
pos,1635585540000,-27.00216,101.09042
pos,1635848760000,-10.89688,103.55042
pos,1636111980000,5.07624,106.89919
pos,1636375200000,20.34144,111.66323
pos,1636638420000,34.94056,118.90777
pos,1636901640000,48.06828,130.83777
pos,1637164860000,57.94717,151.42845
pos,1637428080000,61.14672,181.93264
pos,1637691300000,55.84154,210.17625
pos,1637954520000,45.02226,227.65509
pos,1638217740000,31.74899,237.56273
pos,1638480960000,17.42354,243.36204
pos,1638744180000,2.77187,246.76276
pos,1639007400000,-12.51892,248.47154
pos,1639270620000,-27.61770,248.59147
pos,1639533840000,-42.58813,246.56700
pos,1639797060000,-57.08918,240.33018
pos,1640060280000,-69.92398,222.28971
pos,1640323500000,-75.48655,173.42934
pos,1640586720000,-67.48138,131.62604
pos,1640849940000,-54.05471,117.35464
pos,1641113160000,-39.36972,112.31731
pos,1641376380000,-24.30270,110.80817
pos,1641639600000,-9.13118,111.23368
pos,1641902820000,6.11769,113.20550
pos,1642166040000,20.91119,116.94069
pos,1642429260000,35.24073,123.31741
pos,1642692480000,48.36646,134.42778
pos,1642955700000,58.58002,154.43874
pos,1643218920000,62.28501,185.67214
pos,1643482140000,57.08587,215.55680
pos,1643745360000,45.95784,234.00513
pos,1644008580000,32.17682,244.54225
pos,1644271800000,17.20448,251.04766
pos,1644535020000,1.82623,255.45346
pos,1644798240000,-14.47301,258.69465
pos,1645061460000,-30.71849,261.27539
pos,1645324680000,-47.13714,263.53962
pos,1645587900000,-63.68261,265.93131
pos,1645851120000,-80.30722,270.81082
pos,1646114340000,-82.85445,79.10398
pos,1646377560000,-66.09958,85.52444
pos,1646640780000,-49.25818,87.58004
pos,1646904000000,-32.37259,89.09569
pos,1647167220000,-15.45686,90.48310
pos,1647430440000,1.77978,91.90226
pos,1647693660000,18.46269,93.49603
pos,1647956880000,35.36420,95.49932
pos,1648220100000,52.23626,98.50017
pos,1648483320000,68.96669,104.86686
pos,1648746540000,84.27069,144.20731
pos,1649009760000,76.05577,256.44801
pos,1649272980000,59.62941,267.83827
pos,1649536200000,42.99879,272.31466
pos,1649799420000,26.41621,275.55341
pos,1650062640000,9.99413,278.69433
pos,1650325860000,-6.36336,282.33366
pos,1650589080000,-22.29158,287.14969
pos,1650852300000,-37.58965,294.35624
pos,1651115520000,-51.54906,306.62762
pos,1651378740000,-62.16633,329.69995
pos,1651641960000,-64.89331,6.15102
pos,1651905180000,-57.75726,36.83183
pos,1652168400000,-45.32288,53.37101
pos,1652431620000,-30.90298,62.12268
pos,1652694840000,-15.70119,67.08460
pos,1652958060000,0.30844,69.89757
pos,1653221280000,15.52154,71.15489
pos,1653484500000,31.09447,70.83407
pos,1653747720000,46.47124,68.13330
pos,1654010940000,61.20967,60.11131
pos,1654274160000,73.46727,34.88496
pos,1654537380000,74.95792,336.36989
pos,1654800600000,63.85184,305.03533
pos,1655063820000,49.50899,295.36272
pos,1655327040000,34.46447,292.18816
pos,1655590260000,19.27398,291.77140
pos,1655853480000,4.25273,293.10528
pos,1656116700000,-10.84446,296.07918
pos,1656379920000,-25.28706,301.16081
pos,1656643140000,-38.78252,309.57484
pos,1656906360000,-50.29192,323.78681
pos,1657169580000,-57.55960,346.90225
pos,1657432800000,-57.53233,15.77175
pos,1657696020000,-50.17474,38.98451
pos,1657959240000,-38.50132,53.36068
pos,1658222460000,-24.75962,62.01813
pos,1658485680000,-9.98490,67.45808
pos,1658748900000,5.50581,70.96331
pos,1659012120000,21.09193,73.10498
pos,1659275340000,36.97300,73.97443
pos,1659538560000,52.96220,72.98529
pos,1659801780000,68.81968,67.01507
pos,1660065000000,82.48988,26.39377
pos,1660328220000,75.65996,295.15122
pos,1660591440000,59.93114,282.16352
pos,1660854660000,43.55159,279.27336
pos,1661117880000,27.00413,278.82468
pos,1661381100000,10.42104,279.49065
pos,1661644320000,-6.31625,280.99717
pos,1661907540000,-22.93420,283.49800
pos,1662170760000,-39.41343,287.66480
pos,1662433980000,-55.48298,295.57740
pos,1662697200000,-70.03357,315.35246
pos,1662960420000,-76.47290,13.20645
pos,1663223640000,-66.64782,59.93743
pos,1663486860000,-51.46309,75.47152
pos,1663750080000,-35.22934,82.76409
pos,1664013300000,-18.69500,87.49872
pos,1664276520000,-2.08291,91.41249
pos,1664539740000,14.54591,95.38860
pos,1664802960000,30.90753,100.29672
pos,1665066180000,46.86333,107.73222
pos,1665329400000,61.64060,122.10743
pos,1665592620000,72.05294,157.12641
pos,1665855840000,69.70308,209.61018
pos,1666119060000,57.28931,235.54752
pos,1666382280000,42.13716,246.33264
pos,1666645500000,26.22440,251.82302
pos,1666908720000,10.08887,254.96595
pos,1667171940000,-6.26210,256.74198
pos,1667435160000,-22.50915,257.41769
pos,1667698380000,-38.65506,256.75936
pos,1667961600000,-54.55930,253.58109
pos,1668224820000,-69.73410,242.73183
pos,1668488040000,-80.29015,192.53517
pos,1668751260000,-72.71647,127.80198
pos,1669014480000,-58.15831,113.50708
pos,1669277700000,-42.80864,109.75885
pos,1669540920000,-27.37908,109.22903
pos,1669804140000,-12.06758,110.39413
pos,1670067360000,3.20596,112.96686
pos,1670330580000,17.66443,117.20572
pos,1670593800000,31.51268,123.91700
pos,1670857020000,43.95460,134.77290
pos,1671120240000,53.52547,152.53120
pos,1671383460000,57.59677,178.29646
pos,1671646680000,54.25642,204.60656
pos,1671909900000,45.14041,223.18897
pos,1672173120000,32.95902,234.56641
pos,1672436340000,19.28875,241.54909
pos,1672699560000,4.93169,245.91315
pos,1672962780000,-10.13063,248.52103
pos,1673226000000,-25.27784,249.65871
pos,1673489220000,-40.52169,249.06751
pos,1673752440000,-55.65351,245.36769
pos,1674015660000,-70.00684,232.64702
pos,1674278880000,-79.03547,181.79190
pos,1674542100000,-71.27525,124.95228
pos,1674805320000,-56.85658,110.18356
pos,1675068540000,-41.32187,105.68953
pos,1675331760000,-25.44617,104.43853
pos,1675594980000,-9.43282,104.79706
pos,1675858200000,6.73627,106.37515
pos,1676121420000,22.62613,109.34241
pos,1676384640000,38.32551,114.51566
pos,1676647860000,53.31754,124.24550
pos,1676911080000,66.04224,145.62469
pos,1677174300000,70.97588,190.14416
pos,1677437520000,63.26712,229.38044
pos,1677700740000,49.55160,247.16341
pos,1677963960000,34.06749,256.06508
pos,1678227180000,17.95321,261.61172
pos,1678490400000,1.78400,265.79835
pos,1678753620000,-15.06439,269.59396
pos,1679016840000,-31.62013,273.78932
pos,1679280060000,-48.03328,279.66737
pos,1679543280000,-63.88033,291.03361
pos,1679806500000,-76.73994,326.44870
pos,1680069720000,-74.37072,38.59260
pos,1680332940000,-60.19767,64.19787
pos,1680596160000,-44.10092,73.02076
pos,1680859380000,-27.56781,77.42061
pos,1681122600000,-10.89338,80.05339
pos,1681385820000,5.95806,81.72795
pos,1681649040000,22.56773,82.68762
pos,1681912260000,39.20925,82.83190
pos,1682175480000,55.75689,81.43156
pos,1682438700000,72.00761,74.70414
pos,1682701920000,84.68906,10.09390
pos,1682965140000,73.29632,293.18182
pos,1683228360000,57.33871,285.78294
pos,1683491580000,41.22719,284.65395
pos,1683754800000,25.21549,285.44395
pos,1684018020000,9.43885,287.42842
pos,1684281240000,-6.17925,290.63316
pos,1684544460000,-21.21252,295.52650
pos,1684807680000,-35.37787,303.19037
pos,1685070900000,-47.84311,315.82090
pos,1685334120000,-56.71053,336.84034
pos,1685597340000,-58.82077,5.77383
pos,1685860560000,-53.05776,31.48576
pos,1686123780000,-42.23431,47.75796
pos,1686387000000,-29.02452,57.29405
pos,1686650220000,-14.70861,62.99733
pos,1686913440000,0.58759,66.37128
pos,1687176660000,15.33108,68.04015
pos,1687439880000,30.50871,68.03541
pos,1687703100000,45.59402,65.63710
pos,1687966320000,60.15478,58.15882
pos,1688229540000,72.51894,35.03541
pos,1688492760000,75.07776,338.79498
pos,1688755980000,64.58745,304.83662
pos,1689019200000,50.29395,294.05786
pos,1689282420000,35.10134,290.33565
pos,1689545640000,19.63222,289.49687
pos,1689808860000,4.20826,290.39183
pos,1690072080000,-11.44306,292.83542
pos,1690335300000,-26.63316,297.24968
pos,1690598520000,-41.15426,304.91751
pos,1690861740000,-54.05489,318.93594
pos,1691124960000,-62.76832,344.99905
pos,1691388180000,-62.77355,20.68634
pos,1691651400000,-53.98128,47.06896
pos,1691914620000,-40.85331,61.53132
pos,1692177840000,-25.96417,69.82155
pos,1692441060000,-10.26551,75.14905
pos,1692704280000,6.00179,78.96702
pos,1692967500000,22.29960,82.01344
pos,1693230720000,38.84426,84.78609
pos,1693493940000,55.50630,87.91474
pos,1693757160000,72.19685,93.57130
pos,1694020380000,87.19630,160.85820
pos,1694283600000,73.59976,257.71940
pos,1694546820000,56.76574,263.61278
pos,1694810040000,39.83106,266.22672
pos,1695073260000,22.87095,268.04809
pos,1695336480000,5.97609,269.59980
pos,1695599700000,-11.15234,271.10085
pos,1695862920000,-28.13313,272.72633
pos,1696126140000,-45.08560,274.75532
pos,1696389360000,-61.97975,278.00271
pos,1696652580000,-78.66883,287.85999
pos,1696915800000,-83.44500,68.46240
pos,1697179020000,-67.13118,88.47065
pos,1697442240000,-50.49900,92.98591
pos,1697705460000,-33.93115,95.97165
pos,1697968680000,-17.49585,98.80790
pos,1698231900000,-1.26084,102.04203
pos,1698495120000,14.72412,106.20606
pos,1698758340000,30.09740,112.16399
pos,1699021560000,44.49629,121.67488
pos,1699284780000,56.68069,138.55261
pos,1699548000000,63.52090,168.06279
pos,1699811220000,61.07565,202.34522
pos,1700074440000,51.15329,224.75156
pos,1700337660000,37.94056,236.79137
pos,1700600880000,23.44065,243.52284
pos,1700864100000,8.44336,247.42877
pos,1701127320000,-6.94202,249.52923
pos,1701390540000,-22.27418,250.11539
pos,1701653760000,-37.50226,248.88784
pos,1701916980000,-52.38112,244.47626
pos,1702180200000,-66.17886,231.98387
pos,1702443420000,-75.41055,194.02636
pos,1702706640000,-71.30390,141.39363
pos,1702969860000,-58.78778,120.98104
pos,1703233080000,-44.37331,114.10728
pos,1703496300000,-29.46442,111.85730
pos,1703759520000,-14.43679,111.86855
pos,1704022740000,0.91972,113.49461
pos,1704285960000,15.31938,116.78120
pos,1704549180000,29.53010,122.34583
pos,1704812400000,42.73154,131.68336
pos,1705075620000,53.67849,147.76632
pos,1705338840000,59.69975,173.68951
pos,1705602060000,57.79539,203.43528
pos,1705865280000,48.98128,225.05101
pos,1706128500000,36.51833,237.93856
pos,1706391720000,22.35743,245.75223
pos,1706654940000,7.38399,250.80538
pos,1706918160000,-8.27734,254.24329
pos,1707181380000,-24.14459,256.60873
pos,1707444600000,-40.23029,258.08391
pos,1707707820000,-56.46658,258.41079
pos,1707971040000,-72.76357,255.51468
pos,1708234260000,-87.17626,186.37056
pos,1708497480000,-73.65341,97.42360
pos,1708760700000,-57.09681,93.80531
pos,1709023920000,-40.40039,93.50857
pos,1709287140000,-23.63844,94.10500
pos,1709550360000,-6.83744,95.18403
pos,1709813580000,10.06629,96.71847
pos,1710076800000,26.81946,98.90170
pos,1710340020000,43.54726,102.31734
pos,1710603240000,60.06439,108.88391
pos,1710866460000,75.54799,128.79163
pos,1711129680000,80.18722,216.04578
pos,1711392900000,66.40015,254.68955
pos,1711656120000,50.15937,264.52130
pos,1711919340000,33.60220,269.56132
pos,1712182560000,17.02763,273.32881
pos,1712445780000,0.85329,276.93716
pos,1712709000000,-15.88525,281.10579
pos,1712972220000,-31.86672,286.76646
pos,1713235440000,-47.09609,295.80775
pos,1713498660000,-60.42496,312.99354
pos,1713761880000,-68.13622,347.59213
pos,1714025100000,-64.57324,28.58188
pos,1714288320000,-52.91931,51.30065
pos,1714551540000,-38.45205,62.21529
pos,1714814760000,-23.02437,68.06977
pos,1715077980000,-7.22622,71.41690
pos,1715341200000,8.80088,73.18801
pos,1715604420000,24.66841,73.59921
pos,1715867640000,40.45619,72.26250
pos,1716130860000,55.89080,67.51473
pos,1716394080000,70.11927,52.55400
pos,1716657300000,77.87585,0.38427
pos,1716920520000,69.66991,310.26978
pos,1717183740000,55.55413,296.19896
pos,1717446960000,40.44212,291.89828
pos,1717710180000,25.14449,291.00993
pos,1717973400000,9.93906,291.99293
pos,1718236620000,-5.18769,294.53672
pos,1718499840000,-19.80420,298.92554
pos,1718763060000,-33.62776,306.06896
pos,1719026280000,-45.87883,317.86952
pos,1719289500000,-54.84732,337.29729
pos,1719552720000,-57.65086,4.43714
pos,1719815940000,-52.84419,30.03226
pos,1720079160000,-42.67360,47.15194
pos,1720342380000,-29.78222,57.50439
pos,1720605600000,-15.55717,63.88445
pos,1720868820000,-0.07354,67.89431
pos,1721132040000,14.77112,70.27951
pos,1721395260000,30.30767,71.23408
pos,1721658480000,45.95454,70.33541
pos,1721921700000,61.45918,65.52935
pos,1722184920000,75.76145,45.65981
pos,1722448140000,79.23506,327.39924
pos,1722711360000,66.28095,292.60994
pos,1722974580000,50.64026,284.90404
pos,1723237800000,34.50611,282.68989
pos,1723501020000,18.21267,282.50937
pos,1723764240000,2.06579,283.53967
pos,1724027460000,-14.57578,285.70160
pos,1724290680000,-30.80439,289.42764
pos,1724553900000,-46.65710,296.07879
pos,1724817120000,-61.39043,309.88165
pos,1725080340000,-71.87167,344.26111
pos,1725343560000,-69.68654,36.78283
pos,1725606780000,-57.24298,63.32785
pos,1725870000000,-41.92679,74.77576
pos,1726133220000,-25.76376,81.18701
pos,1726396440000,-9.27788,85.69677
pos,1726659660000,7.44450,89.56516
pos,1726922880000,23.98305,93.60311
pos,1727186100000,40.45089,98.82789
pos,1727449320000,56.49717,107.61682
pos,1727712540000,70.90470,128.92775
pos,1727975760000,76.47506,189.50246
pos,1728238980000,65.98728,233.51922
pos,1728502200000,50.71369,247.70487
pos,1728765420000,34.50723,253.98023
pos,1729028640000,18.04220,257.46262
pos,1729291860000,1.72647,259.58180
pos,1729555080000,-15.15937,260.80107
pos,1729818300000,-31.68919,261.15274
pos,1730081520000,-48.11024,260.17354
pos,1730344740000,-64.27715,255.81822
pos,1730607960000,-79.26240,233.85219
pos,1730871180000,-79.60263,134.05169
pos,1731134400000,-64.88909,111.10840
pos,1731397620000,-49.12670,106.93647
pos,1731660840000,-33.31979,106.45290
pos,1731924060000,-17.64640,107.59276
pos,1732187280000,-2.21712,109.97379
pos,1732450500000,12.89288,113.77300
pos,1732713720000,27.26043,119.64306
pos,1732976940000,40.49929,128.98253
pos,1733240160000,51.44597,144.38147
pos,1733503380000,57.74162,168.43262
pos,1733766600000,56.70067,196.51139
pos,1734029820000,48.92293,218.07261
pos,1734293040000,37.34691,231.33561
pos,1734556260000,23.97215,239.30334
pos,1734819480000,9.74982,244.18490
pos,1735082700000,-5.07373,247.08103
pos,1735345920000,-20.04574,248.41200
pos,1735609140000,-35.09527,248.05963
pos,1735872360000,-50.02394,245.04325
pos,1736135580000,-64.32744,235.68539
pos,1736398800000,-75.57655,204.32495
pos,1736662020000,-74.09679,143.51895
pos,1736925240000,-61.71911,118.26359
pos,1737188460000,-46.95280,110.42523
pos,1737451680000,-31.56366,107.77758
pos,1737714900000,-15.94762,107.40647
pos,1737978120000,0.23052,108.51511
pos,1738241340000,15.41747,111.05607
pos,1738504560000,30.77707,115.56072
pos,1738767780000,45.54159,123.56526
pos,1739031000000,58.65926,139.11105
pos,1739294220000,66.90986,170.35725
pos,1739557440000,64.76990,210.69125
pos,1739820660000,53.96396,235.51872
pos,1740083880000,39.75791,248.04688
pos,1740347100000,24.29742,255.26220
pos,1740610320000,8.32044,260.13009
pos,1740873540000,-8.12045,263.94581
pos,1741136760000,-24.62088,267.46266
pos,1741399980000,-41.18669,271.43798
pos,1741663200000,-57.68233,277.46493
pos,1741926420000,-73.59134,292.63162
pos,1742189640000,-82.03138,13.37175
pos,1742452860000,-69.23570,65.43343
pos,1742716080000,-52.92728,75.89400
pos,1742979300000,-36.20504,80.34948
pos,1743242520000,-19.36621,82.98290
pos,1743505740000,-2.48783,84.80755
pos,1743768960000,14.45747,86.16994
pos,1744032180000,31.29448,87.17788
pos,1744295400000,48.12243,87.74942
pos,1744558620000,64.89993,87.28397
pos,1744821840000,81.51137,79.93557
pos,1745085060000,81.36392,287.14123
pos,1745348280000,64.89698,280.21746
pos,1745611500000,48.42292,280.19180
pos,1745874720000,32.07026,281.46192
pos,1746137940000,15.90794,283.53073
pos,1746401160000,0.37922,286.48120
pos,1746664380000,-15.65354,290.71000
pos,1746927600000,-30.57471,297.07520
pos,1747190820000,-44.27599,307.36977
pos,1747454040000,-55.35700,325.08331
pos,1747717260000,-60.77212,353.32953
pos,1747980480000,-57.63630,23.58983
pos,1748243700000,-47.88498,43.88429
pos,1748506920000,-34.98269,55.44008
pos,1748770140000,-20.71545,62.13795
pos,1749033360000,-5.82217,66.08381
pos,1749296580000,9.45065,68.18836
pos,1749559800000,24.67153,68.68185
pos,1749823020000,39.85308,67.15714
pos,1750086240000,54.66055,61.91009
pos,1750349460000,68.11986,46.69929
pos,1750612680000,75.56137,2.25876
pos,1750875900000,69.03026,315.11690
pos,1751139120000,55.76316,298.49704
pos,1751402340000,40.97902,292.78629
pos,1751665560000,25.76788,291.03761
pos,1751928780000,10.48010,291.36983
pos,1752192000000,-4.87488,293.31144
pos,1752455220000,-19.89681,297.04941
pos,1752718440000,-34.35210,303.44357
pos,1752981660000,-47.54971,314.54421
pos,1753244880000,-57.78363,334.36033
pos,1753508100000,-61.52321,5.00238
pos,1753771320000,-56.42370,34.46114
pos,1754034540000,-45.35468,52.87295
pos,1754297760000,-31.56903,63.43740
pos,1754560980000,-16.54427,69.92631
pos,1754824200000,-0.87649,74.24857
pos,1755087420000,15.22673,77.31484
pos,1755350640000,31.48668,79.57020
pos,1755613860000,47.93763,81.19557
pos,1755877080000,64.51769,82.03793
pos,1756140300000,81.17247,79.50434
pos,1756403520000,81.95514,273.69685
pos,1756666740000,65.16419,270.41506
pos,1756929960000,48.29600,270.77988
pos,1757193180000,31.39236,271.67690
pos,1757456400000,14.48572,272.82917
pos,1757719620000,-2.52612,274.23662
pos,1757982840000,-19.47079,276.02517
pos,1758246060000,-36.38049,278.52133
pos,1758509280000,-53.19184,282.65323
pos,1758772500000,-69.66056,292.31457
pos,1759035720000,-82.90494,345.68852
pos,1759298940000,-73.81077,70.35496
pos,1759562160000,-57.68145,84.12454
pos,1759825380000,-41.10545,89.66221
pos,1760088600000,-24.50009,93.42322
pos,1760351820000,-7.98215,96.84683
pos,1760615040000,8.45584,100.64498
pos,1760878260000,24.40962,105.56390
pos,1761141480000,39.80953,112.91738
pos,1761404700000,53.88490,125.70431
pos,1761667920000,64.42668,150.74726
pos,1761931140000,66.27624,190.31516
pos,1762194360000,57.99399,220.74961
pos,1762457580000,44.93042,236.11480
pos,1762720800000,30.21235,244.10468
pos,1762984020000,14.88841,248.61605
pos,1763247240000,-0.19347,251.15405
pos,1763510460000,-16.42505,252.23862
pos,1763773680000,-32.01248,251.80679
pos,1764036900000,-47.36248,249.02136
pos,1764300120000,-62.05446,240.83195
pos,1764563340000,-74.20249,214.58030
pos,1764826560000,-75.17994,154.34767
pos,1765089780000,-63.82230,124.14048
pos,1765353000000,-49.51961,114.98113
pos,1765616220000,-34.59848,112.00807
pos,1765879440000,-19.55574,111.67165
pos,1766142660000,-4.58991,113.01718
pos,1766405880000,10.22312,115.93727
pos,1766669100000,24.43877,120.86490
pos,1766932320000,37.79464,128.92642
pos,1767195540000,49.32247,142.38191
dia,2001-01-01,393.702,1090.507
dia,2001-01-15,398.159,1097.664
dia,2001-02-01,399.513,1104.528
dia,2001-02-15,397.076,1107.898
dia,2001-03-01,392.008,1109.330
dia,2001-03-15,385.119,1109.307
dia,2001-04-01,375.828,1108.496
dia,2001-04-15,368.578,1108.070
dia,2001-05-01,362.048,1108.785
dia,2001-05-15,358.596,1110.760
dia,2001-06-01,357.736,1114.662
dia,2001-06-15,359.429,1118.247
dia,2001-07-01,363.012,1121.407
dia,2001-07-15,366.354,1122.187
dia,2001-08-01,369.334,1119.817
dia,2001-08-15,370.278,1115.065
dia,2001-09-01,369.685,1106.636
dia,2001-09-15,368.287,1098.427
dia,2001-10-01,366.692,1088.973
dia,2001-10-15,366.197,1081.782
dia,2001-11-01,367.847,1075.894
dia,2001-11-15,371.579,1074.321
dia,2001-12-01,378.319,1076.605
dia,2001-12-15,385.462,1081.781
dia,2002-01-01,393.590,1090.364
dia,2002-01-15,398.113,1097.556
dia,2002-02-01,399.511,1104.432
dia,2002-02-15,397.150,1107.865
dia,2002-03-01,392.101,1109.305
dia,2002-03-15,385.253,1109.322
dia,2002-04-01,375.947,1108.493
dia,2002-04-15,368.702,1108.081
dia,2002-05-01,362.116,1108.748
dia,2002-05-15,358.645,1110.728
dia,2002-06-01,357.710,1114.587
dia,2002-06-15,359.399,1118.204
dia,2002-07-01,362.939,1121.362
dia,2002-07-15,366.315,1122.209
dia,2002-08-01,369.295,1119.870
dia,2002-08-15,370.289,1115.179
dia,2002-09-01,369.698,1106.768
dia,2002-09-15,368.326,1098.583
dia,2002-10-01,366.705,1089.106
dia,2002-10-15,366.203,1081.898
dia,2002-11-01,367.796,1075.944
dia,2002-11-15,371.499,1074.320
dia,2002-12-01,378.194,1076.533
dia,2002-12-15,385.339,1081.671
dia,2003-01-01,393.491,1090.236
dia,2003-01-15,398.062,1097.442
dia,2003-02-01,399.538,1104.369
dia,2003-02-15,397.225,1107.833
dia,2003-03-01,392.223,1109.314
dia,2003-03-15,385.401,1109.352
dia,2003-04-01,376.105,1108.536
dia,2003-04-15,368.840,1108.106
dia,2003-05-01,362.226,1108.762
dia,2003-05-15,358.706,1110.706
dia,2003-06-01,357.730,1114.560
dia,2003-06-15,359.367,1118.156
dia,2003-07-01,362.904,1121.356
dia,2003-07-15,366.261,1122.213
dia,2003-08-01,369.281,1119.946
dia,2003-08-15,370.270,1115.267
dia,2003-09-01,369.724,1106.909
dia,2003-09-15,368.333,1098.710
dia,2003-10-01,366.727,1089.245
dia,2003-10-15,366.178,1081.988
dia,2003-11-01,367.756,1076.002
dia,2003-11-15,371.395,1074.301
dia,2003-12-01,378.083,1076.471
dia,2003-12-15,385.193,1081.543
dia,2004-01-01,393.394,1090.109
dia,2004-01-15,397.990,1097.307
dia,2004-02-01,399.550,1104.288
dia,2004-02-15,397.275,1107.776
dia,2004-03-01,391.892,1109.347
dia,2004-03-15,384.984,1109.310
dia,2004-04-01,375.690,1108.497
dia,2004-04-15,368.465,1108.092
dia,2004-05-01,361.974,1108.830
dia,2004-05-15,358.572,1110.835
dia,2004-06-01,357.761,1114.746
dia,2004-06-15,359.493,1118.331
dia,2004-07-01,363.079,1121.445
dia,2004-07-15,366.417,1122.185
dia,2004-08-01,369.357,1119.739
dia,2004-08-15,370.280,1114.948
dia,2004-09-01,369.650,1106.472
dia,2004-09-15,368.255,1098.260
dia,2004-10-01,366.661,1088.809
dia,2004-10-15,366.204,1081.659
dia,2004-11-01,367.896,1075.828
dia,2004-11-15,371.684,1074.330
dia,2004-12-01,378.456,1076.682
dia,2004-12-15,385.621,1081.918
dia,2005-01-01,393.711,1090.517
dia,2005-01-15,398.190,1097.702
dia,2005-02-01,399.505,1104.530
dia,2005-02-15,397.088,1107.926
dia,2005-03-01,391.990,1109.327
dia,2005-03-15,385.123,1109.331
dia,2005-04-01,375.808,1108.494
dia,2005-04-15,368.586,1108.099
dia,2005-05-01,362.037,1108.790
dia,2005-05-15,358.615,1110.796
dia,2005-06-01,357.733,1114.670
dia,2005-06-15,359.455,1118.279
dia,2005-07-01,363.008,1121.404
dia,2005-07-15,366.372,1122.199
dia,2005-08-01,369.322,1119.797
dia,2005-08-15,370.281,1115.052
dia,2005-09-01,369.667,1106.606
dia,2005-09-15,368.280,1098.402
dia,2005-10-01,366.676,1088.943
dia,2005-10-15,366.196,1081.762
dia,2005-11-01,367.850,1075.882
dia,2005-11-15,371.591,1074.318
dia,2005-12-01,378.339,1076.617
dia,2005-12-15,385.485,1081.797
dia,2006-01-01,393.616,1090.393
dia,2006-01-15,398.122,1097.571
dia,2006-02-01,399.525,1104.460
dia,2006-02-15,397.140,1107.869
dia,2006-03-01,392.099,1109.322
dia,2006-03-15,385.242,1109.328
dia,2006-04-01,375.950,1108.519
dia,2006-04-15,368.698,1108.095
dia,2006-05-01,362.137,1108.791
dia,2006-05-15,358.659,1110.756
dia,2006-06-01,357.756,1114.645
dia,2006-06-15,359.425,1118.234
dia,2006-07-01,362.992,1121.413
dia,2006-07-15,366.335,1122.221
dia,2006-08-01,369.333,1119.893
dia,2006-08-15,370.287,1115.163
dia,2006-09-01,369.714,1106.764
dia,2006-09-15,368.309,1098.550
dia,2006-10-01,366.711,1089.092
dia,2006-10-15,366.184,1081.864
dia,2006-11-01,367.807,1075.938
dia,2006-11-15,371.492,1074.302
dia,2006-12-01,378.217,1076.545
dia,2006-12-15,385.340,1081.670
dia,2007-01-01,393.507,1090.255
dia,2007-01-15,398.057,1097.445
dia,2007-02-01,399.532,1104.374
dia,2007-02-15,397.205,1107.828
dia,2007-03-01,392.206,1109.313
dia,2007-03-15,385.369,1109.336
dia,2007-04-01,376.083,1108.530
dia,2007-04-15,368.816,1108.100
dia,2007-05-01,362.217,1108.768
dia,2007-05-15,358.703,1110.718
dia,2007-06-01,357.741,1114.578
dia,2007-06-15,359.391,1118.186
dia,2007-07-01,362.928,1121.374
dia,2007-07-15,366.292,1122.237
dia,2007-08-01,369.293,1119.942
dia,2007-08-15,370.291,1115.271
dia,2007-09-01,369.716,1106.883
dia,2007-09-15,368.341,1098.699
dia,2007-10-01,366.709,1089.211
dia,2007-10-15,366.184,1081.977
dia,2007-11-01,367.742,1075.976
dia,2007-11-15,371.417,1074.310
dia,2007-12-01,378.084,1076.465
dia,2007-12-15,385.230,1081.578
dia,2008-01-01,393.402,1090.122
dia,2008-01-15,398.024,1097.352
dia,2008-02-01,399.550,1104.303
dia,2008-02-15,397.292,1107.811
dia,2008-03-01,391.879,1109.353
dia,2008-03-15,384.990,1109.339
dia,2008-04-01,375.675,1108.502
dia,2008-04-15,368.473,1108.119
dia,2008-05-01,361.968,1108.841
dia,2008-05-15,358.594,1110.871
dia,2008-06-01,357.775,1114.770
dia,2008-06-15,359.529,1118.368
dia,2008-07-01,363.105,1121.467
dia,2008-07-15,366.453,1122.207
dia,2008-08-01,369.379,1119.747
dia,2008-08-15,370.295,1114.943
dia,2008-09-01,369.657,1106.461
dia,2008-09-15,368.246,1098.232
dia,2008-10-01,366.654,1088.786
dia,2008-10-15,366.183,1081.623
dia,2008-11-01,367.887,1075.807
dia,2008-11-15,371.657,1074.294
dia,2008-12-01,378.451,1076.673
dia,2008-12-15,385.596,1081.892
dia,2009-01-01,393.711,1090.523
dia,2009-01-15,398.162,1097.683
dia,2009-02-01,399.502,1104.543
dia,2009-02-15,397.058,1107.910
dia,2009-03-01,391.983,1109.340
dia,2009-03-15,385.097,1109.321
dia,2009-04-01,375.808,1108.514
dia,2009-04-15,368.568,1108.097
dia,2009-05-01,362.053,1108.824
dia,2009-05-15,358.616,1110.807
dia,2009-06-01,357.773,1114.716
dia,2009-06-15,359.474,1118.299
dia,2009-07-01,363.062,1121.449
dia,2009-07-15,366.398,1122.213
dia,2009-08-01,369.370,1119.824
dia,2009-08-15,370.300,1115.053
dia,2009-09-01,369.699,1106.614
dia,2009-09-15,368.291,1098.395
dia,2009-10-01,366.698,1088.943
dia,2009-10-15,366.200,1081.751
dia,2009-11-01,367.860,1075.877
dia,2009-11-15,371.592,1074.310
dia,2009-12-01,378.339,1076.612
dia,2009-12-15,385.476,1081.790
dia,2010-01-01,393.598,1090.380
dia,2010-01-15,398.103,1097.563
dia,2010-02-01,399.491,1104.437
dia,2010-02-15,397.115,1107.861
dia,2010-03-01,392.067,1109.304
dia,2010-03-15,385.215,1109.319
dia,2010-04-01,375.921,1108.504
dia,2010-04-15,368.684,1108.099
dia,2010-05-01,362.121,1108.786
dia,2010-05-15,358.664,1110.774
dia,2010-06-01,357.752,1114.644
dia,2010-06-15,359.449,1118.257
dia,2010-07-01,362.994,1121.407
dia,2010-07-15,366.362,1122.234
dia,2010-08-01,369.330,1119.875
dia,2010-08-15,370.310,1115.166
dia,2010-09-01,369.707,1106.739
dia,2010-09-15,368.329,1098.549
dia,2010-10-01,366.704,1089.069
dia,2010-10-15,366.206,1081.869
dia,2010-11-01,367.804,1075.924
dia,2010-11-15,371.516,1074.316
dia,2010-12-01,378.211,1076.537
dia,2010-12-15,385.356,1081.687
dia,2011-01-01,393.492,1090.247
dia,2011-01-15,398.052,1097.451
dia,2011-02-01,399.505,1104.362
dia,2011-02-15,397.184,1107.823
dia,2011-03-01,392.172,1109.295
dia,2011-03-15,385.354,1109.339
dia,2011-04-01,376.061,1108.527
dia,2011-04-15,368.815,1108.114
dia,2011-05-01,362.217,1108.781
dia,2011-05-15,358.721,1110.745
dia,2011-06-01,357.764,1114.606
dia,2011-06-15,359.418,1118.208
dia,2011-07-01,362.956,1121.394
dia,2011-07-15,366.312,1122.241
dia,2011-08-01,369.314,1119.947
dia,2011-08-15,370.294,1115.255
dia,2011-09-01,369.730,1106.878
dia,2011-09-15,368.334,1098.675
dia,2011-10-01,366.722,1089.206
dia,2011-10-15,366.177,1081.956
dia,2011-11-01,367.761,1075.982
dia,2011-11-15,371.408,1074.294
dia,2011-12-01,378.100,1076.479
dia,2011-12-15,385.210,1081.559
dia,2012-01-01,393.399,1090.127
dia,2012-01-15,397.980,1097.317
dia,2012-02-01,399.522,1104.288
dia,2012-02-15,397.233,1107.764
dia,2012-03-01,391.843,1109.331
dia,2012-03-15,384.931,1109.291
dia,2012-04-01,375.647,1108.486
dia,2012-04-15,368.430,1108.087
dia,2012-05-01,361.961,1108.844
dia,2012-05-15,358.575,1110.858
dia,2012-06-01,357.790,1114.784
dia,2012-06-15,359.532,1118.368
dia,2012-07-01,363.129,1121.479
dia,2012-07-15,366.460,1122.203
dia,2012-08-01,369.393,1119.743
dia,2012-08-15,370.300,1114.931
dia,2012-09-01,369.661,1106.446
dia,2012-09-15,368.252,1098.222
dia,2012-10-01,366.659,1088.774
dia,2012-10-15,366.197,1081.623
dia,2012-11-01,367.898,1075.806
dia,2012-11-15,371.687,1074.317
dia,2012-12-01,378.466,1076.685
dia,2012-12-15,385.625,1081.926
dia,2013-01-01,393.709,1090.529
dia,2013-01-15,398.171,1097.706
dia,2013-02-01,399.473,1104.526
dia,2013-02-15,397.043,1107.912
dia,2013-03-01,391.940,1109.309
dia,2013-03-15,385.069,1109.309
dia,2013-04-01,375.760,1108.477
dia,2013-04-15,368.548,1108.089
dia,2013-05-01,362.015,1108.791
dia,2013-05-15,358.610,1110.808
dia,2013-06-01,357.748,1114.691
dia,2013-06-15,359.484,1118.304
dia,2013-07-01,363.043,1121.422
dia,2013-07-15,366.408,1122.210
dia,2013-08-01,369.348,1119.790
dia,2013-08-15,370.301,1115.037
dia,2013-09-01,369.673,1106.576
dia,2013-09-15,368.284,1098.372
dia,2013-10-01,366.672,1088.907
dia,2013-10-15,366.196,1081.734
dia,2013-11-01,367.847,1075.858
dia,2013-11-15,371.595,1074.307
dia,2013-12-01,378.338,1076.611
dia,2013-12-15,385.484,1081.800
dia,2014-01-01,393.600,1090.392
dia,2014-01-15,398.099,1097.570
dia,2014-02-01,399.484,1104.446
dia,2014-02-15,397.095,1107.854
dia,2014-03-01,392.045,1109.300
dia,2014-03-15,385.194,1109.311
dia,2014-04-01,375.904,1108.502
dia,2014-04-15,368.665,1108.089
dia,2014-05-01,362.115,1108.791
dia,2014-05-15,358.655,1110.769
dia,2014-06-01,357.766,1114.660
dia,2014-06-15,359.448,1118.252
dia,2014-07-01,363.018,1121.423
dia,2014-07-15,366.363,1122.223
dia,2014-08-01,369.353,1119.882
dia,2014-08-15,370.301,1115.143
dia,2014-09-01,369.721,1106.736
dia,2014-09-15,368.312,1098.519
dia,2014-10-01,366.713,1089.064
dia,2014-10-15,366.186,1081.839
dia,2014-11-01,367.814,1075.924
dia,2014-11-15,371.498,1074.294
dia,2014-12-01,378.223,1076.546
dia,2014-12-15,385.338,1081.671
dia,2015-01-01,393.494,1090.256
dia,2015-01-15,398.027,1097.436
dia,2015-02-01,399.492,1104.360
dia,2015-02-15,397.152,1107.804
dia,2015-03-01,392.155,1109.291
dia,2015-03-15,385.316,1109.312
dia,2015-04-01,376.041,1108.517
dia,2015-04-15,368.781,1108.090
dia,2015-05-01,362.200,1108.771
dia,2015-05-15,358.695,1110.725
dia,2015-06-01,357.752,1114.594
dia,2015-06-15,359.406,1118.195
dia,2015-07-01,362.950,1121.380
dia,2015-07-15,366.306,1122.227
dia,2015-08-01,369.306,1119.925
dia,2015-08-15,370.294,1115.242
dia,2015-09-01,369.718,1106.852
dia,2015-09-15,368.339,1098.666
dia,2015-10-01,366.713,1089.184
dia,2015-10-15,366.190,1081.957
dia,2015-11-01,367.756,1075.969
dia,2015-11-15,371.433,1074.312
dia,2015-12-01,378.100,1076.476
dia,2015-12-15,385.237,1081.589
dia,2016-01-01,393.394,1090.128
dia,2016-01-15,398.000,1097.349
dia,2016-02-01,399.508,1104.286
dia,2016-02-15,397.243,1107.789
dia,2016-03-01,391.824,1109.325
dia,2016-03-15,384.938,1109.313
dia,2016-04-01,375.629,1108.481
dia,2016-04-15,368.439,1108.109
dia,2016-05-01,361.947,1108.839
dia,2016-05-15,358.589,1110.880
dia,2016-06-01,357.782,1114.780
dia,2016-06-15,359.546,1118.379
dia,2016-07-01,363.120,1121.466
dia,2016-07-15,366.467,1122.200
dia,2016-08-01,369.380,1119.721
dia,2016-08-15,370.294,1114.913
dia,2016-09-01,369.647,1106.421
dia,2016-09-15,368.240,1098.197
dia,2016-10-01,366.648,1088.753
dia,2016-10-15,366.188,1081.602
dia,2016-11-01,367.898,1075.799
dia,2016-11-15,371.679,1074.302
dia,2016-12-01,378.472,1076.690
dia,2016-12-15,385.617,1081.917
dia,2017-01-01,393.715,1090.541
dia,2017-01-15,398.154,1097.695
dia,2017-02-01,399.474,1104.539
dia,2017-02-15,397.019,1107.898
dia,2017-03-01,391.936,1109.320
dia,2017-03-15,385.050,1109.301
dia,2017-04-01,375.765,1108.497
dia,2017-04-15,368.536,1108.088
dia,2017-05-01,362.034,1108.824
dia,2017-05-15,358.612,1110.817
dia,2017-06-01,357.783,1114.732
dia,2017-06-15,359.493,1118.312
dia,2017-07-01,363.082,1121.455
dia,2017-07-15,366.412,1122.206
dia,2017-08-01,369.376,1119.805
dia,2017-08-15,370.295,1115.020
dia,2017-09-01,369.689,1106.577
dia,2017-09-15,368.276,1098.352
dia,2017-10-01,366.688,1088.907
dia,2017-10-15,366.193,1081.721
dia,2017-11-01,367.868,1075.865
dia,2017-11-15,371.605,1074.310
dia,2017-12-01,378.365,1076.631
dia,2017-12-15,385.498,1081.814
dia,2018-01-01,393.618,1090.412
dia,2018-01-15,398.107,1097.586
dia,2018-02-01,399.483,1104.453
dia,2018-02-15,397.091,1107.863
dia,2018-03-01,392.038,1109.303
dia,2018-03-15,385.179,1109.310
dia,2018-04-01,375.889,1108.499
dia,2018-04-15,368.656,1108.094
dia,2018-05-01,362.107,1108.793
dia,2018-05-15,358.659,1110.783
dia,2018-06-01,357.765,1114.663
dia,2018-06-15,359.466,1118.273
dia,2018-07-01,363.018,1121.419
dia,2018-07-15,366.378,1122.233
dia,2018-08-01,369.340,1119.860
dia,2018-08-15,370.308,1115.139
dia,2018-09-01,369.696,1106.702
dia,2018-09-15,368.313,1098.507
dia,2018-10-01,366.686,1089.027
dia,2018-10-15,366.191,1081.832
dia,2018-11-01,367.796,1075.898
dia,2018-11-15,371.517,1074.303
dia,2018-12-01,378.221,1076.540
dia,2018-12-15,385.373,1081.703
dia,2019-01-01,393.505,1090.270
dia,2019-01-15,398.063,1097.478
dia,2019-02-01,399.501,1104.381
dia,2019-02-15,397.175,1107.841
dia,2019-03-01,392.153,1109.304
dia,2019-03-15,385.334,1109.348
dia,2019-04-01,376.040,1108.533
dia,2019-04-15,368.800,1108.126
dia,2019-05-01,362.209,1108.795
dia,2019-05-15,358.726,1110.768
dia,2019-06-01,357.777,1114.628
dia,2019-06-15,359.443,1118.235
dia,2019-07-01,362.979,1121.409
dia,2019-07-15,366.338,1122.251
dia,2019-08-01,369.327,1119.938
dia,2019-08-15,370.303,1115.238
dia,2019-09-01,369.725,1106.846
dia,2019-09-15,368.325,1098.639
dia,2019-10-01,366.706,1089.166
dia,2019-10-15,366.165,1081.920
dia,2019-11-01,367.749,1075.951
dia,2019-11-15,371.405,1074.275
dia,2019-12-01,378.101,1076.471
dia,2019-12-15,385.218,1081.565
dia,2020-01-01,393.406,1090.141
dia,2020-01-15,397.984,1097.336
dia,2020-02-01,399.520,1104.308
dia,2020-02-15,397.225,1107.782
dia,2020-03-01,391.832,1109.348
dia,2020-03-15,384.920,1109.309
dia,2020-04-01,375.638,1108.508
dia,2020-04-15,368.427,1108.113
dia,2020-05-01,361.968,1108.877
dia,2020-05-15,358.591,1110.895
dia,2020-06-01,357.819,1114.826
dia,2020-06-15,359.565,1118.404
dia,2020-07-01,363.167,1121.511
dia,2020-07-15,366.491,1122.219
dia,2020-08-01,369.419,1119.747
dia,2020-08-15,370.313,1114.919
dia,2020-09-01,369.668,1106.425
dia,2020-09-15,368.249,1098.191
dia,2020-10-01,366.655,1088.743
dia,2020-10-15,366.188,1081.589
dia,2020-11-01,367.894,1075.780
dia,2020-11-15,371.681,1074.293
dia,2020-12-01,378.467,1076.675
dia,2020-12-15,385.622,1081.918
dia,2021-01-01,393.708,1090.532
dia,2021-01-15,398.162,1097.708
dia,2021-02-01,399.459,1104.531
dia,2021-02-15,397.024,1107.916
dia,2021-03-01,391.921,1109.318
dia,2021-03-15,385.049,1109.318
dia,2021-04-01,375.750,1108.496
dia,2021-04-15,368.543,1108.114
dia,2021-05-01,362.025,1108.830
dia,2021-05-15,358.630,1110.853
dia,2021-06-01,357.784,1114.742
dia,2021-06-15,359.526,1118.353
dia,2021-07-01,363.088,1121.462
dia,2021-07-15,366.448,1122.237
dia,2021-08-01,369.378,1119.799
dia,2021-08-15,370.321,1115.032
dia,2021-09-01,369.681,1106.557
dia,2021-09-15,368.287,1098.346
dia,2021-10-01,366.669,1088.876
dia,2021-10-15,366.194,1081.705
dia,2021-11-01,367.844,1075.831
dia,2021-11-15,371.598,1074.289
dia,2021-12-01,378.338,1076.597
dia,2021-12-15,385.487,1081.796
dia,2022-01-01,393.592,1090.386
dia,2022-01-15,398.088,1097.569
dia,2022-02-01,399.459,1104.438
dia,2022-02-15,397.068,1107.849
dia,2022-03-01,392.013,1109.292
dia,2022-03-15,385.166,1109.312
dia,2022-04-01,375.881,1108.509
dia,2022-04-15,368.656,1108.112
dia,2022-05-01,362.119,1108.825
dia,2022-05-15,358.680,1110.820
dia,2022-06-01,357.804,1114.717
dia,2022-06-15,359.502,1118.314
dia,2022-07-01,363.071,1121.473
dia,2022-07-15,366.416,1122.263
dia,2022-08-01,369.390,1119.899
dia,2022-08-15,370.330,1115.145
dia,2022-09-01,369.733,1106.720
dia,2022-09-15,368.317,1098.495
dia,2022-10-01,366.712,1089.034
dia,2022-10-15,366.186,1081.811
dia,2022-11-01,367.817,1075.900
dia,2022-11-15,371.504,1074.278
dia,2022-12-01,378.233,1076.540
dia,2022-12-15,385.345,1081.671
dia,2023-01-01,393.496,1090.259
dia,2023-01-15,398.015,1097.433
dia,2023-02-01,399.468,1104.354
dia,2023-02-15,397.117,1107.789
dia,2023-03-01,392.115,1109.276
dia,2023-03-15,385.274,1109.298
dia,2023-04-01,376.006,1108.512
dia,2023-04-15,368.754,1108.094
dia,2023-05-01,362.194,1108.796
dia,2023-05-15,358.704,1110.761
dia,2023-06-01,357.788,1114.649
dia,2023-06-15,359.451,1118.250
dia,2023-07-01,363.008,1121.436
dia,2023-07-15,366.358,1122.268
dia,2023-08-01,369.352,1119.950
dia,2023-08-15,370.323,1115.246
dia,2023-09-01,369.736,1106.840
dia,2023-09-15,368.343,1098.640
dia,2023-10-01,366.713,1089.154
dia,2023-10-15,366.184,1081.922
dia,2023-11-01,367.757,1075.942
dia,2023-11-15,371.435,1074.290
dia,2023-12-01,378.111,1076.470
dia,2023-12-15,385.245,1081.587
dia,2024-01-01,393.398,1090.133
dia,2024-01-15,397.992,1097.350
dia,2024-02-01,399.486,1104.280
dia,2024-02-15,397.207,1107.775
dia,2024-03-01,391.781,1109.307
dia,2024-03-15,384.888,1109.293
dia,2024-04-01,375.584,1108.466
dia,2024-04-15,368.401,1108.104
dia,2024-05-01,361.927,1108.849
dia,2024-05-15,358.587,1110.906
dia,2024-06-01,357.804,1114.821
dia,2024-06-15,359.587,1118.431
dia,2024-07-01,363.171,1121.515
dia,2024-07-15,366.523,1122.243
dia,2024-08-01,369.426,1119.744
dia,2024-08-15,370.334,1114.923
dia,2024-09-01,369.668,1106.410
dia,2024-09-15,368.255,1098.178
dia,2024-10-01,366.651,1088.723
dia,2024-10-15,366.192,1081.574
dia,2024-11-01,367.897,1075.769
dia,2024-11-15,371.687,1074.285
dia,2024-12-01,378.478,1076.678
dia,2024-12-15,385.628,1081.919
dia,2025-01-01,393.716,1090.543
dia,2025-01-15,398.148,1097.699
dia,2025-02-01,399.448,1104.532
dia,2025-02-15,396.985,1107.888
dia,2025-03-01,391.889,1109.300
dia,2025-03-15,385.002,1109.283
dia,2025-04-01,375.714,1108.478
dia,2025-04-15,368.496,1108.080
dia,2025-05-01,362.004,1108.825
dia,2025-05-15,358.602,1110.835
dia,2025-06-01,357.794,1114.762
dia,2025-06-15,359.523,1118.352
dia,2025-07-01,363.124,1121.495
dia,2025-07-15,366.461,1122.241
dia,2025-08-01,369.420,1119.825
dia,2025-08-15,370.332,1115.028
dia,2025-09-01,369.716,1106.569
dia,2025-09-15,368.293,1098.334
dia,2025-10-01,366.699,1088.884
dia,2025-10-15,366.199,1081.693
dia,2025-11-01,367.876,1075.844
dia,2025-11-15,371.611,1074.290
dia,2025-12-01,378.376,1076.624
dia,2025-12-15,385.502,1081.809
